<?xml version="1.0" encoding="us-ascii"?>
<XML ID="EQInterfaceDefinitionLanguage">
  <Schema xmlns="EverQuestData" xmlns:dt="EverQuestDataTypes" />
  <Label item="VIDW_VideoResolutionsLabel">
    <ScreenID>VIDW_VideoResolutionsLabel</ScreenID>
    <RelativePosition>true</RelativePosition>
    <Location>
      <X>3</X>
      <Y>-1</Y>
    </Location>
    <Size>
      <CX>87</CX>
      <CY>14</CY>
    </Size>
    <Text>Resolutions</Text>
    <TextColor>
      <R>255</R>
      <G>255</G>
      <B>255</B>
    </TextColor>
    <NoWrap>true</NoWrap>
    <AlignCenter>True</AlignCenter>
    <AlignRight>false</AlignRight>
    <Font>2</Font>
  </Label>
  <Listbox item="VIDW_VideoResolutionsList">
    <ScreenID>VIDW_VideoResolutionsList</ScreenID>
    <DrawTemplate>WDT_Inner</DrawTemplate>
    <RelativePosition>true</RelativePosition>
    <Location>
      <X>2</X>
      <Y>13</Y>
    </Location>
    <Size>
      <CX>89</CX>
      <CY>192</CY>
    </Size>
    <TextColor>
      <R>255</R>
      <G>255</G>
      <B>255</B>
    </TextColor>
    <Style_Border>true</Style_Border>
    <Style_VScroll>true</Style_VScroll>
    <Font>2</Font>
  </Listbox>
  <Label item="VIDW_RefreshRateLabel">
    <ScreenID>VIDW_RefreshRateLabel</ScreenID>
    <RelativePosition>true</RelativePosition>
    <Location>
      <X>20</X>
      <Y>207</Y>
    </Location>
    <Size>
      <CX>55</CX>
      <CY>14</CY>
    </Size>
    <Text>Refresh</Text>
    <TextColor>
      <R>255</R>
      <G>255</G>
      <B>255</B>
    </TextColor>
    <NoWrap>true</NoWrap>
    <AlignCenter>True</AlignCenter>
    <AlignRight>false</AlignRight>
    <Font>2</Font>
  </Label>
  <Label item="VIDW_BitDepthLabel">
    <ScreenID>VIDW_BitDepthLabel</ScreenID>
    <RelativePosition>true</RelativePosition>
    <Location>
      <X>12</X>
      <Y>239</Y>
    </Location>
    <Size>
      <CX>70</CX>
      <CY>14</CY>
    </Size>
    <Text>Bit Depth</Text>
    <TextColor>
      <R>255</R>
      <G>255</G>
      <B>255</B>
    </TextColor>
    <NoWrap>true</NoWrap>
    <AlignCenter>True</AlignCenter>
    <AlignRight>false</AlignRight>
    <Font>2</Font>
  </Label>
  <Combobox item="VIDW_RefreshRateCombobox">
    <ScreenID>VIDW_RefreshRateCombobox</ScreenID>
    <DrawTemplate>WDT_Inner</DrawTemplate>
    <Location>
      <X>2</X>
      <Y>221</Y>
    </Location>
    <Size>
      <CX>89</CX>
      <CY>17</CY>
    </Size>
    <TextColor>
      <R>255</R>
      <G>255</G>
      <B>255</B>
    </TextColor>
    <ListHeight>200</ListHeight>
    <Button>BDT_Combo</Button>
    <Style_Border>true</Style_Border>
    <Font>2</Font>
  </Combobox>
  <Combobox item="VIDW_BitDepthCombobox">
    <ScreenID>VIDW_BitDepthCombobox</ScreenID>
    <DrawTemplate>WDT_Inner</DrawTemplate>
    <Location>
      <X>2</X>
      <Y>253</Y>
    </Location>
    <Size>
      <CX>89</CX>
      <CY>17</CY>
    </Size>
    <TextColor>
      <R>255</R>
      <G>255</G>
      <B>255</B>
    </TextColor>
    <ListHeight>200</ListHeight>
    <Button>BDT_Combo</Button>
    <Style_Border>true</Style_Border>
    <Font>2</Font>
  </Combobox>
  <Button item="VIDW_AcceptButton">
    <ScreenID>VIDW_AcceptButton</ScreenID>
    <RelativePosition>true</RelativePosition>
    <Location>
      <X>12</X>
      <Y>274</Y>
    </Location>
    <Size>
      <CX>70</CX>
      <CY>20</CY>
    </Size>
    <Style_VScroll>false</Style_VScroll>
    <Style_HScroll>false</Style_HScroll>
    <Style_Transparent>false</Style_Transparent>
    <Text>Accept</Text>
    <TooltipReference>Accept the current configuration</TooltipReference>
    <TextColor>
      <R>0</R>
      <G>255</G>
      <B>0</B>
    </TextColor>
    <ButtonDrawTemplate>
      <Normal>A_BtnNormal</Normal>
      <Pressed>A_BtnPressed</Pressed>
      <Flyby>A_BtnFlyby</Flyby>
      <Disabled>A_BtnDisabled</Disabled>
      <PressedFlyby>A_BtnPressedFlyby</PressedFlyby>
    </ButtonDrawTemplate>
    <Font>2</Font>
  </Button>
  <!-- Video Modes Screen -->
  <Screen item="VideoModesWindow">
    <RelativePosition>false</RelativePosition>
    <Location>
      <X>200</X>
      <Y>200</Y>
    </Location>
    <Size>
      <CX>103</CX>
      <CY>320</CY>
    </Size>
    <Text>Sparxx</Text>
    <Style_VScroll>false</Style_VScroll>
    <Style_HScroll>false</Style_HScroll>
    <Style_Transparent>false</Style_Transparent>
    <DrawTemplate>WDT_Rounded</DrawTemplate>
    <Style_Titlebar>true</Style_Titlebar>
    <Style_Closebox>true</Style_Closebox>
    <Style_Minimizebox>False</Style_Minimizebox>
    <Style_Border>true</Style_Border>
    <Style_Sizable>false</Style_Sizable>
    <Pieces>VIDW_VideoResolutionsLabel</Pieces>
    <Pieces>VIDW_VideoResolutionsList</Pieces>
    <Pieces>VIDW_AcceptButton</Pieces>
    <Pieces>VIDW_RefreshRateLabel</Pieces>
    <Pieces>VIDW_BitDepthLabel</Pieces>
    <Pieces>VIDW_BitDepthCombobox</Pieces>
    <Pieces>VIDW_RefreshRateCombobox</Pieces>
    <Font>2</Font>
  </Screen>
</XML>