<?xml version="1.0" encoding="us-ascii"?>
<XML ID="EQInterfaceDefinitionLanguage">
  <Schema xmlns="EverQuestData" xmlns:dt="EverQuestDataTypes" />
  <Label item="NewPointMerchant_NameLabel">
    <ScreenID>NewPointMerchant_NameLabel</ScreenID>
    <RelativePosition>true</RelativePosition>
    <AutoStretch>true</AutoStretch>
    <LeftAnchorOffset>4</LeftAnchorOffset>
    <TopAnchorOffset>4</TopAnchorOffset>
    <RightAnchorOffset>4</RightAnchorOffset>
    <BottomAnchorOffset>18</BottomAnchorOffset>
    <TopAnchorToTop>true</TopAnchorToTop>
    <BottomAnchorToTop>true</BottomAnchorToTop>
    <LeftAnchorToLeft>true</LeftAnchorToLeft>
    <RightAnchorToLeft>false</RightAnchorToLeft>
    <Text>Merchant Name</Text>
    <TextColor>
      <R>255</R>
      <G>255</G>
      <B>255</B>
    </TextColor>
    <NoWrap>true</NoWrap>
    <AlignCenter>true</AlignCenter>
    <AlignRight>false</AlignRight>
    <Font>2</Font>
  </Label>
  <Listbox item="NewPointMerchant_ItemList">
    <ScreenID>NewPointMerchant_ItemList</ScreenID>
    <DrawTemplate>WDT_Inner</DrawTemplate>
    <TooltipReference>Items this merchant has for sale</TooltipReference>
    <AutoStretch>true</AutoStretch>
    <LeftAnchorOffset>76</LeftAnchorOffset>
    <TopAnchorOffset>21</TopAnchorOffset>
    <RightAnchorOffset>3</RightAnchorOffset>
    <BottomAnchorOffset>24</BottomAnchorOffset>
    <TopAnchorToTop>true</TopAnchorToTop>
    <BottomAnchorToTop>false</BottomAnchorToTop>
    <LeftAnchorToLeft>true</LeftAnchorToLeft>
    <RightAnchorToLeft>false</RightAnchorToLeft>
    <TextColor>
      <R>255</R>
      <G>255</G>
      <B>255</B>
    </TextColor>
    <Style_Border>true</Style_Border>
    <Style_VScroll>true</Style_VScroll>
    <Columns>
      <Width>180</Width>
      <Heading>Item</Heading>
    </Columns>
    <Columns>
      <Width>40</Width>
      <Heading>Price</Heading>
    </Columns>
    <Font>2</Font>
  </Listbox>
  <Label item="NewPointMerchant_PointsNameLabel">
    <ScreenID>NewPointMerchant_PointsNameLabel</ScreenID>
    <RelativePosition>true</RelativePosition>
    <AutoStretch>true</AutoStretch>
    <LeftAnchorOffset>1</LeftAnchorOffset>
    <TopAnchorOffset>29</TopAnchorOffset>
    <RightAnchorOffset>74</RightAnchorOffset>
    <BottomAnchorOffset>47</BottomAnchorOffset>
    <TopAnchorToTop>true</TopAnchorToTop>
    <BottomAnchorToTop>true</BottomAnchorToTop>
    <LeftAnchorToLeft>true</LeftAnchorToLeft>
    <RightAnchorToLeft>true</RightAnchorToLeft>
    <Text>Points</Text>
    <TextColor>
      <R>255</R>
      <G>255</G>
      <B>255</B>
    </TextColor>
    <NoWrap>true</NoWrap>
    <AlignCenter>true</AlignCenter>
    <AlignRight>false</AlignRight>
    <Font>2</Font>
  </Label>
  <Label item="NewPointMerchant_PointsAvailableLabel">
    <ScreenID>NewPointMerchant_PointsAvailableLabel</ScreenID>
    <RelativePosition>true</RelativePosition>
    <AutoStretch>true</AutoStretch>
    <LeftAnchorOffset>1</LeftAnchorOffset>
    <TopAnchorOffset>40</TopAnchorOffset>
    <RightAnchorOffset>75</RightAnchorOffset>
    <BottomAnchorOffset>57</BottomAnchorOffset>
    <TopAnchorToTop>true</TopAnchorToTop>
    <BottomAnchorToTop>true</BottomAnchorToTop>
    <LeftAnchorToLeft>true</LeftAnchorToLeft>
    <RightAnchorToLeft>true</RightAnchorToLeft>
    <Text>Available</Text>
    <TextColor>
      <R>255</R>
      <G>255</G>
      <B>255</B>
    </TextColor>
    <NoWrap>true</NoWrap>
    <AlignCenter>true</AlignCenter>
    <AlignRight>false</AlignRight>
    <Font>2</Font>
  </Label>
  <Label item="NewPointMerchant_PointsAvailableValue">
    <ScreenID>NewPointMerchant_PointsAvailableValue</ScreenID>
    <RelativePosition>true</RelativePosition>
    <TooltipReference>Points available to spend for this merchant</TooltipReference>
    <AutoStretch>true</AutoStretch>
    <LeftAnchorOffset>5</LeftAnchorOffset>
    <TopAnchorOffset>53</TopAnchorOffset>
    <RightAnchorOffset>65</RightAnchorOffset>
    <BottomAnchorOffset>67</BottomAnchorOffset>
    <TopAnchorToTop>true</TopAnchorToTop>
    <BottomAnchorToTop>true</BottomAnchorToTop>
    <LeftAnchorToLeft>true</LeftAnchorToLeft>
    <RightAnchorToLeft>true</RightAnchorToLeft>
    <Text>9999</Text>
    <TextColor>
      <R>0</R>
      <G>255</G>
      <B>0</B>
    </TextColor>
    <NoWrap>true</NoWrap>
    <AlignCenter>true</AlignCenter>
    <AlignRight>false</AlignRight>
    <Font>2</Font>
  </Label>
  <Button item="NewPointMerchant_EquipButton">
    <ScreenID>NewPointMerchant_EquipButton</ScreenID>
    <RelativePosition>true</RelativePosition>
    <AutoStretch>true</AutoStretch>
    <LeftAnchorOffset>5</LeftAnchorOffset>
    <TopAnchorOffset>20</TopAnchorOffset>
    <RightAnchorOffset>21</RightAnchorOffset>
    <BottomAnchorOffset>4</BottomAnchorOffset>
    <TopAnchorToTop>false</TopAnchorToTop>
    <BottomAnchorToTop>false</BottomAnchorToTop>
    <LeftAnchorToLeft>true</LeftAnchorToLeft>
    <RightAnchorToLeft>true</RightAnchorToLeft>
    <Style_Transparent>false</Style_Transparent>
    <Style_Checkbox>true</Style_Checkbox>
    <Text />
    <TextColor>
      <R>255</R>
      <G>255</G>
      <B>255</B>
    </TextColor>
    <ButtonDrawTemplate>
      <Normal>A_CheckBoxNormal</Normal>
      <Pressed>A_CheckBoxPressed</Pressed>
    </ButtonDrawTemplate>
  </Button>
  <Label item="NewPointMerchant_EquipLabel">
    <ScreenID>NewPointMerchant_EquipLabel</ScreenID>
    <RelativePosition>true</RelativePosition>
    <AutoStretch>true</AutoStretch>
    <LeftAnchorOffset>25</LeftAnchorOffset>
    <TopAnchorOffset>18</TopAnchorOffset>
    <RightAnchorOffset>174</RightAnchorOffset>
    <BottomAnchorOffset>2</BottomAnchorOffset>
    <TopAnchorToTop>false</TopAnchorToTop>
    <BottomAnchorToTop>false</BottomAnchorToTop>
    <LeftAnchorToLeft>true</LeftAnchorToLeft>
    <RightAnchorToLeft>true</RightAnchorToLeft>
    <Text>Show only items I can use</Text>
    <TextColor>
      <R>255</R>
      <G>255</G>
      <B>255</B>
    </TextColor>
    <NoWrap>true</NoWrap>
    <AlignCenter>false</AlignCenter>
    <AlignRight>false</AlignRight>
    <Font>2</Font>
  </Label>
  <Button item="NewPointMerchant_PurchaseButton">
    <ScreenID>NewPointMerchant_PurchaseButton</ScreenID>
    <RelativePosition>true</RelativePosition>
    <AutoStretch>true</AutoStretch>
    <LeftAnchorOffset>160</LeftAnchorOffset>
    <TopAnchorOffset>20</TopAnchorOffset>
    <RightAnchorOffset>216</RightAnchorOffset>
    <BottomAnchorOffset>3</BottomAnchorOffset>
    <TopAnchorToTop>false</TopAnchorToTop>
    <BottomAnchorToTop>false</BottomAnchorToTop>
    <LeftAnchorToLeft>true</LeftAnchorToLeft>
    <RightAnchorToLeft>true</RightAnchorToLeft>
    <Style_Transparent>false</Style_Transparent>
    <Style_Checkbox>false</Style_Checkbox>
    <TooltipReference>Purchase the selected item.</TooltipReference>
    <Text>Purchase</Text>
    <TextColor>
      <R>0</R>
      <G>255</G>
      <B>0</B>
    </TextColor>
    <ButtonDrawTemplate>
      <Normal>A_SmallBtnNormal</Normal>
      <Pressed>A_SmallBtnPressed</Pressed>
      <Flyby>A_SmallBtnFlyby</Flyby>
      <Disabled>A_SmallBtnDisabled</Disabled>
      <PressedFlyby>A_SmallBtnPressedFlyby</PressedFlyby>
    </ButtonDrawTemplate>
    <Font>2</Font>
  </Button>
  <Button item="NewPointMerchant_SellButton">
    <ScreenID>NewPointMerchant_SellButton</ScreenID>
    <RelativePosition>true</RelativePosition>
    <AutoStretch>true</AutoStretch>
    <LeftAnchorOffset>218</LeftAnchorOffset>
    <TopAnchorOffset>20</TopAnchorOffset>
    <RightAnchorOffset>275</RightAnchorOffset>
    <BottomAnchorOffset>3</BottomAnchorOffset>
    <TopAnchorToTop>false</TopAnchorToTop>
    <BottomAnchorToTop>false</BottomAnchorToTop>
    <LeftAnchorToLeft>true</LeftAnchorToLeft>
    <RightAnchorToLeft>true</RightAnchorToLeft>
    <Style_Transparent>false</Style_Transparent>
    <Style_Checkbox>false</Style_Checkbox>
    <TooltipReference>Sell back the selected item.</TooltipReference>
    <Text>Sell</Text>
    <TextColor>
      <R>255</R>
      <G>255</G>
      <B>0</B>
    </TextColor>
    <ButtonDrawTemplate>
      <Normal>A_SmallBtnNormal</Normal>
      <Pressed>A_SmallBtnPressed</Pressed>
      <Flyby>A_SmallBtnFlyby</Flyby>
      <Disabled>A_SmallBtnDisabled</Disabled>
      <PressedFlyby>A_SmallBtnPressedFlyby</PressedFlyby>
    </ButtonDrawTemplate>
    <Font>2</Font>
  </Button>
  <Button item="NewPointMerchant_DoneButton">
    <ScreenID>NewPointMerchant_DoneButton</ScreenID>
    <RelativePosition>true</RelativePosition>
    <AutoStretch>true</AutoStretch>
    <LeftAnchorOffset>38</LeftAnchorOffset>
    <TopAnchorOffset>20</TopAnchorOffset>
    <RightAnchorOffset>3</RightAnchorOffset>
    <BottomAnchorOffset>3</BottomAnchorOffset>
    <TopAnchorToTop>false</TopAnchorToTop>
    <BottomAnchorToTop>false</BottomAnchorToTop>
    <LeftAnchorToLeft>false</LeftAnchorToLeft>
    <RightAnchorToLeft>false</RightAnchorToLeft>
    <Style_Transparent>false</Style_Transparent>
    <Style_Checkbox>false</Style_Checkbox>
    <Text>Done</Text>
    <TextColor>
      <R>0</R>
      <G>255</G>
      <B>0</B>
    </TextColor>
    <ButtonDrawTemplate>
      <Normal>A_SmallBtnNormal</Normal>
      <Pressed>A_SmallBtnPressed</Pressed>
      <Flyby>A_SmallBtnFlyby</Flyby>
      <Disabled>A_SmallBtnDisabled</Disabled>
      <PressedFlyby>A_SmallBtnPressedFlyby</PressedFlyby>
    </ButtonDrawTemplate>
    <Font>2</Font>
  </Button>
  <!-- The New Point Merchant Window -->
  <Screen item="NewPointMerchantWnd">
    <RelativePosition>false</RelativePosition>
    <Location>
      <X>200</X>
      <Y>200</Y>
    </Location>
    <Size>
      <CX>510</CX>
      <CY>320</CY>
    </Size>
    <Style_VScroll>false</Style_VScroll>
    <Style_HScroll>false</Style_HScroll>
    <Style_Transparent>false</Style_Transparent>
    <Text>Sparxx - Merchant</Text>
    <DrawTemplate>WDT_Rounded</DrawTemplate>
    <Style_Titlebar>true</Style_Titlebar>
    <Style_Closebox>true</Style_Closebox>
    <Style_Minimizebox>true</Style_Minimizebox>
    <Style_Border>true</Style_Border>
    <Style_Sizable>true</Style_Sizable>
    <Pieces>NewPointMerchant_NameLabel</Pieces>
    <Pieces>NewPointMerchant_ItemList</Pieces>
    <Pieces>NewPointMerchant_PointsNameLabel</Pieces>
    <Pieces>NewPointMerchant_PointsAvailableLabel</Pieces>
    <Pieces>NewPointMerchant_PointsAvailableValue</Pieces>
    <Pieces>NewPointMerchant_EquipButton</Pieces>
    <Pieces>NewPointMerchant_EquipLabel</Pieces>
    <Pieces>NewPointMerchant_PurchaseButton</Pieces>
    <Pieces>NewPointMerchant_SellButton</Pieces>
    <Pieces>NewPointMerchant_DoneButton</Pieces>
    <Font>2</Font>
  </Screen>
</XML>