<?xml version="1.0" encoding="us-ascii"?>
<XML ID="EQInterfaceDefinitionLanguage">
	<Schema xmlns="EverQuestData" xmlns:dt="EverQuestDataTypes" />
	<TextureInfo item="map_icon.tga">
		<Size>
			<CX>64</CX>
			<CY>64</CY>
		</Size>
	</TextureInfo>
	<Ui2DAnimation item="A_MapIcon">
		<Cycle>true</Cycle>
		<Frames>
			<Texture>map_icon.tga</Texture>
			<Location>
				<X>0</X>
				<Y>0</Y>
			</Location>
			<Size>
				<CX>64</CX>
				<CY>64</CY>
			</Size>
			<Hotspot>
				<X>0</X>
				<Y>0</Y>
			</Hotspot>
			<Duration>1000</Duration>
		</Frames>
	</Ui2DAnimation>
	<ButtonDrawTemplate item="BDT_MapIcon">
		<Normal>A_MapIcon</Normal>
	</ButtonDrawTemplate>
	<Button item="MVW_MapZoneGuide">
		<ScreenID>MVW_MapZoneGuide</ScreenID>
		<AutoStretch>true</AutoStretch>
		<RelativePosition>true</RelativePosition>
		<LeftAnchorOffset>24</LeftAnchorOffset>
		<TopAnchorOffset>2</TopAnchorOffset>
		<RightAnchorOffset>2</RightAnchorOffset>
		<BottomAnchorOffset>24</BottomAnchorOffset>
		<LeftAnchorToLeft>false</LeftAnchorToLeft>
		<TopAnchorToTop>true</TopAnchorToTop>
		<RightAnchorToLeft>false</RightAnchorToLeft>
		<BottomAnchorToTop>true</BottomAnchorToTop>
		<Style_Transparent>false</Style_Transparent>
		<Style_Checkbox>false</Style_Checkbox>
		<Text>ZG</Text>
		<TooltipReference>Zone Guide</TooltipReference>
		<Template>BDT_Normal</Template>
	</Button>	
	<Button item="MVW_MapIconButton">
		<ScreenID>MVW_MapIconButton</ScreenID>
	</Button>
	<Combobox item="MVW_MapsDirCombobox">
		<ScreenID>MVW_MapsDirCombobox</ScreenID>
		<DrawTemplate>WDT_Inner</DrawTemplate>
		<AutoStretchList>true</AutoStretchList>
		<Location>
			<X>2</X>
			<Y>2</Y>
		</Location>
		<Size>
			<CX>118</CX>
			<CY>22</CY>
		</Size>
		<ListHeight>200</ListHeight>
		<Button>BDT_Combo</Button>
		<Style_Border>true</Style_Border>
	</Combobox>
	<Label item="MVW_SearchLabel">
		<ScreenID>MVW_SearchLabel</ScreenID>
		<Location>
			<X>0</X>
			<Y>4</Y>
		</Location>
		<Size>
			<CX>15</CX>
			<CY>15</CY>
		</Size>
		<Text>S:</Text>
	</Label>
	<Editbox item="MVW_SearchBox">
		<ScreenID>MVW_SearchBox</ScreenID>
		<DrawTemplate>WDT_Inner</DrawTemplate>
		<RelativePosition>true</RelativePosition>
		<AutoStretch>true</AutoStretch>
		<RelativePosition>true</RelativePosition>
		<LeftAnchorOffset>12</LeftAnchorOffset>
		<TopAnchorOffset>0</TopAnchorOffset>
		<RightAnchorOffset>130</RightAnchorOffset>
		<BottomAnchorOffset>22</BottomAnchorOffset>
		<LeftAnchorToLeft>true</LeftAnchorToLeft>
		<TopAnchorToTop>true</TopAnchorToTop>
		<RightAnchorToLeft>false</RightAnchorToLeft>
		<BottomAnchorToTop>true</BottomAnchorToTop>
		<Style_Border>true</Style_Border>
	</Editbox>
	<Button item="MVW_SearchButton">
		<ScreenID>MVW_SearchButton</ScreenID>
		<RelativePosition>true</RelativePosition>
		<AutoStretch>true</AutoStretch>
		<LeftAnchorOffset>128</LeftAnchorOffset>
		<TopAnchorOffset>0</TopAnchorOffset>
		<RightAnchorOffset>106</RightAnchorOffset>
		<BottomAnchorOffset>22</BottomAnchorOffset>
		<LeftAnchorToLeft>false</LeftAnchorToLeft>
		<TopAnchorToTop>true</TopAnchorToTop>
		<RightAnchorToLeft>false</RightAnchorToLeft>
		<BottomAnchorToTop>true</BottomAnchorToTop>
		<Text>S</Text>
		<TooltipReference>Search</TooltipReference>
		<Template>BDT_Normal</Template>
	</Button>
	<Button item="MVW_SearchClearButton">
		<ScreenID>MVW_SearchClearButton</ScreenID>
		<RelativePosition>true</RelativePosition>
		<AutoStretch>true</AutoStretch>
		<LeftAnchorOffset>104</LeftAnchorOffset>
		<TopAnchorOffset>0</TopAnchorOffset>
		<RightAnchorOffset>82</RightAnchorOffset>
		<BottomAnchorOffset>22</BottomAnchorOffset>
		<LeftAnchorToLeft>false</LeftAnchorToLeft>
		<TopAnchorToTop>true</TopAnchorToTop>
		<RightAnchorToLeft>false</RightAnchorToLeft>
		<BottomAnchorToTop>true</BottomAnchorToTop>
		<Text>CS</Text>
		<TooltipReference>Clear Search</TooltipReference>
		<Template>BDT_Normal</Template>
	</Button> 
	<Screen item="MVW_MapSearchScreen">
		<RelativePosition>true</RelativePosition>
		<AutoStretch>true</AutoStretch>
		<TopAnchorToTop>true</TopAnchorToTop>
		<TopAnchorOffset>2</TopAnchorOffset>
		<BottomAnchorToTop>true</BottomAnchorToTop>
		<BottomAnchorOffset>24</BottomAnchorOffset>
		<LeftAnchorToLeft>false</LeftAnchorToLeft>
		<LeftAnchorOffset>176</LeftAnchorOffset>
		<RightAnchorToLeft>false</RightAnchorToLeft>
		<RightAnchorOffset>-51</RightAnchorOffset>
		<Style_Transparent>true</Style_Transparent>
		<Pieces>MVW_SearchLabel</Pieces>
		<Pieces>MVW_SearchBox</Pieces>
		<Pieces>MVW_SearchButton</Pieces>
		<Pieces>MVW_SearchClearButton</Pieces>
	</Screen>
	<Button item="MVW_LoadCurrent">
		<ScreenID>MVW_LoadCurrent</ScreenID>
		<RelativePosition>true</RelativePosition>
		<Location>
			<X>0</X>
			<Y>0</Y>
		</Location>
		<Size>
			<CX>22</CX>
			<CY>22</CY>
		</Size>
		<Style_Transparent>false</Style_Transparent>
		<Style_Checkbox>false</Style_Checkbox>
		<Text>CZ</Text>
		<TooltipReference>Reset Map</TooltipReference>
		<Template>BDT_Normal</Template>
	</Button>	 
	<Button item="MVW_Find">
		<ScreenID>MVW_Find</ScreenID>
		<RelativePosition>true</RelativePosition>
		<Location>
			<X>22</X>
			<Y>0</Y>
		</Location>
		<Size>
			<CX>22</CX>
			<CY>22</CY>
		</Size>
		<Style_Transparent>false</Style_Transparent>
		<Style_Checkbox>false</Style_Checkbox>
		<Text>F</Text>
		<TooltipReference>Find</TooltipReference>
		<Template>BDT_Normal</Template>
	</Button>	 
	<Button item="MVW_EndFind">
		<ScreenID>MVW_EndFind</ScreenID>
		<RelativePosition>true</RelativePosition>
		<Location>
			<X>22</X>
			<Y>0</Y>
		</Location>
		<Size>
			<CX>22</CX>
			<CY>22</CY>
		</Size>
		<Style_Transparent>false</Style_Transparent>
		<Style_Checkbox>false</Style_Checkbox>
		<Text>EF</Text>
		<TooltipReference>End Find</TooltipReference>
		<Template>BDT_Normal</Template>
	</Button>	
	<Button item="MVW_FindAutoZoom">
		<ScreenID>MVW_FindAutoZoom</ScreenID>
		<RelativePosition>true</RelativePosition>
		<AutoStretch>true</AutoStretch>
		<TopAnchorOffset>0</TopAnchorOffset>
		<TopAnchorToTop>true</TopAnchorToTop>
		<BottomAnchorToTop>true</BottomAnchorToTop>
		<BottomAnchorOffset>22</BottomAnchorOffset>
		<LeftAnchorToLeft>false</LeftAnchorToLeft>
		<LeftAnchorOffset>68</LeftAnchorOffset>
		<RightAnchorToLeft>false</RightAnchorToLeft>
		<RightAnchorOffset>46</RightAnchorOffset>
		<Style_Transparent>false</Style_Transparent>
		<Style_Checkbox>true</Style_Checkbox>
		<Text>AZ</Text>
		<TooltipReference>Auto Zoom</TooltipReference>
		<Template>BDT_Normal</Template>
	</Button>
	<Button item="MVW_ShowGroupButton">
		<ScreenID>MVW_ShowGroupButton</ScreenID>
		<RelativePosition>true</RelativePosition>
		<AutoStretch>true</AutoStretch>
		<TopAnchorOffset>0</TopAnchorOffset>
		<TopAnchorToTop>true</TopAnchorToTop>
		<BottomAnchorToTop>true</BottomAnchorToTop>
		<BottomAnchorOffset>22</BottomAnchorOffset>
		<LeftAnchorToLeft>false</LeftAnchorToLeft>
		<LeftAnchorOffset>45</LeftAnchorOffset>
		<RightAnchorToLeft>false</RightAnchorToLeft>
		<RightAnchorOffset>23</RightAnchorOffset>
		<Style_Checkbox>true</Style_Checkbox>
		<Text>SG</Text>
		<TooltipReference>Show Group Members</TooltipReference>
		<Template>BDT_Normal</Template>
	</Button>
		<Button item="MVW_ShowNamesButton">
		<ScreenID>MVW_ShowNamesButton</ScreenID>
		<RelativePosition>true</RelativePosition>
		<AutoStretch>true</AutoStretch>
		<TopAnchorOffset>0</TopAnchorOffset>
		<TopAnchorToTop>true</TopAnchorToTop>
		<BottomAnchorToTop>true</BottomAnchorToTop>
		<BottomAnchorOffset>22</BottomAnchorOffset>
		<LeftAnchorToLeft>false</LeftAnchorToLeft>
		<LeftAnchorOffset>22</LeftAnchorOffset>
		<RightAnchorToLeft>false</RightAnchorToLeft>
		<RightAnchorOffset>0</RightAnchorOffset>
		<Style_Checkbox>true</Style_Checkbox>
		<Text>SN</Text>
		<TooltipReference>Show Group Members Names</TooltipReference>
		<Template>BDT_Normal</Template>
	</Button>
	<Screen item="MVW_MapCurrentZoneScreen">
		<RelativePosition>true</RelativePosition>
		<AutoStretch>true</AutoStretch>
		<TopAnchorOffset>22</TopAnchorOffset>
		<TopAnchorToTop>false</TopAnchorToTop>
		<BottomAnchorToTop>false</BottomAnchorToTop>
		<BottomAnchorOffset>0</BottomAnchorOffset>
		<LeftAnchorToLeft>true</LeftAnchorToLeft>
		<LeftAnchorOffset>0</LeftAnchorOffset>
		<RightAnchorToLeft>false</RightAnchorToLeft>
		<RightAnchorOffset>0</RightAnchorOffset>
		<Style_Transparent>true</Style_Transparent>
		<Pieces>MVW_LoadCurrent</Pieces>
		<Pieces>MVW_Find</Pieces>
		<Pieces>MVW_EndFind</Pieces>
		<Pieces>MVW_FindAutoZoom</Pieces>
		<Pieces>MVW_ShowGroupButton</Pieces>
		<Pieces>MVW_ShowNamesButton</Pieces>
		<Pieces>MVW_MinZLabel</Pieces>
		<Pieces>MVW_MaxZLabel</Pieces>
		<Pieces>MVW_MinZEditBox</Pieces>
		<Pieces>MVW_MaxZEditBox</Pieces>
		<Pieces>MVW_Layer0Button</Pieces>
		<Pieces>MVW_LayersLabel</Pieces>
		<Pieces>MVW_Layer1Button</Pieces>
		<Pieces>MVW_Layer2Button</Pieces>
		<Pieces>MVW_Layer3Button</Pieces>
		<Pieces>MVW_LayerVisibleLabel</Pieces>
		<Pieces>MVW_LayerActiveLabel</Pieces>
		<Pieces>MVW_Layer1ActiveButton</Pieces>
		<Pieces>MVW_Layer2ActiveButton</Pieces>
		<Pieces>MVW_Layer3ActiveButton</Pieces>		
	</Screen>
	<Button item="MVW_Layer0Button">
		<ScreenID>MVW_Layer0Button</ScreenID>
		<RelativePosition>true</RelativePosition>
		<Style_VScroll>false</Style_VScroll>
		<Style_HScroll>false</Style_HScroll>
		<Style_Transparent>false</Style_Transparent>
		<Style_Checkbox>true</Style_Checkbox>
		<Text>B</Text>
		<AutoStretch>true</AutoStretch>
		<TopAnchorOffset>0</TopAnchorOffset>
		<TopAnchorToTop>true</TopAnchorToTop>
		<BottomAnchorToTop>true</BottomAnchorToTop>
		<BottomAnchorOffset>22</BottomAnchorOffset>
		<LeftAnchorToLeft>false</LeftAnchorToLeft>
		<LeftAnchorOffset>329</LeftAnchorOffset>
		<RightAnchorToLeft>false</RightAnchorToLeft>
		<RightAnchorOffset>307</RightAnchorOffset>
		<TooltipReference>Base</TooltipReference>
		<Template>BDT_Normal</Template>
	</Button>
	<Button item="MVW_LabelsToggleButton">
		<ScreenID>MVW_LabelsToggleButton</ScreenID>
		<RelativePosition>true</RelativePosition>
		<Location>
			<X>0</X>
			<Y>62</Y>
		</Location>
		<Size>
			<CX>22</CX>
			<CY>22</CY>
		</Size>
		<Style_VScroll>false</Style_VScroll>
		<Style_HScroll>false</Style_HScroll>
		<Style_Transparent>false</Style_Transparent>
		<Style_Checkbox>true</Style_Checkbox>
		<Text>L</Text>
		<TooltipReference>Labels</TooltipReference>
		<Template>BDT_Normal</Template>
	</Button>
	<Button item="MVW_PanResetButton">
		<ScreenID>MVW_PanResetButton</ScreenID>
	</Button>
	<TextureInfo item="cart.tga">
		<Size>
			<CX>64</CX>
			<CY>64</CY>
		</Size>
	</TextureInfo>
	<Ui2DAnimation item="A_MapPiece">
		<Cycle>false</Cycle>
		<Frames>
			<Texture>cart.tga</Texture>
			<Location>
				<X>0</X>
				<Y>0</Y>
			</Location>
			<Size>
				<CX>512</CX>
				<CY>399</CY>
			</Size>
			<Hotspot>
				<X>0</X>
				<Y>0</Y>
			</Hotspot>
		</Frames>
	</Ui2DAnimation>
	<Ui2DAnimation item="A_ToolbarButtonNormal">
		<Cycle>false</Cycle>
		<Frames>
			<Texture>window_pieces04.tga</Texture>
			<Location>
				<X>0</X>
				<Y>100</Y>
			</Location>
			<Size>
				<CX>22</CX>
				<CY>22</CY>
			</Size>
			<Hotspot>
				<X>0</X>
				<Y>0</Y>
			</Hotspot>
		</Frames>
	</Ui2DAnimation>
	<Ui2DAnimation item="A_ToolbarButtonFlyby">
		<Cycle>false</Cycle>
		<Frames>
			<Texture>window_pieces04.tga</Texture>
			<Location>
				<X>22</X>
				<Y>100</Y>
			</Location>
			<Size>
				<CX>22</CX>
				<CY>22</CY>
			</Size>
			<Hotspot>
				<X>0</X>
				<Y>0</Y>
			</Hotspot>
		</Frames>
	</Ui2DAnimation>
	<Ui2DAnimation item="A_ToolbarButtonPressed">
		<Cycle>false</Cycle>
		<Frames>
			<Texture>window_pieces04.tga</Texture>
			<Location>
				<X>44</X>
				<Y>100</Y>
			</Location>
			<Size>
				<CX>22</CX>
				<CY>22</CY>
			</Size>
			<Hotspot>
				<X>0</X>
				<Y>0</Y>
			</Hotspot>
		</Frames>
	</Ui2DAnimation>
	<Ui2DAnimation item="A_ToolbarButtonPressedFlyby">
		<Cycle>false</Cycle>
		<Frames>
			<Texture>window_pieces04.tga</Texture>
			<Location>
				<X>66</X>
				<Y>100</Y>
			</Location>
			<Size>
				<CX>22</CX>
				<CY>22</CY>
			</Size>
			<Hotspot>
				<X>0</X>
				<Y>0</Y>
			</Hotspot>
		</Frames>
	</Ui2DAnimation>
	<Button item="MVW_ZFilterButton">
		<ScreenID>MVW_ZFilterButton</ScreenID>
		<RelativePosition>true</RelativePosition>
		<Location>
			<X>0</X>
			<Y>91</Y>
		</Location>
		<Size>
			<CX>22</CX>
			<CY>22</CY>
		</Size>
		<Style_VScroll>false</Style_VScroll>
		<Style_HScroll>false</Style_HScroll>
		<Style_Transparent>false</Style_Transparent>
		<Style_Checkbox>true</Style_Checkbox>
		<Text>HF</Text>
		<TooltipReference>Height Filter</TooltipReference>
		<Template>BDT_Normal</Template>
		<Font>3</Font>
	</Button>
	<Button item="MVW_Layer3ActiveButton">
		<ScreenID>MVW_Layer3ActiveButton</ScreenID>
		<RelativePosition>true</RelativePosition>
		<AutoStretch>true</AutoStretch>
		<TopAnchorOffset>0</TopAnchorOffset>
		<TopAnchorToTop>true</TopAnchorToTop>
		<BottomAnchorToTop>true</BottomAnchorToTop>
		<BottomAnchorOffset>22</BottomAnchorOffset>
		<LeftAnchorToLeft>false</LeftAnchorToLeft>
		<LeftAnchorOffset>190</LeftAnchorOffset>
		<RightAnchorToLeft>false</RightAnchorToLeft>
		<RightAnchorOffset>168</RightAnchorOffset>
		<Style_VScroll>false</Style_VScroll>
		<Style_HScroll>false</Style_HScroll>
		<Style_Transparent>false</Style_Transparent>
		<Style_Checkbox>false</Style_Checkbox>
		<Text>3</Text>
		<Template>BDT_Normal</Template>
		<RadioGroup>MVW_ActiveLayer</RadioGroup>
		<TooltipReference>Active</TooltipReference>
	</Button>
	<Button item="MVW_Layer2ActiveButton">
		<ScreenID>MVW_Layer2ActiveButton</ScreenID>
		<RelativePosition>true</RelativePosition>
		<AutoStretch>true</AutoStretch>
		<TopAnchorOffset>0</TopAnchorOffset>
		<TopAnchorToTop>true</TopAnchorToTop>
		<BottomAnchorToTop>true</BottomAnchorToTop>
		<BottomAnchorOffset>22</BottomAnchorOffset>
		<LeftAnchorToLeft>false</LeftAnchorToLeft>
		<LeftAnchorOffset>212</LeftAnchorOffset>
		<RightAnchorToLeft>false</RightAnchorToLeft>
		<RightAnchorOffset>190</RightAnchorOffset>
		<Style_VScroll>false</Style_VScroll>
		<Style_HScroll>false</Style_HScroll>
		<Style_Transparent>false</Style_Transparent>
		<Style_Checkbox>false</Style_Checkbox>
		<Text>2</Text>
		<Template>BDT_Normal</Template>
		<RadioGroup>MVW_ActiveLayer</RadioGroup>
		<TooltipReference>Active</TooltipReference>
	</Button>
	<Button item="MVW_Layer1ActiveButton">
		<ScreenID>MVW_Layer1ActiveButton</ScreenID>
		<RelativePosition>true</RelativePosition>
		<AutoStretch>true</AutoStretch>
		<TopAnchorOffset>0</TopAnchorOffset>
		<TopAnchorToTop>true</TopAnchorToTop>
		<BottomAnchorToTop>true</BottomAnchorToTop>
		<BottomAnchorOffset>22</BottomAnchorOffset>
		<LeftAnchorToLeft>false</LeftAnchorToLeft>
		<LeftAnchorOffset>234</LeftAnchorOffset>
		<RightAnchorToLeft>false</RightAnchorToLeft>
		<RightAnchorOffset>212</RightAnchorOffset>
		<Style_VScroll>false</Style_VScroll>
		<Style_HScroll>false</Style_HScroll>
		<Style_Transparent>false</Style_Transparent>
		<Style_Checkbox>false</Style_Checkbox>
		<Text>1</Text>
		<Template>BDT_Normal</Template>
		<RadioGroup>MVW_ActiveLayer</RadioGroup>
		<TooltipReference>Active</TooltipReference>
	</Button>
	<Label item="MVW_LayerActiveLabel">
		<ScreenID>MVW_LayerActiveLabel</ScreenID>
	</Label>
	<Label item="MVW_LayerVisibleLabel">
		<ScreenID>MVW_LayerVisibleLabel</ScreenID>
	</Label>
	<Button item="MVW_Layer3Button">
		<ScreenID>MVW_Layer3Button</ScreenID>
		<RelativePosition>true</RelativePosition>
		<AutoStretch>true</AutoStretch>
		<TopAnchorOffset>0</TopAnchorOffset>
		<TopAnchorToTop>true</TopAnchorToTop>
		<BottomAnchorToTop>true</BottomAnchorToTop>
		<BottomAnchorOffset>22</BottomAnchorOffset>
		<LeftAnchorToLeft>false</LeftAnchorToLeft>
		<LeftAnchorOffset>263</LeftAnchorOffset>
		<RightAnchorToLeft>false</RightAnchorToLeft>
		<RightAnchorOffset>241</RightAnchorOffset>
		<Style_VScroll>false</Style_VScroll>
		<Style_HScroll>false</Style_HScroll>
		<Style_Transparent>false</Style_Transparent>
		<Style_Checkbox>true</Style_Checkbox>
		<Text>3</Text>
		<Template>BDT_Normal</Template>
		<TooltipReference>Visible</TooltipReference>
	</Button>
	<Button item="MVW_Layer2Button">
		<ScreenID>MVW_Layer2Button</ScreenID>
		<RelativePosition>true</RelativePosition>
		<AutoStretch>true</AutoStretch>
		<TopAnchorOffset>0</TopAnchorOffset>
		<TopAnchorToTop>true</TopAnchorToTop>
		<BottomAnchorToTop>true</BottomAnchorToTop>
		<BottomAnchorOffset>22</BottomAnchorOffset>
		<LeftAnchorToLeft>false</LeftAnchorToLeft>
		<LeftAnchorOffset>285</LeftAnchorOffset>
		<RightAnchorToLeft>false</RightAnchorToLeft>
		<RightAnchorOffset>263</RightAnchorOffset>
		<Style_VScroll>false</Style_VScroll>
		<Style_HScroll>false</Style_HScroll>
		<Style_Transparent>false</Style_Transparent>
		<Style_Checkbox>true</Style_Checkbox>
		<Text>2</Text>
		<Template>BDT_Normal</Template>
		<TooltipReference>Visible</TooltipReference>
	</Button>
	<Button item="MVW_Layer1Button">
		<ScreenID>MVW_Layer1Button</ScreenID>
		<RelativePosition>true</RelativePosition>
		<AutoStretch>true</AutoStretch>
		<TopAnchorOffset>0</TopAnchorOffset>
		<TopAnchorToTop>true</TopAnchorToTop>
		<BottomAnchorToTop>true</BottomAnchorToTop>
		<BottomAnchorOffset>22</BottomAnchorOffset>
		<LeftAnchorToLeft>false</LeftAnchorToLeft>
		<LeftAnchorOffset>307</LeftAnchorOffset>
		<RightAnchorToLeft>false</RightAnchorToLeft>
		<RightAnchorOffset>285</RightAnchorOffset>		
		<Style_VScroll>false</Style_VScroll>
		<Style_HScroll>false</Style_HScroll>
		<Style_Transparent>false</Style_Transparent>
		<Style_Checkbox>true</Style_Checkbox>
		<Text>1</Text>
		<Template>BDT_Normal</Template>
		<TooltipReference>Visible</TooltipReference>
	</Button>
	<Label item="MVW_LayersLabel">
		<ScreenID>MVW_LayersLabel</ScreenID>
	</Label>
	<Button item="MVW_PanLeftButton">
		<ScreenID>MVW_PanLeftButton</ScreenID>
	</Button>
	<Button item="MVW_PanRightButton">
		<ScreenID>MVW_PanRightButton</ScreenID>
	</Button>
	<Button item="MVW_PanUpButton">
		<ScreenID>MVW_PanUpButton</ScreenID>
	</Button>
	<Button item="MVW_PanDownButton">
		<ScreenID>MVW_PanDownButton</ScreenID>
	</Button>
	<Button item="MVW_ZoomInButton">
		<ScreenID>MVW_ZoomInButton</ScreenID>
		<RelativePosition>true</RelativePosition>
		<Location>
			<X>0</X>
			<Y>10</Y>
		</Location>
		<Size>
			<CX>22</CX>
			<CY>22</CY>
		</Size>
		<Style_VScroll>false</Style_VScroll>
		<Style_HScroll>false</Style_HScroll>
		<Style_Transparent>false</Style_Transparent>
		<Style_Checkbox>false</Style_Checkbox>
		<Text />
		<TooltipReference>Zoom In</TooltipReference>
		<Template>BDT_ZoomIn</Template>
	</Button>
	<Button item="MVW_ZoomOutButton">
		<ScreenID>MVW_ZoomOutButton</ScreenID>
		<RelativePosition>true</RelativePosition>
		<Location>
			<X>0</X>
			<Y>33</Y>
		</Location>
		<Size>
			<CX>22</CX>
			<CY>22</CY>
		</Size>
		<Style_VScroll>false</Style_VScroll>
		<Style_HScroll>false</Style_HScroll>
		<Style_Transparent>false</Style_Transparent>
		<Style_Checkbox>false</Style_Checkbox>
		<Text />
		<TooltipReference>Zoom Out</TooltipReference>
		<Template>BDT_ZoomOut</Template>	 
	</Button>
	<Screen item="MVW_MapRenderArea">
		<ScreenID>MVW_MapRenderArea</ScreenID>
		<DrawTemplate>WDT_RoundedNoTitle</DrawTemplate>
		<RelativePosition>true</RelativePosition>
		<AutoStretch>true</AutoStretch>
		<TopAnchorOffset>1</TopAnchorOffset>
		<BottomAnchorOffset>1</BottomAnchorOffset>
		<LeftAnchorOffset>1</LeftAnchorOffset>
		<RightAnchorOffset>1</RightAnchorOffset>
		<BottomAnchorToTop>false</BottomAnchorToTop>
		<RightAnchorToLeft>false</RightAnchorToLeft>
		<Style_Border>false</Style_Border>
		<Style_Transparent>true</Style_Transparent>
	</Screen>
	<StaticAnimation item="MVW_MapPiece">
		<ScreenID>MapPiece</ScreenID>
		<RelativePosition>true</RelativePosition>
		<AutoStretch>true</AutoStretch>
		<TopAnchorOffset>0</TopAnchorOffset>
		<BottomAnchorOffset>0</BottomAnchorOffset>
		<LeftAnchorOffset>0</LeftAnchorOffset>
		<RightAnchorOffset>0</RightAnchorOffset>
		<BottomAnchorToTop>false</BottomAnchorToTop>
		<RightAnchorToLeft>false</RightAnchorToLeft>
		<Style_VScroll>false</Style_VScroll>
		<Style_HScroll>false</Style_HScroll>
		<Animation>A_MapPiece</Animation>
	</StaticAnimation>
	<Button item="MVW_ToolbarButton">
		<ScreenID>MVW_ToolbarButton</ScreenID>
		<RelativePosition>true</RelativePosition>
		<Location>
			<X>0</X>
			<Y>120</Y>
		</Location>
		<Size>
			<CX>22</CX>
			<CY>22</CY>
		</Size>
		<Style_Transparent>false</Style_Transparent>
		<Style_Checkbox>false</Style_Checkbox>
		<ButtonDrawTemplate>
			<Normal>A_ToolbarButtonNormal</Normal>
			<Pressed>A_ToolbarButtonPressed</Pressed>
			<Flyby>A_ToolbarButtonFlyby</Flyby>
			<Disabled>A_ToolbarButtonNormal</Disabled>
			<PressedFlyby>A_ToolbarButtonPressedFlyby</PressedFlyby>
		</ButtonDrawTemplate>
		<TooltipReference>Toolbar Window</TooltipReference>
	</Button>
	<Label item="MVW_MinZLabel">
		<ScreenID>MVW_MinZLabel</ScreenID>
		<Font>3</Font>
		<Text>L:</Text>
		<AutoStretch>true</AutoStretch>
		<TopAnchorOffset>7</TopAnchorOffset>
		<TopAnchorToTop>true</TopAnchorToTop>
		<BottomAnchorToTop>true</BottomAnchorToTop>
		<BottomAnchorOffset>21</BottomAnchorOffset>
		<LeftAnchorToLeft>false</LeftAnchorToLeft>
		<LeftAnchorOffset>163</LeftAnchorOffset>
		<RightAnchorToLeft>false</RightAnchorToLeft>
		<RightAnchorOffset>147</RightAnchorOffset>
	</Label>
	<Label item="MVW_MaxZLabel">
		<ScreenID>MVW_MaxZLabel</ScreenID>
		<Font>3</Font>
		<Text>H:</Text>
		<AutoStretch>true</AutoStretch>
		<TopAnchorOffset>7</TopAnchorOffset>
		<TopAnchorToTop>true</TopAnchorToTop>
		<BottomAnchorToTop>true</BottomAnchorToTop>
		<BottomAnchorOffset>21</BottomAnchorOffset>
		<LeftAnchorToLeft>false</LeftAnchorToLeft>
		<LeftAnchorOffset>118</LeftAnchorOffset>
		<RightAnchorToLeft>false</RightAnchorToLeft>
		<RightAnchorOffset>102</RightAnchorOffset>
	</Label>
	<Editbox item="MVW_MinZEditBox">
		<ScreenID>MVW_MinZEditBox</ScreenID>
		<DrawTemplate>WDT_Inner</DrawTemplate>
		<RelativePosition>true</RelativePosition>
		<Style_Border>true</Style_Border>
		<AutoStretch>true</AutoStretch>
		<TopAnchorOffset>6</TopAnchorOffset>
		<TopAnchorToTop>true</TopAnchorToTop>
		<BottomAnchorToTop>true</BottomAnchorToTop>
		<BottomAnchorOffset>22</BottomAnchorOffset>
		<LeftAnchorToLeft>false</LeftAnchorToLeft>
		<LeftAnchorOffset>152</LeftAnchorOffset>
		<RightAnchorToLeft>false</RightAnchorToLeft>
		<RightAnchorOffset>122</RightAnchorOffset>
		<Style_Transparent>false</Style_Transparent>		
		<TooltipReference>How much below your current position to draw map lines.</TooltipReference>
	</Editbox>
	<Editbox item="MVW_MaxZEditBox">
		<ScreenID>MVW_MaxZEditBox</ScreenID>
		<DrawTemplate>WDT_Inner</DrawTemplate>
		<RelativePosition>true</RelativePosition>
		<Style_Border>true</Style_Border>
		<AutoStretch>true</AutoStretch>
		<TopAnchorOffset>6</TopAnchorOffset>
		<TopAnchorToTop>true</TopAnchorToTop>
		<BottomAnchorToTop>true</BottomAnchorToTop>
		<BottomAnchorOffset>22</BottomAnchorOffset>
		<LeftAnchorToLeft>false</LeftAnchorToLeft>
		<LeftAnchorOffset>105</LeftAnchorOffset>
		<RightAnchorToLeft>false</RightAnchorToLeft>
		<RightAnchorOffset>75</RightAnchorOffset>
		<Style_Transparent>false</Style_Transparent>
		<TooltipReference>How much above your current position to draw map lines.</TooltipReference>
	</Editbox>
	<Screen item="MVW_MapToolBar">
		<ScreenID>MVW_MapToolBar</ScreenID>
		<RelativePosition>true</RelativePosition>
		<AutoStretch>true</AutoStretch>
		<TopAnchorToTop>true</TopAnchorToTop>
		<TopAnchorOffset>21</TopAnchorOffset>
		<BottomAnchorToTop>true</BottomAnchorToTop>
		<BottomAnchorOffset>305</BottomAnchorOffset>
		<LeftAnchorToLeft>false</LeftAnchorToLeft>
		<LeftAnchorOffset>23</LeftAnchorOffset>
		<RightAnchorToLeft>false</RightAnchorToLeft>
		<RightAnchorOffset>1</RightAnchorOffset>
		<Style_VScroll>false</Style_VScroll>
		<Style_HScroll>false</Style_HScroll>
		<Style_Transparent>true</Style_Transparent>
		<Pieces>MVW_PanLeftButton</Pieces>
		<Pieces>MVW_PanRightButton</Pieces>
		<Pieces>MVW_PanUpButton</Pieces>
		<Pieces>MVW_PanDownButton</Pieces>
		<Pieces>MVW_ZoomInButton</Pieces>
		<Pieces>MVW_ZoomOutButton</Pieces>
		<Pieces>MVW_ToolbarButton</Pieces>
		<Pieces>MVW_ZFilterButton</Pieces>
		<Pieces>MVW_PanResetButton</Pieces>
		<Pieces>MVW_LabelsToggleButton</Pieces>
	</Screen>
	<Button item="MVW_SearchHideButton">
		<ScreenID>MVW_SearchHideButton</ScreenID>
		<RelativePosition>true</RelativePosition>
		<AutoStretch>true</AutoStretch>
		<TopAnchorOffset>32</TopAnchorOffset>
		<BottomAnchorOffset>52</BottomAnchorOffset>
		<LeftAnchorOffset>105</LeftAnchorOffset>
		<RightAnchorOffset>150</RightAnchorOffset>
		<Text>Hide</Text>
		<TooltipReference>Hides the search list.</TooltipReference>
		<Template>BDT_Normal</Template>
	</Button> 
	<Listbox item="MVW_SearchList">
		<ScreenID>MVW_SearchList</ScreenID>
		<DrawTemplate>WDT_Inner</DrawTemplate>
		<RelativePosition>true</RelativePosition>
		<Size>
			<CX>200</CX>
			<CY>20</CY>
		</Size>
		<Columns>
			<Width>100</Width>
			<Heading>Matched Labels</Heading>
		</Columns>
		<Style_Border>true</Style_Border>
		<Style_VScroll>true</Style_VScroll>
		<Style_AutoVScroll>true</Style_AutoVScroll>
		<Stlye_Transparent>false</Stlye_Transparent>
	</Listbox>
	<Button item="MVW_Spacer">
		<ScreenID>MVW_Spacer</ScreenID>
		<RelativePosition>true</RelativePosition>
		<Size>
			<CX>200</CX>
			<CY>1</CY>
		</Size>
	</Button>
	<HorizontalLayoutBox item="MVW_SearchLayout">
		<ScreenID>MVW_SearchLayout</ScreenID>
		<DrawTemplate>WDT_Inner</DrawTemplate>
		<AutoStretch>true</AutoStretch>
		<TopAnchorOffset>30</TopAnchorOffset>
		<BottomAnchorOffset>28</BottomAnchorOffset>
		<LeftAnchorOffset>0</LeftAnchorOffset>
		<RightAnchorOffset>100</RightAnchorOffset>
		<BottomAnchorToTop>false</BottomAnchorToTop>
		<RightAnchorToLeft>false</RightAnchorToLeft>
		<Spacing>4</Spacing>
		<Style_Border>false</Style_Border>
		<Style_Transparent>true</Style_Transparent>
		<Pieces>MVW_SearchList</Pieces>
		<Pieces>MVW_Spacer</Pieces>
	</HorizontalLayoutBox> 
	<Page item ="MapPage">
		<ScreenID>MapPage</ScreenID>
		<RelativePosition>true</RelativePosition>
		<Style_VScroll>false</Style_VScroll>
		<Style_HScroll>false</Style_HScroll>
		<Style_Transparent>false</Style_Transparent>
		<DrawTemplate>WDT_Def</DrawTemplate>
		<TabText>Player</TabText>
		<TabTextActiveColor>
			<R>255</R>
			<G>255</G>
			<B>0</B>
		</TabTextActiveColor>
		<Style_Sizable>true</Style_Sizable>
		<Pieces>MVW_MapPiece</Pieces>
		<Pieces>Screen:MVW_MapRenderArea</Pieces>
		<Pieces>MVW_MapIconButton</Pieces>
		<Pieces>MVW_MapsDirCombobox</Pieces>
		<Pieces>HorizontalLayoutBox:MVW_SearchLayout</Pieces>
		<Pieces>MVW_SearchHideButton</Pieces>
		<Pieces>MVW_MapZoneGuide</Pieces>
		<Pieces>Screen:MVW_MapToolBar</Pieces>
		<Pieces>Screen:MVW_MapSearchScreen</Pieces>
		<Pieces>Screen:MVW_MapCurrentZoneScreen</Pieces>
	</Page>		
	<Screen item="MVW_AtlasRenderArea">
		<ScreenID>MVW_AtlasRenderArea</ScreenID>
		<RelativePosition>true</RelativePosition>
		<AutoStretch>true</AutoStretch>
		<TopAnchorToTop>true</TopAnchorToTop>
		<TopAnchorOffset>21</TopAnchorOffset>
		<BottomAnchorToTop>false</BottomAnchorToTop>
		<LeftAnchorToLeft>true</LeftAnchorToLeft>
		<RightAnchorToLeft>false</RightAnchorToLeft>
		<Style_VScroll>false</Style_VScroll>
		<Style_HScroll>false</Style_HScroll>
		<Style_Transparent>true</Style_Transparent>
	</Screen>
	<Combobox item="MVW_AtlasDirCombobox">
		<ScreenID>MVW_AtlasDirCombobox</ScreenID>
		<DrawTemplate>WDT_Inner</DrawTemplate>
		<AutoStretchList>true</AutoStretchList>
		<Location>
			<X>2</X>
			<Y>2</Y>
		</Location>
		<Size>
			<CX>150</CX>
			<CY>18</CY>
		</Size>
		<ListHeight>60</ListHeight>
		<Button>BDT_Combo</Button>
		<Style_Border>true</Style_Border>
	</Combobox>
	<Button item="MVW_AtlasZoneGuide">
		<ScreenID>MVW_AtlasZoneGuide</ScreenID>
		<AutoStretch>true</AutoStretch>
		<RelativePosition>true</RelativePosition>
		<LeftAnchorOffset>24</LeftAnchorOffset>
		<TopAnchorOffset>4</TopAnchorOffset>
		<RightAnchorOffset>2</RightAnchorOffset>
		<BottomAnchorOffset>20</BottomAnchorOffset>
		<LeftAnchorToLeft>false</LeftAnchorToLeft>
		<TopAnchorToTop>true</TopAnchorToTop>
		<RightAnchorToLeft>false</RightAnchorToLeft>
		<BottomAnchorToTop>true</BottomAnchorToTop>
		<Style_Transparent>false</Style_Transparent>
		<Style_Checkbox>false</Style_Checkbox>
		<Text>ZG</Text>
		<TooltipReference>Toggle the visibility of the Zone Guide.</TooltipReference>
		<Template>BDT_Normal</Template>
	</Button>	 
	<Page item ="AtlasPage">
		<ScreenID>AtlasPage</ScreenID>
		<RelativePosition>true</RelativePosition>
		<Style_VScroll>false</Style_VScroll>
		<Style_HScroll>false</Style_HScroll>
		<Style_Transparent>false</Style_Transparent>
		<DrawTemplate>WDT_Def</DrawTemplate>
		<TabText>Atlas</TabText>
		<TabTextActiveColor>
			<R>255</R>
			<G>255</G>
			<B>0</B>
		</TabTextActiveColor>
		<Style_Sizable>true</Style_Sizable>
		<Pieces>Screen:MVW_AtlasRenderArea</Pieces>
		<Pieces>MVW_AtlasDirCombobox</Pieces>
		<Pieces>MVW_AtlasZoneGuide</Pieces>
	</Page>
	<TabBox item ="MVW_Subwindows">
		<ScreenID>MVW_Subwindows</ScreenID>
		<RelativePosition>true</RelativePosition>
		<AutoStretch>true</AutoStretch>
		<TopAnchorToTop>true</TopAnchorToTop>
		<BottomAnchorToTop>false</BottomAnchorToTop>
		<LeftAnchorToLeft>true</LeftAnchorToLeft>
		<RightAnchorToLeft>false</RightAnchorToLeft>
		<TabBorderTemplate>FT_DefTabBorder</TabBorderTemplate>
		<PageBorderTemplate>FT_DefPageBorder</PageBorderTemplate>
		<Pages>Page:MapPage</Pages>			 
		<Pages>Page:AtlasPage</Pages>
	</TabBox>
	<Screen item="MapViewWnd">
		<RelativePosition>false</RelativePosition>
		<Location>
			<X>100</X>
			<Y>80</Y>
		</Location>
		<Size>
			<CX>590</CX>
			<CY>470</CY>
		</Size>
		<NoWrap>false</NoWrap>
		<TooltipReference>Map Viewer</TooltipReference>
		<DrawTemplate>WDT_Rounded</DrawTemplate>
		<Style_Titlebar>true</Style_Titlebar>
		<Style_Closebox>true</Style_Closebox>
		<Style_Minimizebox>true</Style_Minimizebox>
		<Style_Border>true</Style_Border>
		<Style_Sizable>true</Style_Sizable>
		<Text>Map</Text>
		<Pieces>MVW_Subwindows</Pieces>
	</Screen>
	<Screen item="MapViewMap"/>
</XML>