<?xml version="1.0" encoding="us-ascii"?>
<XML ID="EQInterfaceDefinitionLanguage">
  <Schema xmlns="EverQuestData" xmlns:dt="EverQuestDataTypes" />
  <StaticAnimation item="SW_ScreenShotAnim">
    <ScreenID>SW_ScreenShotAnim</ScreenID>
    <Location>
      <X>5</X>
      <Y>5</Y>
    </Location>
    <Size>
      <CX>120</CX>
      <CY>90</CY>
    </Size>
    <AutoStretch>true</AutoStretch>
    <RelativePosition>true</RelativePosition>
    <LeftAnchorOffset>5</LeftAnchorOffset>
    <TopAnchorOffset>5</TopAnchorOffset>
    <RightAnchorOffset>230</RightAnchorOffset>
    <BottomAnchorOffset>5</BottomAnchorOffset>
    <BottomAnchorToTop>false</BottomAnchorToTop>
    <RightAnchorToLeft>false</RightAnchorToLeft>
  </StaticAnimation>
  <Editbox item="SW_ShareTextField">
    <ScreenID>SW_ShareTextField</ScreenID>
    <Style_Multiline>true</Style_Multiline>
    <RelativePosition>true</RelativePosition>
    <AutoStretch>true</AutoStretch>
    <DrawTemplate>WDT_Inner</DrawTemplate>
    <Style_VScroll>true</Style_VScroll>
    <Style_Border>true</Style_Border>
    <TopAnchorOffset>25</TopAnchorOffset>
    <RightAnchorOffset>5</RightAnchorOffset>
    <LeftAnchorOffset>225</LeftAnchorOffset>
    <BottomAnchorOffset>120</BottomAnchorOffset>
    <LeftAnchorToLeft>false</LeftAnchorToLeft>
    <TopAnchorToTop>true</TopAnchorToTop>
    <RightAnchorToLeft>false</RightAnchorToLeft>
    <BottomAnchorToTop>false</BottomAnchorToTop>
    <TextColor>
      <R>255</R>
      <G>255</G>
      <B>255</B>
    </TextColor>
  </Editbox>
  <Button item="SW_RetakeButton">
    <ScreenID>SW_RetakeButton</ScreenID>
    <AutoStretch>true</AutoStretch>
    <RelativePosition>true</RelativePosition>
    <TopAnchorToTop>false</TopAnchorToTop>
    <BottomAnchorToTop>false</BottomAnchorToTop>
    <LeftAnchorToLeft>false</LeftAnchorToLeft>
    <RightAnchorToLeft>false</RightAnchorToLeft>
    <LeftAnchorOffset>200</LeftAnchorOffset>
    <RightAnchorOffset>125</RightAnchorOffset>
    <TopAnchorOffset>25</TopAnchorOffset>
    <BottomAnchorOffset>5</BottomAnchorOffset>
    <Text>Re-take</Text>
    <TextColor>
      <R>255</R>
      <G>255</G>
      <B>255</B>
    </TextColor>
    <Template>BDT_SmallNormal</Template>
  </Button>
  <Button item="SW_ShareButton">
    <ScreenID>SW_ShareButton</ScreenID>
    <AutoStretch>true</AutoStretch>
    <TopAnchorToTop>false</TopAnchorToTop>
    <BottomAnchorToTop>false</BottomAnchorToTop>
    <LeftAnchorToLeft>false</LeftAnchorToLeft>
    <RightAnchorToLeft>false</RightAnchorToLeft>
    <LeftAnchorOffset>100</LeftAnchorOffset>
    <RightAnchorOffset>25</RightAnchorOffset>
    <TopAnchorOffset>25</TopAnchorOffset>
    <BottomAnchorOffset>5</BottomAnchorOffset>
    <Text>Share</Text>
    <TextColor>
      <R>255</R>
      <G>255</G>
      <B>255</B>
    </TextColor>
    <Template>BDT_SmallNormal</Template>
  </Button>
  <Button item="SW_FacebookButton">
    <ScreenID>SW_FacebookButton</ScreenID>
    <AutoStretch>true</AutoStretch>
    <TopAnchorToTop>false</TopAnchorToTop>
    <BottomAnchorToTop>false</BottomAnchorToTop>
    <LeftAnchorToLeft>false</LeftAnchorToLeft>
    <RightAnchorToLeft>false</RightAnchorToLeft>
    <LeftAnchorOffset>220</LeftAnchorOffset>
    <RightAnchorOffset>10</RightAnchorOffset>
    <TopAnchorOffset>117</TopAnchorOffset>
    <BottomAnchorOffset>97</BottomAnchorOffset>
    <Style_Checkbox>true</Style_Checkbox>
    <TextAlignCenter>false</TextAlignCenter>
    <TextOffsetX>20</TextOffsetX>
    <DecalSize>
      <CX>15</CX>
      <CY>15</CY>
    </DecalSize>
    <Text>Send to Facebook</Text>
    <TextColor>
      <R>255</R>
      <G>255</G>
      <B>255</B>
    </TextColor>
    <Template>BDT_CheckboxWithText</Template>
  </Button>
  <Button item="SW_TwitterButton">
    <ScreenID>SW_TwitterButton</ScreenID>
    <AutoStretch>true</AutoStretch>
    <TopAnchorToTop>false</TopAnchorToTop>
    <BottomAnchorToTop>false</BottomAnchorToTop>
    <LeftAnchorToLeft>false</LeftAnchorToLeft>
    <RightAnchorToLeft>false</RightAnchorToLeft>
    <LeftAnchorOffset>220</LeftAnchorOffset>
    <RightAnchorOffset>10</RightAnchorOffset>
    <TopAnchorOffset>94</TopAnchorOffset>
    <BottomAnchorOffset>74</BottomAnchorOffset>
    <TextAlignCenter>false</TextAlignCenter>
    <TextOffsetX>20</TextOffsetX>
    <Style_Checkbox>true</Style_Checkbox>
    <DecalSize>
      <CX>15</CX>
      <CY>15</CY>
    </DecalSize>
    <Text>Send to Twitter</Text>
    <TextColor>
      <R>255</R>
      <G>255</G>
      <B>255</B>
    </TextColor>
    <Template>BDT_CheckboxWithText</Template>
  </Button>
  <Button item="SW_IncludePicButton">
    <ScreenID>SW_IncludePicButton</ScreenID>
    <AutoStretch>true</AutoStretch>
    <TopAnchorToTop>false</TopAnchorToTop>
    <BottomAnchorToTop>false</BottomAnchorToTop>
    <LeftAnchorToLeft>false</LeftAnchorToLeft>
    <RightAnchorToLeft>false</RightAnchorToLeft>
    <LeftAnchorOffset>220</LeftAnchorOffset>
    <RightAnchorOffset>10</RightAnchorOffset>
    <TopAnchorOffset>71</TopAnchorOffset>
    <BottomAnchorOffset>51</BottomAnchorOffset>
    <Style_Checkbox>true</Style_Checkbox>
    <TextAlignCenter>false</TextAlignCenter>
    <TextOffsetX>20</TextOffsetX>
    <DecalSize>
      <CX>15</CX>
      <CY>15</CY>
    </DecalSize>
    <Text>Include Screenshot</Text>
    <TextColor>
      <R>255</R>
      <G>255</G>
      <B>255</B>
    </TextColor>
    <Template>BDT_CheckboxWithText</Template>
  </Button>
  <Button item="SW_HideUIButton">
    <ScreenID>SW_HideUIButton</ScreenID>
    <AutoStretch>true</AutoStretch>
    <TopAnchorToTop>false</TopAnchorToTop>
    <BottomAnchorToTop>false</BottomAnchorToTop>
    <LeftAnchorToLeft>false</LeftAnchorToLeft>
    <RightAnchorToLeft>false</RightAnchorToLeft>
    <LeftAnchorOffset>200</LeftAnchorOffset>
    <RightAnchorOffset>10</RightAnchorOffset>
    <TopAnchorOffset>48</TopAnchorOffset>
    <BottomAnchorOffset>28</BottomAnchorOffset>
    <Style_Checkbox>true</Style_Checkbox>
    <TextAlignCenter>false</TextAlignCenter>
    <TextOffsetX>20</TextOffsetX>
    <DecalSize>
      <CX>15</CX>
      <CY>15</CY>
    </DecalSize>
    <Text>Hide UI</Text>
    <TextColor>
      <R>255</R>
      <G>255</G>
      <B>255</B>
    </TextColor>
    <Template>BDT_CheckboxWithText</Template>
  </Button>
  <Label item="SW_MessageLabel">
    <ScreenID>SW_MessageLabel</ScreenID>
    <Font>3</Font>
    <Text>Message:</Text>
    <TextColor>
      <R>255</R>
      <G>255</G>
      <B>255</B>
    </TextColor>
    <AutoStretch>true</AutoStretch>
    <TopAnchorOffset>5</TopAnchorOffset>
    <RightAnchorOffset>5</RightAnchorOffset>
    <LeftAnchorOffset>225</LeftAnchorOffset>
    <BottomAnchorOffset>20</BottomAnchorOffset>
    <LeftAnchorToLeft>false</LeftAnchorToLeft>
    <TopAnchorToTop>true</TopAnchorToTop>
    <RightAnchorToLeft>false</RightAnchorToLeft>
    <BottomAnchorToTop>true</BottomAnchorToTop>
  </Label>
  <Screen item="SocialWnd">
    <RelativePosition>false</RelativePosition>
    <Location>
      <X>200</X>
      <Y>200</Y>
    </Location>
    <Size>
      <CX>450</CX>
      <CY>200</CY>
    </Size>
    <Text>Sparxx - EQ Share</Text>
    <DrawTemplate>WDT_Rounded</DrawTemplate>
    <Style_Titlebar>true</Style_Titlebar>
    <Style_Closebox>true</Style_Closebox>
    <Style_Minimizebox>true</Style_Minimizebox>
    <Style_Border>true</Style_Border>
    <Style_Sizable>true</Style_Sizable>
    <MinHSize>450</MinHSize>
    <MinVSize>200</MinVSize>
    <Pieces>SW_ScreenShotAnim</Pieces>
    <Pieces>SW_MessageLabel</Pieces>
    <Pieces>SW_ShareTextField</Pieces>
    <Pieces>SW_FacebookButton</Pieces>
    <Pieces>SW_TwitterButton</Pieces>
    <Pieces>SW_IncludePicButton</Pieces>
    <Pieces>SW_HideUIButton</Pieces>
    <Pieces>SW_RetakeButton</Pieces>
    <Pieces>SW_ShareButton</Pieces>
    <Font>2</Font>
  </Screen>
</XML>