<?xml version="1.0" encoding="us-ascii"?>
<XML ID="EQInterfaceDefinitionLanguage">
  <Schema xmlns="EverQuestData" xmlns:dt="EverQuestDataTypes" />
  <TextureInfo item="TargetBox.tga">
    <Size>
      <CX>128</CX>
      <CY>32</CY>
    </Size>
  </TextureInfo>
  <Ui2DAnimation item="A_TargetBoxTop">
    <Cycle>false</Cycle>
    <Frames>
      <Texture>TargetBox.tga</Texture>
      <Location>
        <X>1</X>
        <Y>1</Y>
      </Location>
      <Size>
        <CX>114</CX>
        <CY>2</CY>
      </Size>
    </Frames>
  </Ui2DAnimation>
  <Ui2DAnimation item="A_TargetBoxBottom">
    <Cycle>false</Cycle>
    <Frames>
      <Texture>TargetBox.tga</Texture>
      <Location>
        <X>1</X>
        <Y>26</Y>
      </Location>
      <Size>
        <CX>114</CX>
        <CY>2</CY>
      </Size>
    </Frames>
  </Ui2DAnimation>
  <Ui2DAnimation item="A_TargetBoxLeft">
    <Cycle>false</Cycle>
    <Frames>
      <Texture>TargetBox.tga</Texture>
      <Location>
        <X>1</X>
        <Y>3</Y>
      </Location>
      <Size>
        <CX>3</CX>
        <CY>23</CY>
      </Size>
    </Frames>
  </Ui2DAnimation>
  <Ui2DAnimation item="A_TargetBoxRight">
    <Cycle>false</Cycle>
    <Frames>
      <Texture>TargetBox.tga</Texture>
      <Location>
        <X>111</X>
        <Y>3</Y>
      </Location>
      <Size>
        <CX>3</CX>
        <CY>23</CY>
      </Size>
    </Frames>
  </Ui2DAnimation>
  <Ui2DAnimation item="A_TargetBoxFill">
    <Cycle>false</Cycle>
    <Frames>
      <Texture>TargetBox.tga</Texture>
      <Location>
        <X>4</X>
        <Y>4</Y>
      </Location>
      <Size>
        <CX>107</CX>
        <CY>21</CY>
      </Size>
    </Frames>
  </Ui2DAnimation>
  <StaticAnimation item="A_TargetBoxStaticAnimTop">
    <ScreenID>A_TargetBoxStaticAnimTop</ScreenID>
    <Animation>A_TargetBoxTop</Animation>
    <AutoDraw>false</AutoDraw>
    <AutoStretch>False</AutoStretch>
    <TopAnchorOffset>0</TopAnchorOffset>
    <BottomAnchorOffset>3</BottomAnchorOffset>
    <LeftAnchorOffset>0</LeftAnchorOffset>
    <RightAnchorOffset>0</RightAnchorOffset>
    <TopAnchorToTop>true</TopAnchorToTop>
    <BottomAnchorToTop>true</BottomAnchorToTop>
    <LeftAnchorToLeft>true</LeftAnchorToLeft>
    <RightAnchorToLeft>false</RightAnchorToLeft>
    <Location>
      <X>-17</X>
      <Y>-15</Y>
    </Location>
    <Size>
      <CX>10</CX>
      <CY>10</CY>
    </Size>
  </StaticAnimation>
  <StaticAnimation item="A_TargetBoxStaticAnimBottom">
    <ScreenID>A_TargetBoxStaticAnimBottom</ScreenID>
    <Animation>A_WhitePixel</Animation>
    <AutoDraw>false</AutoDraw>
    <AutoStretch>False</AutoStretch>
    <TopAnchorOffset>74</TopAnchorOffset>
    <BottomAnchorOffset>85</BottomAnchorOffset>
    <LeftAnchorOffset>22</LeftAnchorOffset>
    <RightAnchorOffset>208</RightAnchorOffset>
    <TopAnchorToTop>true</TopAnchorToTop>
    <BottomAnchorToTop>true</BottomAnchorToTop>
    <LeftAnchorToLeft>true</LeftAnchorToLeft>
    <RightAnchorToLeft>false</RightAnchorToLeft>
    <Size>
      <CX>11</CX>
      <CY>11</CY>
    </Size>
    <Location>
      <X>2</X>
      <Y>2</Y>
    </Location>
  </StaticAnimation>
  <Label item="TW_Target Name">
    <ScreenID>Current_Target_N</ScreenID>
    <EQType>28</EQType>
    <Text>Current Target Name</Text>
    <RelativePosition>true</RelativePosition>
    <Location>
      <X>16</X>
      <Y>1</Y>
    </Location>
    <Size>
      <CX>117</CX>
      <CY>14</CY>
    </Size>
    <Text>0</Text>
    <TextColor>
      <R>255</R>
      <G>255</G>
      <B>255</B>
    </TextColor>
    <NoWrap>true</NoWrap>
    <AlignCenter>false</AlignCenter>
    <AlignRight>false</AlignRight>
    <AlignLeft>false</AlignLeft>
    <Font>2</Font>
  </Label>
  <StaticAnimation item="A_TargetBoxStaticAnimLeft">
    <ScreenID>A_TargetBoxStaticAnimLeft</ScreenID>
    <Animation>A_TargetBoxLeft</Animation>
    <AutoDraw>false</AutoDraw>
    <AutoStretch>False</AutoStretch>
    <TopAnchorOffset>3</TopAnchorOffset>
    <BottomAnchorOffset>30</BottomAnchorOffset>
    <LeftAnchorOffset>0</LeftAnchorOffset>
    <RightAnchorOffset>4</RightAnchorOffset>
    <TopAnchorToTop>true</TopAnchorToTop>
    <BottomAnchorToTop>true</BottomAnchorToTop>
    <LeftAnchorToLeft>true</LeftAnchorToLeft>
    <RightAnchorToLeft>true</RightAnchorToLeft>
    <Location>
      <X>-16</X>
      <Y>-13</Y>
    </Location>
    <Size>
      <CX>10</CX>
      <CY>10</CY>
    </Size>
  </StaticAnimation>
  <StaticAnimation item="A_TargetBoxStaticAnimRight">
    <ScreenID>A_TargetBoxStaticAnimRight</ScreenID>
    <Animation>A_TargetBoxRight</Animation>
    <AutoDraw>false</AutoDraw>
    <AutoStretch>False</AutoStretch>
    <TopAnchorOffset>3</TopAnchorOffset>
    <BottomAnchorOffset>30</BottomAnchorOffset>
    <LeftAnchorOffset>4</LeftAnchorOffset>
    <RightAnchorOffset>0</RightAnchorOffset>
    <TopAnchorToTop>true</TopAnchorToTop>
    <BottomAnchorToTop>true</BottomAnchorToTop>
    <LeftAnchorToLeft>false</LeftAnchorToLeft>
    <RightAnchorToLeft>false</RightAnchorToLeft>
    <Location>
      <X>-16</X>
      <Y>-15</Y>
    </Location>
    <Size>
      <CX>10</CX>
      <CY>10</CY>
    </Size>
  </StaticAnimation>
  <StaticAnimation item="A_TargetBoxStaticAnimFill">
    <ScreenID>A_TargetBoxStaticAnimFill</ScreenID>
    <Animation>A_TargetBoxFill</Animation>
    <AutoDraw>false</AutoDraw>
    <AutoStretch>False</AutoStretch>
    <LeftAnchorOffset>1</LeftAnchorOffset>
    <TopAnchorOffset>34</TopAnchorOffset>
    <RightAnchorOffset>3</RightAnchorOffset>
    <BottomAnchorOffset>63</BottomAnchorOffset>
    <BottomAnchorToTop>true</BottomAnchorToTop>
    <RightAnchorToLeft>false</RightAnchorToLeft>
    <Location>
      <X>-16</X>
      <Y>-14</Y>
    </Location>
    <Size>
      <CX>10</CX>
      <CY>10</CY>
    </Size>
  </StaticAnimation>
  <Gauge item="Target_HP">
    <ScreenID>TargetHP</ScreenID>
    <Font>2</Font>
    <TextColor>
      <R>240</R>
      <G>240</G>
      <B>240</B>
    </TextColor>
    <RelativePosition>true</RelativePosition>
    <GaugeOffsetY>-1</GaugeOffsetY>
    <TextOffsetX>-100</TextOffsetX>
    <Style_VScroll>false</Style_VScroll>
    <Style_HScroll>false</Style_HScroll>
    <Style_Transparent>false</Style_Transparent>
    <TooltipReference />
    <FillTint>
      <R>200</R>
      <G>0</G>
      <B>0</B>
    </FillTint>
    <DrawLinesFill>false</DrawLinesFill>
    <EQType>6</EQType>
    <GaugeDrawTemplate>
      <Background>A_GaugeBackground</Background>
      <Fill>A_GaugeFill</Fill>
      <Lines>A_GaugeLines</Lines>
      <LinesFill>A_GaugeLinesFill</LinesFill>
      <EndCapLeft>A_GaugeEndCapLeft</EndCapLeft>
      <EndCapRight>A_GaugeEndCapRight</EndCapRight>
    </GaugeDrawTemplate>
    <AutoStretch>False</AutoStretch>
    <TopAnchorOffset>2</TopAnchorOffset>
    <BottomAnchorOffset>29</BottomAnchorOffset>
    <LeftAnchorOffset>2</LeftAnchorOffset>
    <RightAnchorOffset>4</RightAnchorOffset>
    <RightAnchorToLeft>false</RightAnchorToLeft>
    <Location>
      <X>2</X>
      <Y>15</Y>
    </Location>
    <Size>
      <CX>102</CX>
      <CY>8</CY>
    </Size>
    <Text>Current Target Name</Text>
    <TextOffsetY>-100</TextOffsetY>
    <GaugeOffsetX>-3</GaugeOffsetX>
  </Gauge>
  <Label item="Target_HPLabel">
    <ScreenID>HPLabel</ScreenID>
    <EQType>29</EQType>
    <RelativePosition>true</RelativePosition>
    <Font>2</Font>
    <Text>100</Text>
    <TextColor>
      <R>255</R>
      <G>255</G>
      <B>0</B>
    </TextColor>
    <NoWrap>true</NoWrap>
    <AlignCenter>false</AlignCenter>
    <AutoStretch>false</AutoStretch>
    <TopAnchorOffset>17</TopAnchorOffset>
    <BottomAnchorOffset>29</BottomAnchorOffset>
    <LeftAnchorOffset>0</LeftAnchorOffset>
    <RightAnchorToLeft>false</RightAnchorToLeft>
    <RightAnchorOffset>2</RightAnchorOffset>
    <Location>
      <X>101</X>
      <Y>12</Y>
    </Location>
    <Size>
      <CX>21</CX>
      <CY>12</CY>
    </Size>
    <AlignRight>true</AlignRight>
  </Label>
  <Label item="Target_HPPercLabel">
    <ScreenID>HPPercLabel</ScreenID>
    <RelativePosition>true</RelativePosition>
    <Font>2</Font>
    <Text>%</Text>
    <TextColor>
      <R>255</R>
      <G>255</G>
      <B>255</B>
    </TextColor>
    <NoWrap>true</NoWrap>
    <AlignCenter>false</AlignCenter>
    <AutoStretch>false</AutoStretch>
    <TopAnchorOffset>11</TopAnchorOffset>
    <BottomAnchorOffset>23</BottomAnchorOffset>
    <LeftAnchorOffset>44</LeftAnchorOffset>
    <RightAnchorToLeft>false</RightAnchorToLeft>
    <RightAnchorOffset>-20</RightAnchorOffset>
    <Location>
      <X>121</X>
      <Y>12</Y>
    </Location>
    <Size>
      <CX>10</CX>
      <CY>12</CY>
    </Size>
    <AlignRight>true</AlignRight>
  </Label>
  <Label item="TW_Target of Target Name">
    <ScreenID>Current_Target_Of_Target_N</ScreenID>
    <EQType>135</EQType>
    <Text>Target Of Target Name</Text>
    <RelativePosition>true</RelativePosition>
    <Location>
      <X>138</X>
      <Y>1</Y>
    </Location>
    <Size>
      <CX>81</CX>
      <CY>14</CY>
    </Size>
    <Text>0</Text>
    <TextColor>
      <R>255</R>
      <G>255</G>
      <B>255</B>
    </TextColor>
    <NoWrap>true</NoWrap>
    <AlignCenter>false</AlignCenter>
    <AlignRight>false</AlignRight>
    <AlignLeft>false</AlignLeft>
    <Font>2</Font>
  </Label>
  <Gauge item="TW_Target of Target Hit Points">
    <ScreenID>Target_of_Target_G</ScreenID>
    <RelativePosition>true</RelativePosition>
    <Location>
      <X>140</X>
      <Y>15</Y>
    </Location>
    <Size>
      <CX>102</CX>
      <CY>8</CY>
    </Size>
    <GaugeOffsetY>-1</GaugeOffsetY>
    <Style_VScroll>false</Style_VScroll>
    <Style_HScroll>false</Style_HScroll>
    <Style_Transparent>false</Style_Transparent>
    <FillTint>
      <R>200</R>
      <G>0</G>
      <B>0</B>
    </FillTint>
    <LinesFillTint>
      <R>255</R>
      <G>220</G>
      <B>220</B>
    </LinesFillTint>
    <DrawLinesFill>false</DrawLinesFill>
    <EQType>27</EQType>
    <GaugeDrawTemplate>
      <Background>A_GaugeBackground</Background>
      <Fill>A_GaugeFill</Fill>
      <Lines>A_GaugeLines</Lines>
      <LinesFill>A_GaugeLinesFill</LinesFill>
      <EndCapLeft>A_GaugeEndCapLeft</EndCapLeft>
      <EndCapRight>A_GaugeEndCapRight</EndCapRight>
    </GaugeDrawTemplate>
    <GaugeOffsetX>-3</GaugeOffsetX>
    <Font>2</Font>
    <TextOffsetX>-111</TextOffsetX>
    <TextOffsetY>-111</TextOffsetY>
  </Gauge>
  <Label item="TW_ToT_HP_Percent">
    <ScreenID>Target_Target_HP_P</ScreenID>
    <EQType>120</EQType>
    <Text>100</Text>
    <RelativePosition>true</RelativePosition>
    <Location>
      <X>214</X>
      <Y>3</Y>
    </Location>
    <Size>
      <CX>22</CX>
      <CY>14</CY>
    </Size>
    <Text>0</Text>
    <TextColor>
      <R>255</R>
      <G>255</G>
      <B>0</B>
    </TextColor>
    <NoWrap>true</NoWrap>
    <AlignCenter>false</AlignCenter>
    <AlignRight>true</AlignRight>
    <AlignLeft>false</AlignLeft>
    <Font>1</Font>
  </Label>
  <Label item="TW_ToT_HP_Percent_Label">
    <ScreenID>Percent_L</ScreenID>
    <Font>1</Font>
    <Text>%</Text>
    <TextColor>
      <R>255</R>
      <G>255</G>
      <B>255</B>
    </TextColor>
    <Size>
      <CX>15</CX>
      <CY>15</CY>
    </Size>
    <AlignCenter>true</AlignCenter>
    <Location>
      <X>233</X>
      <Y>3</Y>
    </Location>
  </Label>
  <Button item="Target_Buff0_Button">
    <ScreenID>Buff0</ScreenID>
    <Size>
      <CX>19</CX>
      <CY>19</CY>
    </Size>
    <Style_VScroll>false</Style_VScroll>
    <Style_HScroll>false</Style_HScroll>
    <Style_Transparent>false</Style_Transparent>
    <Style_Checkbox>false</Style_Checkbox>
    <DecalOffset>
      <X>2</X>
      <Y>2</Y>
    </DecalOffset>
    <DecalSize>
      <CX>15</CX>
      <CY>15</CY>
    </DecalSize>
  </Button>
  <Button item="Target_Buff1_Button">
    <ScreenID>Buff1</ScreenID>
    <Size>
      <CX>19</CX>
      <CY>19</CY>
    </Size>
    <Style_VScroll>false</Style_VScroll>
    <Style_HScroll>false</Style_HScroll>
    <Style_Transparent>false</Style_Transparent>
    <Style_Checkbox>false</Style_Checkbox>
    <DecalOffset>
      <X>2</X>
      <Y>2</Y>
    </DecalOffset>
    <DecalSize>
      <CX>15</CX>
      <CY>15</CY>
    </DecalSize>
  </Button>
  <Button item="Target_Buff2_Button">
    <ScreenID>Buff2</ScreenID>
    <Size>
      <CX>19</CX>
      <CY>19</CY>
    </Size>
    <Style_VScroll>false</Style_VScroll>
    <Style_HScroll>false</Style_HScroll>
    <Style_Transparent>false</Style_Transparent>
    <Style_Checkbox>false</Style_Checkbox>
    <DecalOffset>
      <X>2</X>
      <Y>2</Y>
    </DecalOffset>
    <DecalSize>
      <CX>15</CX>
      <CY>15</CY>
    </DecalSize>
  </Button>
  <Button item="Target_Buff3_Button">
    <ScreenID>Buff3</ScreenID>
    <Size>
      <CX>19</CX>
      <CY>19</CY>
    </Size>
    <Style_VScroll>false</Style_VScroll>
    <Style_HScroll>false</Style_HScroll>
    <Style_Transparent>false</Style_Transparent>
    <Style_Checkbox>false</Style_Checkbox>
    <DecalOffset>
      <X>2</X>
      <Y>2</Y>
    </DecalOffset>
    <DecalSize>
      <CX>15</CX>
      <CY>15</CY>
    </DecalSize>
  </Button>
  <Button item="Target_Buff4_Button">
    <ScreenID>Buff4</ScreenID>
    <Size>
      <CX>19</CX>
      <CY>19</CY>
    </Size>
    <Style_VScroll>false</Style_VScroll>
    <Style_HScroll>false</Style_HScroll>
    <Style_Transparent>false</Style_Transparent>
    <Style_Checkbox>false</Style_Checkbox>
    <DecalOffset>
      <X>2</X>
      <Y>2</Y>
    </DecalOffset>
    <DecalSize>
      <CX>15</CX>
      <CY>15</CY>
    </DecalSize>
  </Button>
  <Button item="Target_Buff5_Button">
    <ScreenID>Buff5</ScreenID>
    <Size>
      <CX>19</CX>
      <CY>19</CY>
    </Size>
    <Style_VScroll>false</Style_VScroll>
    <Style_HScroll>false</Style_HScroll>
    <Style_Transparent>false</Style_Transparent>
    <Style_Checkbox>false</Style_Checkbox>
    <DecalOffset>
      <X>2</X>
      <Y>2</Y>
    </DecalOffset>
    <DecalSize>
      <CX>15</CX>
      <CY>15</CY>
    </DecalSize>
  </Button>
  <Button item="Target_Buff6_Button">
    <ScreenID>Buff6</ScreenID>
    <Size>
      <CX>19</CX>
      <CY>19</CY>
    </Size>
    <Style_VScroll>false</Style_VScroll>
    <Style_HScroll>false</Style_HScroll>
    <Style_Transparent>false</Style_Transparent>
    <Style_Checkbox>false</Style_Checkbox>
    <DecalOffset>
      <X>2</X>
      <Y>2</Y>
    </DecalOffset>
    <DecalSize>
      <CX>15</CX>
      <CY>15</CY>
    </DecalSize>
  </Button>
  <Button item="Target_Buff7_Button">
    <ScreenID>Buff7</ScreenID>
    <Size>
      <CX>19</CX>
      <CY>19</CY>
    </Size>
    <Style_VScroll>false</Style_VScroll>
    <Style_HScroll>false</Style_HScroll>
    <Style_Transparent>false</Style_Transparent>
    <Style_Checkbox>false</Style_Checkbox>
    <DecalOffset>
      <X>2</X>
      <Y>2</Y>
    </DecalOffset>
    <DecalSize>
      <CX>15</CX>
      <CY>15</CY>
    </DecalSize>
  </Button>
  <Button item="Target_Buff8_Button">
    <ScreenID>Buff8</ScreenID>
    <Size>
      <CX>19</CX>
      <CY>19</CY>
    </Size>
    <Style_VScroll>false</Style_VScroll>
    <Style_HScroll>false</Style_HScroll>
    <Style_Transparent>false</Style_Transparent>
    <Style_Checkbox>false</Style_Checkbox>
    <DecalOffset>
      <X>2</X>
      <Y>2</Y>
    </DecalOffset>
    <DecalSize>
      <CX>15</CX>
      <CY>15</CY>
    </DecalSize>
  </Button>
  <Button item="Target_Buff9_Button">
    <ScreenID>Buff9</ScreenID>
    <Size>
      <CX>19</CX>
      <CY>19</CY>
    </Size>
    <Style_VScroll>false</Style_VScroll>
    <Style_HScroll>false</Style_HScroll>
    <Style_Transparent>false</Style_Transparent>
    <Style_Checkbox>false</Style_Checkbox>
    <DecalOffset>
      <X>2</X>
      <Y>2</Y>
    </DecalOffset>
    <DecalSize>
      <CX>15</CX>
      <CY>15</CY>
    </DecalSize>
  </Button>
  <Button item="Target_Buff10_Button">
    <ScreenID>Buff10</ScreenID>
    <Size>
      <CX>19</CX>
      <CY>19</CY>
    </Size>
    <Style_VScroll>false</Style_VScroll>
    <Style_HScroll>false</Style_HScroll>
    <Style_Transparent>false</Style_Transparent>
    <Style_Checkbox>false</Style_Checkbox>
    <DecalOffset>
      <X>2</X>
      <Y>2</Y>
    </DecalOffset>
    <DecalSize>
      <CX>15</CX>
      <CY>15</CY>
    </DecalSize>
  </Button>
  <Button item="Target_Buff11_Button">
    <ScreenID>Buff11</ScreenID>
    <Size>
      <CX>19</CX>
      <CY>19</CY>
    </Size>
    <Style_VScroll>false</Style_VScroll>
    <Style_HScroll>false</Style_HScroll>
    <Style_Transparent>false</Style_Transparent>
    <Style_Checkbox>false</Style_Checkbox>
    <DecalOffset>
      <X>2</X>
      <Y>2</Y>
    </DecalOffset>
    <DecalSize>
      <CX>15</CX>
      <CY>15</CY>
    </DecalSize>
  </Button>
  <Button item="Target_Buff12_Button">
    <ScreenID>Buff12</ScreenID>
    <Size>
      <CX>19</CX>
      <CY>19</CY>
    </Size>
    <Style_VScroll>false</Style_VScroll>
    <Style_HScroll>false</Style_HScroll>
    <Style_Transparent>false</Style_Transparent>
    <Style_Checkbox>false</Style_Checkbox>
    <DecalOffset>
      <X>2</X>
      <Y>2</Y>
    </DecalOffset>
    <DecalSize>
      <CX>15</CX>
      <CY>15</CY>
    </DecalSize>
  </Button>
  <Button item="Target_Buff13_Button">
    <ScreenID>Buff13</ScreenID>
    <Size>
      <CX>19</CX>
      <CY>19</CY>
    </Size>
    <Style_VScroll>false</Style_VScroll>
    <Style_HScroll>false</Style_HScroll>
    <Style_Transparent>false</Style_Transparent>
    <Style_Checkbox>false</Style_Checkbox>
    <DecalOffset>
      <X>2</X>
      <Y>2</Y>
    </DecalOffset>
    <DecalSize>
      <CX>15</CX>
      <CY>15</CY>
    </DecalSize>
  </Button>
  <Button item="Target_Buff14_Button">
    <ScreenID>Buff14</ScreenID>
    <Size>
      <CX>19</CX>
      <CY>19</CY>
    </Size>
    <Style_VScroll>false</Style_VScroll>
    <Style_HScroll>false</Style_HScroll>
    <Style_Transparent>false</Style_Transparent>
    <Style_Checkbox>false</Style_Checkbox>
    <DecalOffset>
      <X>2</X>
      <Y>2</Y>
    </DecalOffset>
    <DecalSize>
      <CX>15</CX>
      <CY>15</CY>
    </DecalSize>
  </Button>
  <Button item="Target_Buff15_Button">
    <ScreenID>Buff15</ScreenID>
    <Size>
      <CX>19</CX>
      <CY>19</CY>
    </Size>
    <Style_VScroll>false</Style_VScroll>
    <Style_HScroll>false</Style_HScroll>
    <Style_Transparent>false</Style_Transparent>
    <Style_Checkbox>false</Style_Checkbox>
    <DecalOffset>
      <X>2</X>
      <Y>2</Y>
    </DecalOffset>
    <DecalSize>
      <CX>15</CX>
      <CY>15</CY>
    </DecalSize>
  </Button>
  <Button item="Target_Buff16_Button">
    <ScreenID>Buff16</ScreenID>
    <Size>
      <CX>19</CX>
      <CY>19</CY>
    </Size>
    <Style_VScroll>false</Style_VScroll>
    <Style_HScroll>false</Style_HScroll>
    <Style_Transparent>false</Style_Transparent>
    <Style_Checkbox>false</Style_Checkbox>
    <DecalOffset>
      <X>2</X>
      <Y>2</Y>
    </DecalOffset>
    <DecalSize>
      <CX>15</CX>
      <CY>15</CY>
    </DecalSize>
  </Button>
  <Button item="Target_Buff17_Button">
    <ScreenID>Buff17</ScreenID>
    <Size>
      <CX>19</CX>
      <CY>19</CY>
    </Size>
    <Style_VScroll>false</Style_VScroll>
    <Style_HScroll>false</Style_HScroll>
    <Style_Transparent>false</Style_Transparent>
    <Style_Checkbox>false</Style_Checkbox>
    <DecalOffset>
      <X>2</X>
      <Y>2</Y>
    </DecalOffset>
    <DecalSize>
      <CX>15</CX>
      <CY>15</CY>
    </DecalSize>
  </Button>
  <Button item="Target_Buff18_Button">
    <ScreenID>Buff18</ScreenID>
    <Size>
      <CX>19</CX>
      <CY>19</CY>
    </Size>
    <Style_VScroll>false</Style_VScroll>
    <Style_HScroll>false</Style_HScroll>
    <Style_Transparent>false</Style_Transparent>
    <Style_Checkbox>false</Style_Checkbox>
    <DecalOffset>
      <X>2</X>
      <Y>2</Y>
    </DecalOffset>
    <DecalSize>
      <CX>15</CX>
      <CY>15</CY>
    </DecalSize>
  </Button>
  <Button item="Target_Buff19_Button">
    <ScreenID>Buff19</ScreenID>
    <Size>
      <CX>19</CX>
      <CY>19</CY>
    </Size>
    <Style_VScroll>false</Style_VScroll>
    <Style_HScroll>false</Style_HScroll>
    <Style_Transparent>false</Style_Transparent>
    <Style_Checkbox>false</Style_Checkbox>
    <DecalOffset>
      <X>2</X>
      <Y>2</Y>
    </DecalOffset>
    <DecalSize>
      <CX>15</CX>
      <CY>15</CY>
    </DecalSize>
  </Button>
  <Button item="Target_Buff20_Button">
    <ScreenID>Buff20</ScreenID>
    <Size>
      <CX>19</CX>
      <CY>19</CY>
    </Size>
    <Style_VScroll>false</Style_VScroll>
    <Style_HScroll>false</Style_HScroll>
    <Style_Transparent>false</Style_Transparent>
    <Style_Checkbox>false</Style_Checkbox>
    <DecalOffset>
      <X>2</X>
      <Y>2</Y>
    </DecalOffset>
    <DecalSize>
      <CX>15</CX>
      <CY>15</CY>
    </DecalSize>
  </Button>
  <Button item="Target_Buff21_Button">
    <ScreenID>Buff21</ScreenID>
    <Size>
      <CX>19</CX>
      <CY>19</CY>
    </Size>
    <Style_VScroll>false</Style_VScroll>
    <Style_HScroll>false</Style_HScroll>
    <Style_Transparent>false</Style_Transparent>
    <Style_Checkbox>false</Style_Checkbox>
    <DecalOffset>
      <X>2</X>
      <Y>2</Y>
    </DecalOffset>
    <DecalSize>
      <CX>15</CX>
      <CY>15</CY>
    </DecalSize>
  </Button>
  <Button item="Target_Buff22_Button">
    <ScreenID>Buff22</ScreenID>
    <Size>
      <CX>19</CX>
      <CY>19</CY>
    </Size>
    <Style_VScroll>false</Style_VScroll>
    <Style_HScroll>false</Style_HScroll>
    <Style_Transparent>false</Style_Transparent>
    <Style_Checkbox>false</Style_Checkbox>
    <DecalOffset>
      <X>2</X>
      <Y>2</Y>
    </DecalOffset>
    <DecalSize>
      <CX>15</CX>
      <CY>15</CY>
    </DecalSize>
  </Button>
  <Button item="Target_Buff23_Button">
    <ScreenID>Buff23</ScreenID>
    <Size>
      <CX>19</CX>
      <CY>19</CY>
    </Size>
    <Style_VScroll>false</Style_VScroll>
    <Style_HScroll>false</Style_HScroll>
    <Style_Transparent>false</Style_Transparent>
    <Style_Checkbox>false</Style_Checkbox>
    <DecalOffset>
      <X>2</X>
      <Y>2</Y>
    </DecalOffset>
    <DecalSize>
      <CX>15</CX>
      <CY>15</CY>
    </DecalSize>
  </Button>
  <Button item="Target_Buff24_Button">
    <ScreenID>Buff24</ScreenID>
    <Size>
      <CX>19</CX>
      <CY>19</CY>
    </Size>
    <Style_VScroll>false</Style_VScroll>
    <Style_HScroll>false</Style_HScroll>
    <Style_Transparent>false</Style_Transparent>
    <Style_Checkbox>false</Style_Checkbox>
    <DecalOffset>
      <X>2</X>
      <Y>2</Y>
    </DecalOffset>
    <DecalSize>
      <CX>15</CX>
      <CY>15</CY>
    </DecalSize>
  </Button>
  <Button item="Target_Buff25_Button">
    <ScreenID>Buff25</ScreenID>
    <Size>
      <CX>19</CX>
      <CY>19</CY>
    </Size>
    <Style_VScroll>false</Style_VScroll>
    <Style_HScroll>false</Style_HScroll>
    <Style_Transparent>false</Style_Transparent>
    <Style_Checkbox>false</Style_Checkbox>
    <DecalOffset>
      <X>2</X>
      <Y>2</Y>
    </DecalOffset>
    <DecalSize>
      <CX>15</CX>
      <CY>15</CY>
    </DecalSize>
  </Button>
  <Button item="Target_Buff26_Button">
    <ScreenID>Buff26</ScreenID>
    <Size>
      <CX>19</CX>
      <CY>19</CY>
    </Size>
    <Style_VScroll>false</Style_VScroll>
    <Style_HScroll>false</Style_HScroll>
    <Style_Transparent>false</Style_Transparent>
    <Style_Checkbox>false</Style_Checkbox>
    <DecalOffset>
      <X>2</X>
      <Y>2</Y>
    </DecalOffset>
    <DecalSize>
      <CX>15</CX>
      <CY>15</CY>
    </DecalSize>
  </Button>
  <Button item="Target_Buff27_Button">
    <ScreenID>Buff27</ScreenID>
    <Size>
      <CX>19</CX>
      <CY>19</CY>
    </Size>
    <Style_VScroll>false</Style_VScroll>
    <Style_HScroll>false</Style_HScroll>
    <Style_Transparent>false</Style_Transparent>
    <Style_Checkbox>false</Style_Checkbox>
    <DecalOffset>
      <X>2</X>
      <Y>2</Y>
    </DecalOffset>
    <DecalSize>
      <CX>15</CX>
      <CY>15</CY>
    </DecalSize>
  </Button>
  <Button item="Target_Buff28_Button">
    <ScreenID>Buff28</ScreenID>
    <Size>
      <CX>19</CX>
      <CY>19</CY>
    </Size>
    <Style_VScroll>false</Style_VScroll>
    <Style_HScroll>false</Style_HScroll>
    <Style_Transparent>false</Style_Transparent>
    <Style_Checkbox>false</Style_Checkbox>
    <DecalOffset>
      <X>2</X>
      <Y>2</Y>
    </DecalOffset>
    <DecalSize>
      <CX>15</CX>
      <CY>15</CY>
    </DecalSize>
  </Button>
  <Button item="Target_Buff29_Button">
    <ScreenID>Buff29</ScreenID>
    <Size>
      <CX>19</CX>
      <CY>19</CY>
    </Size>
    <Style_VScroll>false</Style_VScroll>
    <Style_HScroll>false</Style_HScroll>
    <Style_Transparent>false</Style_Transparent>
    <Style_Checkbox>false</Style_Checkbox>
    <DecalOffset>
      <X>2</X>
      <Y>2</Y>
    </DecalOffset>
    <DecalSize>
      <CX>15</CX>
      <CY>15</CY>
    </DecalSize>
  </Button>
  <Button item="Target_Buff30_Button">
    <ScreenID>Buff30</ScreenID>
    <Size>
      <CX>19</CX>
      <CY>19</CY>
    </Size>
    <Style_VScroll>false</Style_VScroll>
    <Style_HScroll>false</Style_HScroll>
    <Style_Transparent>false</Style_Transparent>
    <Style_Checkbox>false</Style_Checkbox>
    <DecalOffset>
      <X>2</X>
      <Y>2</Y>
    </DecalOffset>
    <DecalSize>
      <CX>15</CX>
      <CY>15</CY>
    </DecalSize>
  </Button>
  <Button item="Target_Buff31_Button">
    <ScreenID>Buff31</ScreenID>
    <Size>
      <CX>19</CX>
      <CY>19</CY>
    </Size>
    <Style_VScroll>false</Style_VScroll>
    <Style_HScroll>false</Style_HScroll>
    <Style_Transparent>false</Style_Transparent>
    <Style_Checkbox>false</Style_Checkbox>
    <DecalOffset>
      <X>2</X>
      <Y>2</Y>
    </DecalOffset>
    <DecalSize>
      <CX>15</CX>
      <CY>15</CY>
    </DecalSize>
  </Button>
  <Button item="Target_Buff32_Button">
    <ScreenID>Buff32</ScreenID>
    <Size>
      <CX>19</CX>
      <CY>19</CY>
    </Size>
    <Style_VScroll>false</Style_VScroll>
    <Style_HScroll>false</Style_HScroll>
    <Style_Transparent>false</Style_Transparent>
    <Style_Checkbox>false</Style_Checkbox>
    <DecalOffset>
      <X>2</X>
      <Y>2</Y>
    </DecalOffset>
    <DecalSize>
      <CX>15</CX>
      <CY>15</CY>
    </DecalSize>
  </Button>
  <Button item="Target_Buff33_Button">
    <ScreenID>Buff33</ScreenID>
    <Size>
      <CX>19</CX>
      <CY>19</CY>
    </Size>
    <Style_VScroll>false</Style_VScroll>
    <Style_HScroll>false</Style_HScroll>
    <Style_Transparent>false</Style_Transparent>
    <Style_Checkbox>false</Style_Checkbox>
    <DecalOffset>
      <X>2</X>
      <Y>2</Y>
    </DecalOffset>
    <DecalSize>
      <CX>15</CX>
      <CY>15</CY>
    </DecalSize>
  </Button>
  <Button item="Target_Buff34_Button">
    <ScreenID>Buff34</ScreenID>
    <Size>
      <CX>19</CX>
      <CY>19</CY>
    </Size>
    <Style_VScroll>false</Style_VScroll>
    <Style_HScroll>false</Style_HScroll>
    <Style_Transparent>false</Style_Transparent>
    <Style_Checkbox>false</Style_Checkbox>
    <DecalOffset>
      <X>2</X>
      <Y>2</Y>
    </DecalOffset>
    <DecalSize>
      <CX>15</CX>
      <CY>15</CY>
    </DecalSize>
  </Button>
  <Button item="Target_Buff35_Button">
    <ScreenID>Buff35</ScreenID>
    <Size>
      <CX>19</CX>
      <CY>19</CY>
    </Size>
    <Style_VScroll>false</Style_VScroll>
    <Style_HScroll>false</Style_HScroll>
    <Style_Transparent>false</Style_Transparent>
    <Style_Checkbox>false</Style_Checkbox>
    <DecalOffset>
      <X>2</X>
      <Y>2</Y>
    </DecalOffset>
    <DecalSize>
      <CX>15</CX>
      <CY>15</CY>
    </DecalSize>
  </Button>
  <Button item="Target_Buff36_Button">
    <ScreenID>Buff36</ScreenID>
    <Size>
      <CX>19</CX>
      <CY>19</CY>
    </Size>
    <Style_VScroll>false</Style_VScroll>
    <Style_HScroll>false</Style_HScroll>
    <Style_Transparent>false</Style_Transparent>
    <Style_Checkbox>false</Style_Checkbox>
    <DecalOffset>
      <X>2</X>
      <Y>2</Y>
    </DecalOffset>
    <DecalSize>
      <CX>15</CX>
      <CY>15</CY>
    </DecalSize>
  </Button>
  <Button item="Target_Buff37_Button">
    <ScreenID>Buff37</ScreenID>
    <Size>
      <CX>19</CX>
      <CY>19</CY>
    </Size>
    <Style_VScroll>false</Style_VScroll>
    <Style_HScroll>false</Style_HScroll>
    <Style_Transparent>false</Style_Transparent>
    <Style_Checkbox>false</Style_Checkbox>
    <DecalOffset>
      <X>2</X>
      <Y>2</Y>
    </DecalOffset>
    <DecalSize>
      <CX>15</CX>
      <CY>15</CY>
    </DecalSize>
  </Button>
  <Button item="Target_Buff38_Button">
    <ScreenID>Buff38</ScreenID>
    <Size>
      <CX>19</CX>
      <CY>19</CY>
    </Size>
    <Style_VScroll>false</Style_VScroll>
    <Style_HScroll>false</Style_HScroll>
    <Style_Transparent>false</Style_Transparent>
    <Style_Checkbox>false</Style_Checkbox>
    <DecalOffset>
      <X>2</X>
      <Y>2</Y>
    </DecalOffset>
    <DecalSize>
      <CX>15</CX>
      <CY>15</CY>
    </DecalSize>
  </Button>
  <Button item="Target_Buff39_Button">
    <ScreenID>Buff39</ScreenID>
    <Size>
      <CX>19</CX>
      <CY>19</CY>
    </Size>
    <Style_VScroll>false</Style_VScroll>
    <Style_HScroll>false</Style_HScroll>
    <Style_Transparent>false</Style_Transparent>
    <Style_Checkbox>false</Style_Checkbox>
    <DecalOffset>
      <X>2</X>
      <Y>2</Y>
    </DecalOffset>
    <DecalSize>
      <CX>15</CX>
      <CY>15</CY>
    </DecalSize>
  </Button>
  <Button item="Target_Buff40_Button">
    <ScreenID>Buff40</ScreenID>
    <Size>
      <CX>19</CX>
      <CY>19</CY>
    </Size>
    <Style_VScroll>false</Style_VScroll>
    <Style_HScroll>false</Style_HScroll>
    <Style_Transparent>false</Style_Transparent>
    <Style_Checkbox>false</Style_Checkbox>
    <DecalOffset>
      <X>2</X>
      <Y>2</Y>
    </DecalOffset>
    <DecalSize>
      <CX>15</CX>
      <CY>15</CY>
    </DecalSize>
  </Button>
  <Button item="Target_Buff41_Button">
    <ScreenID>Buff41</ScreenID>
    <Size>
      <CX>19</CX>
      <CY>19</CY>
    </Size>
    <Style_VScroll>false</Style_VScroll>
    <Style_HScroll>false</Style_HScroll>
    <Style_Transparent>false</Style_Transparent>
    <Style_Checkbox>false</Style_Checkbox>
    <DecalOffset>
      <X>2</X>
      <Y>2</Y>
    </DecalOffset>
    <DecalSize>
      <CX>15</CX>
      <CY>15</CY>
    </DecalSize>
  </Button>
  <Button item="Target_Buff42_Button">
    <ScreenID>Buff42</ScreenID>
    <Size>
      <CX>19</CX>
      <CY>19</CY>
    </Size>
    <Style_VScroll>false</Style_VScroll>
    <Style_HScroll>false</Style_HScroll>
    <Style_Transparent>false</Style_Transparent>
    <Style_Checkbox>false</Style_Checkbox>
    <DecalOffset>
      <X>2</X>
      <Y>2</Y>
    </DecalOffset>
    <DecalSize>
      <CX>15</CX>
      <CY>15</CY>
    </DecalSize>
  </Button>
  <Button item="Target_Buff43_Button">
    <ScreenID>Buff43</ScreenID>
    <Size>
      <CX>19</CX>
      <CY>19</CY>
    </Size>
    <Style_VScroll>false</Style_VScroll>
    <Style_HScroll>false</Style_HScroll>
    <Style_Transparent>false</Style_Transparent>
    <Style_Checkbox>false</Style_Checkbox>
    <DecalOffset>
      <X>2</X>
      <Y>2</Y>
    </DecalOffset>
    <DecalSize>
      <CX>15</CX>
      <CY>15</CY>
    </DecalSize>
  </Button>
  <Button item="Target_Buff44_Button">
    <ScreenID>Buff44</ScreenID>
    <Size>
      <CX>19</CX>
      <CY>19</CY>
    </Size>
    <Style_VScroll>false</Style_VScroll>
    <Style_HScroll>false</Style_HScroll>
    <Style_Transparent>false</Style_Transparent>
    <Style_Checkbox>false</Style_Checkbox>
    <DecalOffset>
      <X>2</X>
      <Y>2</Y>
    </DecalOffset>
    <DecalSize>
      <CX>15</CX>
      <CY>15</CY>
    </DecalSize>
  </Button>
  <Button item="Target_Buff45_Button">
    <ScreenID>Buff45</ScreenID>
    <Size>
      <CX>19</CX>
      <CY>19</CY>
    </Size>
    <Style_VScroll>false</Style_VScroll>
    <Style_HScroll>false</Style_HScroll>
    <Style_Transparent>false</Style_Transparent>
    <Style_Checkbox>false</Style_Checkbox>
    <DecalOffset>
      <X>2</X>
      <Y>2</Y>
    </DecalOffset>
    <DecalSize>
      <CX>15</CX>
      <CY>15</CY>
    </DecalSize>
  </Button>
  <Button item="Target_Buff46_Button">
    <ScreenID>Buff46</ScreenID>
    <Size>
      <CX>19</CX>
      <CY>19</CY>
    </Size>
    <Style_VScroll>false</Style_VScroll>
    <Style_HScroll>false</Style_HScroll>
    <Style_Transparent>false</Style_Transparent>
    <Style_Checkbox>false</Style_Checkbox>
    <DecalOffset>
      <X>2</X>
      <Y>2</Y>
    </DecalOffset>
    <DecalSize>
      <CX>15</CX>
      <CY>15</CY>
    </DecalSize>
  </Button>
  <Button item="Target_Buff47_Button">
    <ScreenID>Buff47</ScreenID>
    <Size>
      <CX>19</CX>
      <CY>19</CY>
    </Size>
    <Style_VScroll>false</Style_VScroll>
    <Style_HScroll>false</Style_HScroll>
    <Style_Transparent>false</Style_Transparent>
    <Style_Checkbox>false</Style_Checkbox>
    <DecalOffset>
      <X>2</X>
      <Y>2</Y>
    </DecalOffset>
    <DecalSize>
      <CX>15</CX>
      <CY>15</CY>
    </DecalSize>
  </Button>
  <Button item="Target_Buff48_Button">
    <ScreenID>Buff48</ScreenID>
    <Size>
      <CX>19</CX>
      <CY>19</CY>
    </Size>
    <Style_VScroll>false</Style_VScroll>
    <Style_HScroll>false</Style_HScroll>
    <Style_Transparent>false</Style_Transparent>
    <Style_Checkbox>false</Style_Checkbox>
    <DecalOffset>
      <X>2</X>
      <Y>2</Y>
    </DecalOffset>
    <DecalSize>
      <CX>15</CX>
      <CY>15</CY>
    </DecalSize>
  </Button>
  <Button item="Target_Buff49_Button">
    <ScreenID>Buff49</ScreenID>
    <Size>
      <CX>19</CX>
      <CY>19</CY>
    </Size>
    <Style_VScroll>false</Style_VScroll>
    <Style_HScroll>false</Style_HScroll>
    <Style_Transparent>false</Style_Transparent>
    <Style_Checkbox>false</Style_Checkbox>
    <DecalOffset>
      <X>2</X>
      <Y>2</Y>
    </DecalOffset>
    <DecalSize>
      <CX>15</CX>
      <CY>15</CY>
    </DecalSize>
  </Button>
  <Button item="Target_Buff50_Button">
    <ScreenID>Buff50</ScreenID>
    <Size>
      <CX>19</CX>
      <CY>19</CY>
    </Size>
    <Style_VScroll>false</Style_VScroll>
    <Style_HScroll>false</Style_HScroll>
    <Style_Transparent>false</Style_Transparent>
    <Style_Checkbox>false</Style_Checkbox>
    <DecalOffset>
      <X>2</X>
      <Y>2</Y>
    </DecalOffset>
    <DecalSize>
      <CX>15</CX>
      <CY>15</CY>
    </DecalSize>
  </Button>
  <Button item="Target_Buff51_Button">
    <ScreenID>Buff51</ScreenID>
    <Size>
      <CX>19</CX>
      <CY>19</CY>
    </Size>
    <Style_VScroll>false</Style_VScroll>
    <Style_HScroll>false</Style_HScroll>
    <Style_Transparent>false</Style_Transparent>
    <Style_Checkbox>false</Style_Checkbox>
    <DecalOffset>
      <X>2</X>
      <Y>2</Y>
    </DecalOffset>
    <DecalSize>
      <CX>15</CX>
      <CY>15</CY>
    </DecalSize>
  </Button>
  <Button item="Target_Buff52_Button">
    <ScreenID>Buff52</ScreenID>
    <Size>
      <CX>19</CX>
      <CY>19</CY>
    </Size>
    <Style_VScroll>false</Style_VScroll>
    <Style_HScroll>false</Style_HScroll>
    <Style_Transparent>false</Style_Transparent>
    <Style_Checkbox>false</Style_Checkbox>
    <DecalOffset>
      <X>2</X>
      <Y>2</Y>
    </DecalOffset>
    <DecalSize>
      <CX>15</CX>
      <CY>15</CY>
    </DecalSize>
  </Button>
  <Button item="Target_Buff53_Button">
    <ScreenID>Buff53</ScreenID>
    <Size>
      <CX>19</CX>
      <CY>19</CY>
    </Size>
    <Style_VScroll>false</Style_VScroll>
    <Style_HScroll>false</Style_HScroll>
    <Style_Transparent>false</Style_Transparent>
    <Style_Checkbox>false</Style_Checkbox>
    <DecalOffset>
      <X>2</X>
      <Y>2</Y>
    </DecalOffset>
    <DecalSize>
      <CX>15</CX>
      <CY>15</CY>
    </DecalSize>
  </Button>
  <Button item="Target_Buff54_Button">
    <ScreenID>Buff54</ScreenID>
    <Size>
      <CX>19</CX>
      <CY>19</CY>
    </Size>
    <Style_VScroll>false</Style_VScroll>
    <Style_HScroll>false</Style_HScroll>
    <Style_Transparent>false</Style_Transparent>
    <Style_Checkbox>false</Style_Checkbox>
    <DecalOffset>
      <X>2</X>
      <Y>2</Y>
    </DecalOffset>
    <DecalSize>
      <CX>15</CX>
      <CY>15</CY>
    </DecalSize>
  </Button>
  <Button item="Target_Buff55_Button">
    <ScreenID>Buff55</ScreenID>
    <Size>
      <CX>19</CX>
      <CY>19</CY>
    </Size>
    <Style_VScroll>false</Style_VScroll>
    <Style_HScroll>false</Style_HScroll>
    <Style_Transparent>false</Style_Transparent>
    <Style_Checkbox>false</Style_Checkbox>
    <DecalOffset>
      <X>2</X>
      <Y>2</Y>
    </DecalOffset>
    <DecalSize>
      <CX>15</CX>
      <CY>15</CY>
    </DecalSize>
  </Button>
  <Button item="Target_Buff56_Button">
    <ScreenID>Buff56</ScreenID>
    <Size>
      <CX>19</CX>
      <CY>19</CY>
    </Size>
    <Style_VScroll>false</Style_VScroll>
    <Style_HScroll>false</Style_HScroll>
    <Style_Transparent>false</Style_Transparent>
    <Style_Checkbox>false</Style_Checkbox>
    <DecalOffset>
      <X>2</X>
      <Y>2</Y>
    </DecalOffset>
    <DecalSize>
      <CX>15</CX>
      <CY>15</CY>
    </DecalSize>
  </Button>
  <Button item="Target_Buff57_Button">
    <ScreenID>Buff57</ScreenID>
    <Size>
      <CX>19</CX>
      <CY>19</CY>
    </Size>
    <Style_VScroll>false</Style_VScroll>
    <Style_HScroll>false</Style_HScroll>
    <Style_Transparent>false</Style_Transparent>
    <Style_Checkbox>false</Style_Checkbox>
    <DecalOffset>
      <X>2</X>
      <Y>2</Y>
    </DecalOffset>
    <DecalSize>
      <CX>15</CX>
      <CY>15</CY>
    </DecalSize>
  </Button>
  <Button item="Target_Buff58_Button">
    <ScreenID>Buff58</ScreenID>
    <Size>
      <CX>19</CX>
      <CY>19</CY>
    </Size>
    <Style_VScroll>false</Style_VScroll>
    <Style_HScroll>false</Style_HScroll>
    <Style_Transparent>false</Style_Transparent>
    <Style_Checkbox>false</Style_Checkbox>
    <DecalOffset>
      <X>2</X>
      <Y>2</Y>
    </DecalOffset>
    <DecalSize>
      <CX>15</CX>
      <CY>15</CY>
    </DecalSize>
  </Button>
  <Button item="Target_Buff59_Button">
    <ScreenID>Buff59</ScreenID>
    <Size>
      <CX>19</CX>
      <CY>19</CY>
    </Size>
    <Style_VScroll>false</Style_VScroll>
    <Style_HScroll>false</Style_HScroll>
    <Style_Transparent>false</Style_Transparent>
    <Style_Checkbox>false</Style_Checkbox>
    <DecalOffset>
      <X>2</X>
      <Y>2</Y>
    </DecalOffset>
    <DecalSize>
      <CX>15</CX>
      <CY>15</CY>
    </DecalSize>
  </Button>
  <Button item="Target_Buff60_Button">
    <ScreenID>Buff60</ScreenID>
    <Size>
      <CX>19</CX>
      <CY>19</CY>
    </Size>
    <Style_VScroll>false</Style_VScroll>
    <Style_HScroll>false</Style_HScroll>
    <Style_Transparent>false</Style_Transparent>
    <Style_Checkbox>false</Style_Checkbox>
    <DecalOffset>
      <X>2</X>
      <Y>2</Y>
    </DecalOffset>
    <DecalSize>
      <CX>15</CX>
      <CY>15</CY>
    </DecalSize>
  </Button>
  <Button item="Target_Buff61_Button">
    <ScreenID>Buff61</ScreenID>
    <Size>
      <CX>19</CX>
      <CY>19</CY>
    </Size>
    <Style_VScroll>false</Style_VScroll>
    <Style_HScroll>false</Style_HScroll>
    <Style_Transparent>false</Style_Transparent>
    <Style_Checkbox>false</Style_Checkbox>
    <DecalOffset>
      <X>2</X>
      <Y>2</Y>
    </DecalOffset>
    <DecalSize>
      <CX>15</CX>
      <CY>15</CY>
    </DecalSize>
  </Button>
  <Button item="Target_Buff62_Button">
    <ScreenID>Buff62</ScreenID>
    <Size>
      <CX>19</CX>
      <CY>19</CY>
    </Size>
    <Style_VScroll>false</Style_VScroll>
    <Style_HScroll>false</Style_HScroll>
    <Style_Transparent>false</Style_Transparent>
    <Style_Checkbox>false</Style_Checkbox>
    <DecalOffset>
      <X>2</X>
      <Y>2</Y>
    </DecalOffset>
    <DecalSize>
      <CX>15</CX>
      <CY>15</CY>
    </DecalSize>
  </Button>
  <Button item="Target_Buff63_Button">
    <ScreenID>Buff63</ScreenID>
    <Size>
      <CX>19</CX>
      <CY>19</CY>
    </Size>
    <Style_VScroll>false</Style_VScroll>
    <Style_HScroll>false</Style_HScroll>
    <Style_Transparent>false</Style_Transparent>
    <Style_Checkbox>false</Style_Checkbox>
    <DecalOffset>
      <X>2</X>
      <Y>2</Y>
    </DecalOffset>
    <DecalSize>
      <CX>15</CX>
      <CY>15</CY>
    </DecalSize>
  </Button>
  <Button item="Target_Buff64_Button">
    <ScreenID>Buff64</ScreenID>
    <Size>
      <CX>19</CX>
      <CY>19</CY>
    </Size>
    <Style_VScroll>false</Style_VScroll>
    <Style_HScroll>false</Style_HScroll>
    <Style_Transparent>false</Style_Transparent>
    <Style_Checkbox>false</Style_Checkbox>
    <DecalOffset>
      <X>2</X>
      <Y>2</Y>
    </DecalOffset>
    <DecalSize>
      <CX>15</CX>
      <CY>15</CY>
    </DecalSize>
  </Button>
  <Button item="Target_Buff65_Button">
    <ScreenID>Buff65</ScreenID>
    <Size>
      <CX>19</CX>
      <CY>19</CY>
    </Size>
    <Style_VScroll>false</Style_VScroll>
    <Style_HScroll>false</Style_HScroll>
    <Style_Transparent>false</Style_Transparent>
    <Style_Checkbox>false</Style_Checkbox>
    <DecalOffset>
      <X>2</X>
      <Y>2</Y>
    </DecalOffset>
    <DecalSize>
      <CX>15</CX>
      <CY>15</CY>
    </DecalSize>
  </Button>
  <Button item="Target_Buff66_Button">
    <ScreenID>Buff66</ScreenID>
    <Size>
      <CX>19</CX>
      <CY>19</CY>
    </Size>
    <Style_VScroll>false</Style_VScroll>
    <Style_HScroll>false</Style_HScroll>
    <Style_Transparent>false</Style_Transparent>
    <Style_Checkbox>false</Style_Checkbox>
    <DecalOffset>
      <X>2</X>
      <Y>2</Y>
    </DecalOffset>
    <DecalSize>
      <CX>15</CX>
      <CY>15</CY>
    </DecalSize>
  </Button>
  <Button item="Target_Buff67_Button">
    <ScreenID>Buff67</ScreenID>
    <Size>
      <CX>19</CX>
      <CY>19</CY>
    </Size>
    <Style_VScroll>false</Style_VScroll>
    <Style_HScroll>false</Style_HScroll>
    <Style_Transparent>false</Style_Transparent>
    <Style_Checkbox>false</Style_Checkbox>
    <DecalOffset>
      <X>2</X>
      <Y>2</Y>
    </DecalOffset>
    <DecalSize>
      <CX>15</CX>
      <CY>15</CY>
    </DecalSize>
  </Button>
  <Button item="Target_Buff68_Button">
    <ScreenID>Buff68</ScreenID>
    <Size>
      <CX>19</CX>
      <CY>19</CY>
    </Size>
    <Style_VScroll>false</Style_VScroll>
    <Style_HScroll>false</Style_HScroll>
    <Style_Transparent>false</Style_Transparent>
    <Style_Checkbox>false</Style_Checkbox>
    <DecalOffset>
      <X>2</X>
      <Y>2</Y>
    </DecalOffset>
    <DecalSize>
      <CX>15</CX>
      <CY>15</CY>
    </DecalSize>
  </Button>
  <Button item="Target_Buff69_Button">
    <ScreenID>Buff69</ScreenID>
    <Size>
      <CX>19</CX>
      <CY>19</CY>
    </Size>
    <Style_VScroll>false</Style_VScroll>
    <Style_HScroll>false</Style_HScroll>
    <Style_Transparent>false</Style_Transparent>
    <Style_Checkbox>false</Style_Checkbox>
    <DecalOffset>
      <X>2</X>
      <Y>2</Y>
    </DecalOffset>
    <DecalSize>
      <CX>15</CX>
      <CY>15</CY>
    </DecalSize>
  </Button>
  <Button item="Target_Buff70_Button">
    <ScreenID>Buff70</ScreenID>
    <Size>
      <CX>19</CX>
      <CY>19</CY>
    </Size>
    <Style_VScroll>false</Style_VScroll>
    <Style_HScroll>false</Style_HScroll>
    <Style_Transparent>false</Style_Transparent>
    <Style_Checkbox>false</Style_Checkbox>
    <DecalOffset>
      <X>2</X>
      <Y>2</Y>
    </DecalOffset>
    <DecalSize>
      <CX>15</CX>
      <CY>15</CY>
    </DecalSize>
  </Button>
  <Button item="Target_Buff71_Button">
    <ScreenID>Buff71</ScreenID>
    <Size>
      <CX>19</CX>
      <CY>19</CY>
    </Size>
    <Style_VScroll>false</Style_VScroll>
    <Style_HScroll>false</Style_HScroll>
    <Style_Transparent>false</Style_Transparent>
    <Style_Checkbox>false</Style_Checkbox>
    <DecalOffset>
      <X>2</X>
      <Y>2</Y>
    </DecalOffset>
    <DecalSize>
      <CX>15</CX>
      <CY>15</CY>
    </DecalSize>
  </Button>
  <Button item="Target_Buff72_Button">
    <ScreenID>Buff72</ScreenID>
    <Size>
      <CX>19</CX>
      <CY>19</CY>
    </Size>
    <Style_VScroll>false</Style_VScroll>
    <Style_HScroll>false</Style_HScroll>
    <Style_Transparent>false</Style_Transparent>
    <Style_Checkbox>false</Style_Checkbox>
    <DecalOffset>
      <X>2</X>
      <Y>2</Y>
    </DecalOffset>
    <DecalSize>
      <CX>15</CX>
      <CY>15</CY>
    </DecalSize>
  </Button>
  <Button item="Target_Buff73_Button">
    <ScreenID>Buff73</ScreenID>
    <Size>
      <CX>19</CX>
      <CY>19</CY>
    </Size>
    <Style_VScroll>false</Style_VScroll>
    <Style_HScroll>false</Style_HScroll>
    <Style_Transparent>false</Style_Transparent>
    <Style_Checkbox>false</Style_Checkbox>
    <DecalOffset>
      <X>2</X>
      <Y>2</Y>
    </DecalOffset>
    <DecalSize>
      <CX>15</CX>
      <CY>15</CY>
    </DecalSize>
  </Button>
  <Button item="Target_Buff74_Button">
    <ScreenID>Buff74</ScreenID>
    <Size>
      <CX>19</CX>
      <CY>19</CY>
    </Size>
    <Style_VScroll>false</Style_VScroll>
    <Style_HScroll>false</Style_HScroll>
    <Style_Transparent>false</Style_Transparent>
    <Style_Checkbox>false</Style_Checkbox>
    <DecalOffset>
      <X>2</X>
      <Y>2</Y>
    </DecalOffset>
    <DecalSize>
      <CX>15</CX>
      <CY>15</CY>
    </DecalSize>
  </Button>
  <Button item="Target_Buff75_Button">
    <ScreenID>Buff75</ScreenID>
    <Size>
      <CX>19</CX>
      <CY>19</CY>
    </Size>
    <Style_VScroll>false</Style_VScroll>
    <Style_HScroll>false</Style_HScroll>
    <Style_Transparent>false</Style_Transparent>
    <Style_Checkbox>false</Style_Checkbox>
    <DecalOffset>
      <X>2</X>
      <Y>2</Y>
    </DecalOffset>
    <DecalSize>
      <CX>15</CX>
      <CY>15</CY>
    </DecalSize>
  </Button>
  <Button item="Target_Buff76_Button">
    <ScreenID>Buff76</ScreenID>
    <Size>
      <CX>19</CX>
      <CY>19</CY>
    </Size>
    <Style_VScroll>false</Style_VScroll>
    <Style_HScroll>false</Style_HScroll>
    <Style_Transparent>false</Style_Transparent>
    <Style_Checkbox>false</Style_Checkbox>
    <DecalOffset>
      <X>2</X>
      <Y>2</Y>
    </DecalOffset>
    <DecalSize>
      <CX>15</CX>
      <CY>15</CY>
    </DecalSize>
  </Button>
  <Button item="Target_Buff77_Button">
    <ScreenID>Buff77</ScreenID>
    <Size>
      <CX>19</CX>
      <CY>19</CY>
    </Size>
    <Style_VScroll>false</Style_VScroll>
    <Style_HScroll>false</Style_HScroll>
    <Style_Transparent>false</Style_Transparent>
    <Style_Checkbox>false</Style_Checkbox>
    <DecalOffset>
      <X>2</X>
      <Y>2</Y>
    </DecalOffset>
    <DecalSize>
      <CX>15</CX>
      <CY>15</CY>
    </DecalSize>
  </Button>
  <Button item="Target_Buff78_Button">
    <ScreenID>Buff78</ScreenID>
    <Size>
      <CX>19</CX>
      <CY>19</CY>
    </Size>
    <Style_VScroll>false</Style_VScroll>
    <Style_HScroll>false</Style_HScroll>
    <Style_Transparent>false</Style_Transparent>
    <Style_Checkbox>false</Style_Checkbox>
    <DecalOffset>
      <X>2</X>
      <Y>2</Y>
    </DecalOffset>
    <DecalSize>
      <CX>15</CX>
      <CY>15</CY>
    </DecalSize>
  </Button>
  <Button item="Target_Buff79_Button">
    <ScreenID>Buff79</ScreenID>
    <Size>
      <CX>19</CX>
      <CY>19</CY>
    </Size>
    <Style_VScroll>false</Style_VScroll>
    <Style_HScroll>false</Style_HScroll>
    <Style_Transparent>false</Style_Transparent>
    <Style_Checkbox>false</Style_Checkbox>
    <DecalOffset>
      <X>2</X>
      <Y>2</Y>
    </DecalOffset>
    <DecalSize>
      <CX>15</CX>
      <CY>15</CY>
    </DecalSize>
  </Button>
  <Button item="Target_Buff80_Button">
    <ScreenID>Buff80</ScreenID>
    <Size>
      <CX>19</CX>
      <CY>19</CY>
    </Size>
    <Style_VScroll>false</Style_VScroll>
    <Style_HScroll>false</Style_HScroll>
    <Style_Transparent>false</Style_Transparent>
    <Style_Checkbox>false</Style_Checkbox>
    <DecalOffset>
      <X>2</X>
      <Y>2</Y>
    </DecalOffset>
    <DecalSize>
      <CX>15</CX>
      <CY>15</CY>
    </DecalSize>
  </Button>
  <Button item="Target_Buff81_Button">
    <ScreenID>Buff81</ScreenID>
    <Size>
      <CX>19</CX>
      <CY>19</CY>
    </Size>
    <Style_VScroll>false</Style_VScroll>
    <Style_HScroll>false</Style_HScroll>
    <Style_Transparent>false</Style_Transparent>
    <Style_Checkbox>false</Style_Checkbox>
    <DecalOffset>
      <X>2</X>
      <Y>2</Y>
    </DecalOffset>
    <DecalSize>
      <CX>15</CX>
      <CY>15</CY>
    </DecalSize>
  </Button>
  <Button item="Target_Buff82_Button">
    <ScreenID>Buff82</ScreenID>
    <Size>
      <CX>19</CX>
      <CY>19</CY>
    </Size>
    <Style_VScroll>false</Style_VScroll>
    <Style_HScroll>false</Style_HScroll>
    <Style_Transparent>false</Style_Transparent>
    <Style_Checkbox>false</Style_Checkbox>
    <DecalOffset>
      <X>2</X>
      <Y>2</Y>
    </DecalOffset>
    <DecalSize>
      <CX>15</CX>
      <CY>15</CY>
    </DecalSize>
  </Button>
  <Button item="Target_Buff83_Button">
    <ScreenID>Buff83</ScreenID>
    <Size>
      <CX>19</CX>
      <CY>19</CY>
    </Size>
    <Style_VScroll>false</Style_VScroll>
    <Style_HScroll>false</Style_HScroll>
    <Style_Transparent>false</Style_Transparent>
    <Style_Checkbox>false</Style_Checkbox>
    <DecalOffset>
      <X>2</X>
      <Y>2</Y>
    </DecalOffset>
    <DecalSize>
      <CX>15</CX>
      <CY>15</CY>
    </DecalSize>
  </Button>
  <Button item="Target_Buff84_Button">
    <ScreenID>Buff84</ScreenID>
    <Size>
      <CX>19</CX>
      <CY>19</CY>
    </Size>
    <Style_VScroll>false</Style_VScroll>
    <Style_HScroll>false</Style_HScroll>
    <Style_Transparent>false</Style_Transparent>
    <Style_Checkbox>false</Style_Checkbox>
    <DecalOffset>
      <X>2</X>
      <Y>2</Y>
    </DecalOffset>
    <DecalSize>
      <CX>15</CX>
      <CY>15</CY>
    </DecalSize>
  </Button>
  <TileLayoutBox item="Target_Buttons">
    <RelativePosition>true</RelativePosition>
    <AutoStretch>true</AutoStretch>
    <BottomAnchorToTop>false</BottomAnchorToTop>
    <RightAnchorToLeft>false</RightAnchorToLeft>
    <Style_Transparent>true</Style_Transparent>
    <Spacing>0</Spacing>
    <SecondarySpacing>0</SecondarySpacing>
    <HorizontalFirst>true</HorizontalFirst>
    <AnchorToTop>true</AnchorToTop>
    <AnchorToLeft>true</AnchorToLeft>
    <FirstPieceTemplate>true</FirstPieceTemplate>
    <Pieces>Target_Buff0_Button</Pieces>
    <Pieces>Target_Buff1_Button</Pieces>
    <Pieces>Target_Buff2_Button</Pieces>
    <Pieces>Target_Buff3_Button</Pieces>
    <Pieces>Target_Buff4_Button</Pieces>
    <Pieces>Target_Buff5_Button</Pieces>
    <Pieces>Target_Buff6_Button</Pieces>
    <Pieces>Target_Buff7_Button</Pieces>
    <Pieces>Target_Buff8_Button</Pieces>
    <Pieces>Target_Buff9_Button</Pieces>
    <Pieces>Target_Buff10_Button</Pieces>
    <Pieces>Target_Buff11_Button</Pieces>
    <Pieces>Target_Buff12_Button</Pieces>
    <Pieces>Target_Buff13_Button</Pieces>
    <Pieces>Target_Buff14_Button</Pieces>
    <Pieces>Target_Buff15_Button</Pieces>
    <Pieces>Target_Buff16_Button</Pieces>
    <Pieces>Target_Buff17_Button</Pieces>
    <Pieces>Target_Buff18_Button</Pieces>
    <Pieces>Target_Buff19_Button</Pieces>
    <Pieces>Target_Buff20_Button</Pieces>
    <Pieces>Target_Buff21_Button</Pieces>
    <Pieces>Target_Buff22_Button</Pieces>
    <Pieces>Target_Buff23_Button</Pieces>
    <Pieces>Target_Buff24_Button</Pieces>
    <Pieces>Target_Buff25_Button</Pieces>
    <Pieces>Target_Buff26_Button</Pieces>
    <Pieces>Target_Buff27_Button</Pieces>
    <Pieces>Target_Buff28_Button</Pieces>
    <Pieces>Target_Buff29_Button</Pieces>
    <Pieces>Target_Buff30_Button</Pieces>
    <Pieces>Target_Buff31_Button</Pieces>
    <Pieces>Target_Buff32_Button</Pieces>
    <Pieces>Target_Buff33_Button</Pieces>
    <Pieces>Target_Buff34_Button</Pieces>
    <Pieces>Target_Buff35_Button</Pieces>
    <Pieces>Target_Buff36_Button</Pieces>
    <Pieces>Target_Buff37_Button</Pieces>
    <Pieces>Target_Buff38_Button</Pieces>
    <Pieces>Target_Buff39_Button</Pieces>
    <Pieces>Target_Buff40_Button</Pieces>
    <Pieces>Target_Buff41_Button</Pieces>
    <Pieces>Target_Buff42_Button</Pieces>
    <Pieces>Target_Buff43_Button</Pieces>
    <Pieces>Target_Buff44_Button</Pieces>
    <Pieces>Target_Buff45_Button</Pieces>
    <Pieces>Target_Buff46_Button</Pieces>
    <Pieces>Target_Buff47_Button</Pieces>
    <Pieces>Target_Buff48_Button</Pieces>
    <Pieces>Target_Buff49_Button</Pieces>
    <Pieces>Target_Buff50_Button</Pieces>
    <Pieces>Target_Buff51_Button</Pieces>
    <Pieces>Target_Buff52_Button</Pieces>
    <Pieces>Target_Buff53_Button</Pieces>
    <Pieces>Target_Buff54_Button</Pieces>
    <Pieces>Target_Buff55_Button</Pieces>
    <Pieces>Target_Buff56_Button</Pieces>
    <Pieces>Target_Buff57_Button</Pieces>
    <Pieces>Target_Buff58_Button</Pieces>
    <Pieces>Target_Buff59_Button</Pieces>
    <Pieces>Target_Buff60_Button</Pieces>
    <Pieces>Target_Buff61_Button</Pieces>
    <Pieces>Target_Buff62_Button</Pieces>
    <Pieces>Target_Buff63_Button</Pieces>
    <Pieces>Target_Buff64_Button</Pieces>
    <Pieces>Target_Buff65_Button</Pieces>
    <Pieces>Target_Buff66_Button</Pieces>
    <Pieces>Target_Buff67_Button</Pieces>
    <Pieces>Target_Buff68_Button</Pieces>
    <Pieces>Target_Buff69_Button</Pieces>
    <Pieces>Target_Buff70_Button</Pieces>
    <Pieces>Target_Buff71_Button</Pieces>
    <Pieces>Target_Buff72_Button</Pieces>
    <Pieces>Target_Buff73_Button</Pieces>
    <Pieces>Target_Buff74_Button</Pieces>
    <Pieces>Target_Buff75_Button</Pieces>
    <Pieces>Target_Buff76_Button</Pieces>
    <Pieces>Target_Buff77_Button</Pieces>
    <Pieces>Target_Buff78_Button</Pieces>
    <Pieces>Target_Buff79_Button</Pieces>
    <Pieces>Target_Buff80_Button</Pieces>
    <Pieces>Target_Buff81_Button</Pieces>
    <Pieces>Target_Buff82_Button</Pieces>
    <Pieces>Target_Buff83_Button</Pieces>
    <Pieces>Target_Buff84_Button</Pieces>
  </TileLayoutBox>
  <Screen item="Target_BuffWindow">
    <ScreenID>BuffWindow</ScreenID>
    <RelativePosition>true</RelativePosition>
    <AutoStretch>true</AutoStretch>
    <LeftAnchorOffset>2</LeftAnchorOffset>
    <TopAnchorOffset>25</TopAnchorOffset>
    <RightAnchorOffset>2</RightAnchorOffset>
    <BottomAnchorOffset>2</BottomAnchorOffset>
    <BottomAnchorToTop>false</BottomAnchorToTop>
    <RightAnchorToLeft>false</RightAnchorToLeft>
    <Style_VScroll>false</Style_VScroll>
    <Style_HScroll>false</Style_HScroll>
    <Style_Transparent>false</Style_Transparent>
    <TooltipReference>Buffs on your target will show here</TooltipReference>
    <DrawTemplate>WDT_Inner</DrawTemplate>
    <Style_Titlebar>false</Style_Titlebar>
    <Style_Closebox>false</Style_Closebox>
    <Style_Minimizebox>false</Style_Minimizebox>
    <Style_Border>true</Style_Border>
    <Style_Sizable>false</Style_Sizable>
    <Pieces>TileLayoutBox:Target_Buttons</Pieces>
  </Screen>
  <Label item="Target_AggroPctPlayerLabel">
    <ScreenID>Target_AggroPctPlayerLabel</ScreenID>
    <RelativePosition>true</RelativePosition>
    <Font>2</Font>
    <Text />
    <TextColor>
      <R>255</R>
      <G>255</G>
      <B>255</B>
    </TextColor>
    <EQType>306</EQType>
    <NoWrap>true</NoWrap>
    <AutoStretch>False</AutoStretch>
    <AlignLeft>true</AlignLeft>
    <TopAnchorOffset>33</TopAnchorOffset>
    <BottomAnchorOffset>47</BottomAnchorOffset>
    <RightAnchorToLeft>false</RightAnchorToLeft>
    <Location>
      <X>-16</X>
      <Y>-16</Y>
    </Location>
    <Size>
      <CX>10</CX>
      <CY>10</CY>
    </Size>
  </Label>
  <Label item="Target_AggroNameSecondaryLabel">
    <ScreenID>Target_AggroNameSecondaryLabel</ScreenID>
    <RelativePosition>true</RelativePosition>
    <Font>2</Font>
    <Text />
    <TextColor>
      <R>255</R>
      <G>255</G>
      <B>255</B>
    </TextColor>
    <EQType>304</EQType>
    <NoWrap>true</NoWrap>
    <AutoStretch>False</AutoStretch>
    <AlignCenter>true</AlignCenter>
    <TopAnchorOffset>35</TopAnchorOffset>
    <BottomAnchorOffset>49</BottomAnchorOffset>
    <RightAnchorToLeft>false</RightAnchorToLeft>
    <LeftAnchorOffset>-15</LeftAnchorOffset>
    <RightAnchorOffset>14</RightAnchorOffset>
    <Location>
      <X>-16</X>
      <Y>-16</Y>
    </Location>
    <Size>
      <CX>10</CX>
      <CY>10</CY>
    </Size>
  </Label>
  <Label item="Target_AggroPctSecondaryLabel">
    <ScreenID>Target_AggroPctSecondaryLabel</ScreenID>
    <RelativePosition>true</RelativePosition>
    <Font>2</Font>
    <Text />
    <TextColor>
      <R>255</R>
      <G>255</G>
      <B>255</B>
    </TextColor>
    <EQType>308</EQType>
    <NoWrap>true</NoWrap>
    <AutoStretch>False</AutoStretch>
    <AlignRight>true</AlignRight>
    <TopAnchorOffset>35</TopAnchorOffset>
    <BottomAnchorOffset>49</BottomAnchorOffset>
    <LeftAnchorOffset>11</LeftAnchorOffset>
    <RightAnchorToLeft>false</RightAnchorToLeft>
    <RightAnchorOffset>24</RightAnchorOffset>
    <Location>
      <X>-17</X>
      <Y>-16</Y>
    </Location>
    <Size>
      <CX>10</CX>
      <CY>10</CY>
    </Size>
  </Label>
  <Screen item="TargetWindow">
    <RelativePosition>false</RelativePosition>
    <Location>
      <X>200</X>
      <Y>200</Y>
    </Location>
    <Size>
      <CX>254</CX>
      <CY>110</CY>
    </Size>
    <Style_VScroll>false</Style_VScroll>
    <Style_HScroll>false</Style_HScroll>
    <Style_Transparent>false</Style_Transparent>
    <DrawTemplate>WDT_RoundedNoTitle</DrawTemplate>
    <Style_Titlebar>False</Style_Titlebar>
    <Style_Closebox>false</Style_Closebox>
    <Style_Minimizebox>false</Style_Minimizebox>
    <Style_Border>true</Style_Border>
    <Style_Sizable>true</Style_Sizable>
    <MinHSize>244</MinHSize>
    <MinVSize>70</MinVSize>
    <Style_SizableBorderTop>false</Style_SizableBorderTop>
    <Pieces>Target_HP</Pieces>
    <Pieces>Target_HPLabel</Pieces>
    <Pieces>Target_HPPercLabel</Pieces>
    <Pieces>A_TargetBoxStaticAnimTop</Pieces>
    <Pieces>A_TargetBoxStaticAnimBottom</Pieces>
    <Pieces>A_TargetBoxStaticAnimLeft</Pieces>
    <Pieces>A_TargetBoxStaticAnimRight</Pieces>
    <Pieces>A_TargetBoxStaticAnimFill</Pieces>
    <Pieces>Target_AggroPctPlayerLabel</Pieces>
    <Pieces>Target_AggroNameSecondaryLabel</Pieces>
    <Pieces>Target_AggroPctSecondaryLabel</Pieces>
    <Pieces>Target_BuffWindow</Pieces>
    <Pieces>TW_Target Name</Pieces>
    <Pieces>TW_Target of Target Name</Pieces>
    <Pieces>TW_Target of Target Hit Points</Pieces>
    <Pieces>TW_ToT_HP_Percent</Pieces>
    <Pieces>TW_ToT_HP_Percent_Label</Pieces>
    <Font>2</Font>
  </Screen>
</XML>