<?xml version="1.0" encoding="us-ascii"?>
<XML ID="EQInterfaceDefinitionLanguage">
  <Schema xmlns="EverQuestData" xmlns:dt="EverQuestDataTypes" />
  <Button item="PW_PotionSlot0_Button">
    <ScreenID>PotionSlot0</ScreenID>
    <!--<Font>3</Font>-->
    <RelativePosition>true</RelativePosition>
    <Location>
      <X>0</X>
      <Y>0</Y>
    </Location>
    <Size>
      <CX>34</CX>
      <CY>34</CY>
    </Size>
    <Style_VScroll>false</Style_VScroll>
    <Style_HScroll>false</Style_HScroll>
    <Style_Transparent>false</Style_Transparent>
    <Style_Checkbox>false</Style_Checkbox>
    <ButtonDrawTemplate>
      <Normal>A_RecessedBox</Normal>
    </ButtonDrawTemplate>
    <DecalOffset>
      <X>2</X>
      <Y>2</Y>
    </DecalOffset>
    <DecalSize>
      <CX>30</CX>
      <CY>30</CY>
    </DecalSize>
    <Font>2</Font>
  </Button>
  <Button item="PW_PotionSlot1_Button">
    <ScreenID>PotionSlot1</ScreenID>
    <RelativePosition>true</RelativePosition>
    <Location>
      <X>34</X>
      <Y>0</Y>
    </Location>
    <Size>
      <CX>34</CX>
      <CY>34</CY>
    </Size>
    <Style_VScroll>false</Style_VScroll>
    <Style_HScroll>false</Style_HScroll>
    <Style_Transparent>false</Style_Transparent>
    <Style_Checkbox>false</Style_Checkbox>
    <RadioGroup />
    <ButtonDrawTemplate>
      <Normal>A_RecessedBox</Normal>
    </ButtonDrawTemplate>
    <DecalOffset>
      <X>2</X>
      <Y>2</Y>
    </DecalOffset>
    <DecalSize>
      <CX>30</CX>
      <CY>30</CY>
    </DecalSize>
    <Font>2</Font>
  </Button>
  <Button item="PW_PotionSlot2_Button">
    <ScreenID>PotionSlot2</ScreenID>
    <RelativePosition>true</RelativePosition>
    <Location>
      <X>68</X>
      <Y>0</Y>
    </Location>
    <Size>
      <CX>34</CX>
      <CY>34</CY>
    </Size>
    <Style_VScroll>false</Style_VScroll>
    <Style_HScroll>false</Style_HScroll>
    <Style_Transparent>false</Style_Transparent>
    <Style_Checkbox>false</Style_Checkbox>
    <RadioGroup />
    <ButtonDrawTemplate>
      <Normal>A_RecessedBox</Normal>
    </ButtonDrawTemplate>
    <DecalOffset>
      <X>2</X>
      <Y>2</Y>
    </DecalOffset>
    <DecalSize>
      <CX>30</CX>
      <CY>30</CY>
    </DecalSize>
    <Font>2</Font>
  </Button>
  <Button item="PW_PotionSlot3_Button">
    <ScreenID>PotionSlot3</ScreenID>
    <RelativePosition>true</RelativePosition>
    <Location>
      <X>102</X>
      <Y>0</Y>
    </Location>
    <Size>
      <CX>34</CX>
      <CY>34</CY>
    </Size>
    <Style_VScroll>false</Style_VScroll>
    <Style_HScroll>false</Style_HScroll>
    <Style_Transparent>false</Style_Transparent>
    <Style_Checkbox>false</Style_Checkbox>
    <RadioGroup />
    <ButtonDrawTemplate>
      <Normal>A_RecessedBox</Normal>
    </ButtonDrawTemplate>
    <DecalOffset>
      <X>2</X>
      <Y>2</Y>
    </DecalOffset>
    <DecalSize>
      <CX>30</CX>
      <CY>30</CY>
    </DecalSize>
    <Font>2</Font>
  </Button>
  <Button item="PW_PotionSlot4_Button">
    <ScreenID>PotionSlot4</ScreenID>
    <RelativePosition>true</RelativePosition>
    <Location>
      <X>136</X>
      <Y>0</Y>
    </Location>
    <Size>
      <CX>34</CX>
      <CY>34</CY>
    </Size>
    <Style_VScroll>false</Style_VScroll>
    <Style_HScroll>false</Style_HScroll>
    <Style_Transparent>false</Style_Transparent>
    <Style_Checkbox>false</Style_Checkbox>
    <RadioGroup />
    <ButtonDrawTemplate>
      <Normal>A_RecessedBox</Normal>
    </ButtonDrawTemplate>
    <DecalOffset>
      <X>2</X>
      <Y>2</Y>
    </DecalOffset>
    <DecalSize>
      <CX>30</CX>
      <CY>30</CY>
    </DecalSize>
    <Font>2</Font>
  </Button>
  <Label item="PW_PotionSlot0_Label">
    <ScreenID>PotionSlotLabel0</ScreenID>
    <RelativePosition>true</RelativePosition>
    <Location>
      <X>3</X>
      <Y>0</Y>
    </Location>
    <Size>
      <CX>29</CX>
      <CY>32</CY>
    </Size>
    <Text>0</Text>
    <TextColor>
      <R>255</R>
      <G>255</G>
      <B>255</B>
    </TextColor>
    <NoWrap>true</NoWrap>
    <AlignCenter>false</AlignCenter>
    <AlignRight>false</AlignRight>
    <Style_Tooltip>false</Style_Tooltip>
    <Font>2</Font>
  </Label>
  <Label item="PW_PotionSlot1_Label">
    <ScreenID>PotionSlotLabel1</ScreenID>
    <RelativePosition>true</RelativePosition>
    <Location>
      <X>37</X>
      <Y>0</Y>
    </Location>
    <Size>
      <CX>29</CX>
      <CY>32</CY>
    </Size>
    <Text>0</Text>
    <TextColor>
      <R>255</R>
      <G>255</G>
      <B>255</B>
    </TextColor>
    <NoWrap>true</NoWrap>
    <AlignCenter>false</AlignCenter>
    <AlignRight>false</AlignRight>
    <Style_Tooltip>false</Style_Tooltip>
    <Font>2</Font>
  </Label>
  <Label item="PW_PotionSlot2_Label">
    <ScreenID>PotionSlotLabel2</ScreenID>
    <RelativePosition>true</RelativePosition>
    <Location>
      <X>71</X>
      <Y>0</Y>
    </Location>
    <Size>
      <CX>29</CX>
      <CY>32</CY>
    </Size>
    <Text>0</Text>
    <TextColor>
      <R>255</R>
      <G>255</G>
      <B>255</B>
    </TextColor>
    <NoWrap>true</NoWrap>
    <AlignCenter>false</AlignCenter>
    <AlignRight>false</AlignRight>
    <Style_Tooltip>false</Style_Tooltip>
    <Font>2</Font>
  </Label>
  <Label item="PW_PotionSlot3_Label">
    <ScreenID>PotionSlotLabel3</ScreenID>
    <RelativePosition>true</RelativePosition>
    <Location>
      <X>105</X>
      <Y>0</Y>
    </Location>
    <Size>
      <CX>29</CX>
      <CY>32</CY>
    </Size>
    <Text>0</Text>
    <TextColor>
      <R>255</R>
      <G>255</G>
      <B>255</B>
    </TextColor>
    <NoWrap>true</NoWrap>
    <AlignCenter>false</AlignCenter>
    <AlignRight>false</AlignRight>
    <Style_Tooltip>false</Style_Tooltip>
    <Font>2</Font>
  </Label>
  <Label item="PW_PotionSlot4_Label">
    <ScreenID>PotionSlotLabel4</ScreenID>
    <RelativePosition>true</RelativePosition>
    <Location>
      <X>139</X>
      <Y>0</Y>
    </Location>
    <Size>
      <CX>29</CX>
      <CY>32</CY>
    </Size>
    <Text>0</Text>
    <TextColor>
      <R>255</R>
      <G>255</G>
      <B>255</B>
    </TextColor>
    <NoWrap>true</NoWrap>
    <AlignCenter>false</AlignCenter>
    <AlignRight>false</AlignRight>
    <Style_Tooltip>false</Style_Tooltip>
    <Font>2</Font>
  </Label>
  <Screen item="PotionBeltWnd">
    <!--<ScreenID/>-->
    <Text>Potion Belt</Text>
    <RelativePosition>false</RelativePosition>
    <Location>
      <X>200</X>
      <Y>200</Y>
    </Location>
    <Size>
      <CX>180</CX>
      <CY>44</CY>
    </Size>
    <Style_VScroll>false</Style_VScroll>
    <Style_HScroll>false</Style_HScroll>
    <Style_Transparent>false</Style_Transparent>
    <DrawTemplate>WDT_RoundedNoTitle</DrawTemplate>
    <Style_Titlebar>False</Style_Titlebar>
    <Style_Closebox>False</Style_Closebox>
    <Style_Minimizebox>False</Style_Minimizebox>
    <Style_Border>true</Style_Border>
    <Style_Sizable>True</Style_Sizable>
    <Pieces>PW_PotionSlot0_Button</Pieces>
    <Pieces>PW_PotionSlot1_Button</Pieces>
    <Pieces>PW_PotionSlot2_Button</Pieces>
    <Pieces>PW_PotionSlot3_Button</Pieces>
    <Pieces>PW_PotionSlot4_Button</Pieces>
    <Pieces>PW_PotionSlot0_Label</Pieces>
    <Pieces>PW_PotionSlot1_Label</Pieces>
    <Pieces>PW_PotionSlot2_Label</Pieces>
    <Pieces>PW_PotionSlot3_Label</Pieces>
    <Pieces>PW_PotionSlot4_Label</Pieces>
    <Font>2</Font>
  </Screen>
</XML>