<?xml version="1.0" encoding="us-ascii"?>
<XML ID="EQInterfaceDefinitionLanguage">
  <Schema xmlns="EverQuestData" xmlns:dt="EverQuestDataTypes" />
  <Button item="TINT_CurBrushBtn">
    <ScreenID>TINT_CurBrushBtn</ScreenID>
    <RelativePosition>true</RelativePosition>
    <Location>
      <X>113</X>
      <Y>198</Y>
    </Location>
    <Size>
      <CX>20</CX>
      <CY>20</CY>
    </Size>
    <Style_VScroll>false</Style_VScroll>
    <Style_HScroll>false</Style_HScroll>
    <Style_Transparent>false</Style_Transparent>
    <Style_Checkbox>false</Style_Checkbox>
    <TextColor>
      <R>255</R>
      <G>255</G>
      <B>255</B>
    </TextColor>
    <Template>BDT_Tint</Template>
    <DecalOffset>
      <X>2</X>
      <Y>2</Y>
    </DecalOffset>
    <DecalSize>
      <CX>16</CX>
      <CY>16</CY>
    </DecalSize>
  </Button>
  <Label item="TINT_CurBrushLable">
    <ScreenID>TINT_CurBrushLable</ScreenID>
    <Font>3</Font>
    <Text>Current Brush</Text>
    <TextColor>
      <R>255</R>
      <G>255</G>
      <B>255</B>
    </TextColor>
    <Size>
      <CX>84</CX>
      <CY>17</CY>
    </Size>
    <Location>
      <X>5</X>
      <Y>201</Y>
    </Location>
  </Label>
  <Button item="TINT_ResetBodytTint">
    <ScreenID>TINT_ResetBodytTint</ScreenID>
    <RelativePosition>true</RelativePosition>
    <Location>
      <X>91</X>
      <Y>263</Y>
    </Location>
    <Size>
      <CX>60</CX>
      <CY>20</CY>
    </Size>
    <Style_VScroll>false</Style_VScroll>
    <Style_HScroll>false</Style_HScroll>
    <Style_Transparent>false</Style_Transparent>
    <Style_Checkbox>false</Style_Checkbox>
    <Text>Reset</Text>
    <TextColor>
      <R>255</R>
      <G>255</G>
      <B>255</B>
    </TextColor>
    <Template>BDT_Normal</Template>
  </Button>
  <Label item="TINT_NewLabel">
    <ScreenID>TINT_NewLabel</ScreenID>
    <Font>3</Font>
    <Text>Armor Dye</Text>
    <TextColor>
      <R>255</R>
      <G>255</G>
      <B>255</B>
    </TextColor>
    <Size>
      <CX>63</CX>
      <CY>18</CY>
    </Size>
    <AlignCenter>true</AlignCenter>
    <Location>
      <X>95</X>
      <Y>5</Y>
    </Location>
  </Label>
  <Label item="TINT_OriginalLabel">
    <ScreenID>TINT_OriginalLabel</ScreenID>
    <Font>3</Font>
    <Text>Item Tint</Text>
    <TextColor>
      <R>255</R>
      <G>255</G>
      <B>255</B>
    </TextColor>
    <Size>
      <CX>57</CX>
      <CY>17</CY>
    </Size>
    <AlignCenter>true</AlignCenter>
    <Location>
      <X>37</X>
      <Y>5</Y>
    </Location>
  </Label>
  <Label item="TINT_ReagentsNeeded">
    <ScreenID>TINT_ReagentsNeeded</ScreenID>
    <Font>3</Font>
    <Text>Reagents Needed: 0</Text>
    <TextColor>
      <R>255</R>
      <G>255</G>
      <B>255</B>
    </TextColor>
    <Size>
      <CX>136</CX>
      <CY>15</CY>
    </Size>
    <Location>
      <X>5</X>
      <Y>225</Y>
    </Location>
  </Label>
  <Label item="TINT_SlotLabel">
    <ScreenID>TINT_SlotLabel</ScreenID>
    <Font>3</Font>
    <Text>Slot</Text>
    <TextColor>
      <R>255</R>
      <G>255</G>
      <B>255</B>
    </TextColor>
    <Size>
      <CX>40</CX>
      <CY>14</CY>
    </Size>
    <AlignCenter>true</AlignCenter>
    <Location>
      <X>5</X>
      <Y>5</Y>
    </Location>
  </Label>
  <Label item="TINT_ReagentsLabel">
    <ScreenID>TINT_ReagentsLabel</ScreenID>
    <Font>3</Font>
    <Text>Reagents Available: 0</Text>
    <TextColor>
      <R>255</R>
      <G>255</G>
      <B>255</B>
    </TextColor>
    <Size>
      <CX>143</CX>
      <CY>18</CY>
    </Size>
    <TooltipReference>How many dyeing reagents you have left.</TooltipReference>
    <Location>
      <X>5</X>
      <Y>243</Y>
    </Location>
  </Label>
  <Button item="TINT_OHeadColorBtn">
    <ScreenID>TINT_OHeadColorBtn</ScreenID>
    <RelativePosition>true</RelativePosition>
    <Location>
      <X>56</X>
      <Y>23</Y>
    </Location>
    <Size>
      <CX>20</CX>
      <CY>20</CY>
    </Size>
    <Style_Checkbox>false</Style_Checkbox>
    <Text />
    <TextColor>
      <R>255</R>
      <G>255</G>
      <B>255</B>
      <Alpha>255</Alpha>
    </TextColor>
    <DecalOffset>
      <X>2</X>
      <Y>2</Y>
    </DecalOffset>
    <DecalSize>
      <CX>16</CX>
      <CY>16</CY>
    </DecalSize>
    <Template>BDT_Tint</Template>
  </Button>
  <Button item="TINT_OHandsColorBtn">
    <ScreenID>TINT_OHandsColorBtn</ScreenID>
    <RelativePosition>true</RelativePosition>
    <Location>
      <X>56</X>
      <Y>48</Y>
    </Location>
    <Size>
      <CX>20</CX>
      <CY>20</CY>
    </Size>
    <Style_Checkbox>false</Style_Checkbox>
    <Text />
    <TextColor>
      <R>255</R>
      <G>255</G>
      <B>255</B>
      <Alpha>255</Alpha>
    </TextColor>
    <DecalOffset>
      <X>2</X>
      <Y>2</Y>
    </DecalOffset>
    <DecalSize>
      <CX>16</CX>
      <CY>16</CY>
    </DecalSize>
    <Template>BDT_Tint</Template>
  </Button>
  <Button item="TINT_OArmsColorBtn">
    <ScreenID>TINT_OArmsColorBtn</ScreenID>
    <RelativePosition>true</RelativePosition>
    <Location>
      <X>56</X>
      <Y>98</Y>
    </Location>
    <Size>
      <CX>20</CX>
      <CY>20</CY>
    </Size>
    <Style_Checkbox>false</Style_Checkbox>
    <Text />
    <TextColor>
      <R>255</R>
      <G>255</G>
      <B>255</B>
      <Alpha>255</Alpha>
    </TextColor>
    <DecalOffset>
      <X>2</X>
      <Y>2</Y>
    </DecalOffset>
    <DecalSize>
      <CX>16</CX>
      <CY>16</CY>
    </DecalSize>
    <Template>BDT_Tint</Template>
  </Button>
  <Button item="TINT_OFeetColorBtn">
    <ScreenID>TINT_OFeetColorBtn</ScreenID>
    <RelativePosition>true</RelativePosition>
    <Location>
      <X>56</X>
      <Y>148</Y>
    </Location>
    <Size>
      <CX>20</CX>
      <CY>20</CY>
    </Size>
    <Style_Checkbox>false</Style_Checkbox>
    <Text />
    <TextColor>
      <R>255</R>
      <G>255</G>
      <B>255</B>
      <Alpha>255</Alpha>
    </TextColor>
    <DecalOffset>
      <X>2</X>
      <Y>2</Y>
    </DecalOffset>
    <DecalSize>
      <CX>16</CX>
      <CY>16</CY>
    </DecalSize>
    <Template>BDT_Tint</Template>
  </Button>
  <Button item="TINT_OLegsColorBtn">
    <ScreenID>TINT_OLegsColorBtn</ScreenID>
    <RelativePosition>true</RelativePosition>
    <Location>
      <X>56</X>
      <Y>123</Y>
    </Location>
    <Size>
      <CX>20</CX>
      <CY>20</CY>
    </Size>
    <Style_Checkbox>false</Style_Checkbox>
    <Text />
    <TextColor>
      <R>255</R>
      <G>255</G>
      <B>255</B>
      <Alpha>255</Alpha>
    </TextColor>
    <DecalOffset>
      <X>2</X>
      <Y>2</Y>
    </DecalOffset>
    <DecalSize>
      <CX>16</CX>
      <CY>16</CY>
    </DecalSize>
    <Template>BDT_Tint</Template>
  </Button>
  <Button item="TINT_OChestColorBtn">
    <ScreenID>TINT_OChestColorBtn</ScreenID>
    <RelativePosition>true</RelativePosition>
    <Location>
      <X>56</X>
      <Y>73</Y>
    </Location>
    <Size>
      <CX>20</CX>
      <CY>20</CY>
    </Size>
    <Style_Checkbox>false</Style_Checkbox>
    <Text />
    <TextColor>
      <R>255</R>
      <G>255</G>
      <B>255</B>
      <Alpha>255</Alpha>
    </TextColor>
    <DecalOffset>
      <X>2</X>
      <Y>2</Y>
    </DecalOffset>
    <DecalSize>
      <CX>16</CX>
      <CY>16</CY>
    </DecalSize>
    <Template>BDT_Tint</Template>
  </Button>
  <Button item="TINT_OForeArmColorBtn">
    <ScreenID>TINT_OForeArmColorBtn</ScreenID>
    <RelativePosition>true</RelativePosition>
    <Location>
      <X>56</X>
      <Y>173</Y>
    </Location>
    <Size>
      <CX>20</CX>
      <CY>20</CY>
    </Size>
    <Style_Checkbox>false</Style_Checkbox>
    <Text />
    <TextColor>
      <R>255</R>
      <G>255</G>
      <B>255</B>
      <Alpha>255</Alpha>
    </TextColor>
    <DecalOffset>
      <X>2</X>
      <Y>2</Y>
    </DecalOffset>
    <DecalSize>
      <CX>16</CX>
      <CY>16</CY>
    </DecalSize>
    <Template>BDT_Tint</Template>
  </Button>
  <Button item="TINT_SaveTint">
    <ScreenID>TINT_SaveTint</ScreenID>
    <RelativePosition>true</RelativePosition>
    <Location>
      <X>15</X>
      <Y>263</Y>
    </Location>
    <Size>
      <CX>60</CX>
      <CY>20</CY>
    </Size>
    <Style_VScroll>false</Style_VScroll>
    <Style_HScroll>false</Style_HScroll>
    <Style_Transparent>false</Style_Transparent>
    <Style_Checkbox>false</Style_Checkbox>
    <Text>Save Dye</Text>
    <TextColor>
      <R>255</R>
      <G>255</G>
      <B>255</B>
    </TextColor>
    <Template>BDT_Normal</Template>
  </Button>
  <Button item="TINT_HeadBtn">
    <ScreenID>TINT_HeadBtn</ScreenID>
    <RelativePosition>true</RelativePosition>
    <Location>
      <X>113</X>
      <Y>23</Y>
    </Location>
    <Size>
      <CX>20</CX>
      <CY>20</CY>
    </Size>
    <Style_VScroll>false</Style_VScroll>
    <Style_HScroll>false</Style_HScroll>
    <Style_Transparent>false</Style_Transparent>
    <Style_Checkbox>false</Style_Checkbox>
    <TextColor>
      <R>255</R>
      <G>255</G>
      <B>255</B>
    </TextColor>
    <Template>BDT_Tint</Template>
    <DecalSize>
      <CX>16</CX>
      <CY>16</CY>
    </DecalSize>
    <DecalOffset>
      <X>2</X>
      <Y>2</Y>
    </DecalOffset>
  </Button>
  <Button item="TINT_HandsBtn">
    <ScreenID>TINT_HandsBtn</ScreenID>
    <RelativePosition>true</RelativePosition>
    <Location>
      <X>113</X>
      <Y>48</Y>
    </Location>
    <Size>
      <CX>20</CX>
      <CY>20</CY>
    </Size>
    <Style_VScroll>false</Style_VScroll>
    <Style_HScroll>false</Style_HScroll>
    <Style_Transparent>false</Style_Transparent>
    <Style_Checkbox>false</Style_Checkbox>
    <TextColor>
      <R>255</R>
      <G>255</G>
      <B>255</B>
    </TextColor>
    <Template>BDT_Tint</Template>
    <DecalSize>
      <CX>16</CX>
      <CY>16</CY>
    </DecalSize>
    <DecalOffset>
      <X>2</X>
      <Y>2</Y>
    </DecalOffset>
  </Button>
  <Button item="TINT_ForeArmBtn">
    <ScreenID>TINT_ForeArmBtn</ScreenID>
    <RelativePosition>true</RelativePosition>
    <Location>
      <X>113</X>
      <Y>173</Y>
    </Location>
    <Size>
      <CX>20</CX>
      <CY>20</CY>
    </Size>
    <Style_VScroll>false</Style_VScroll>
    <Style_HScroll>false</Style_HScroll>
    <Style_Transparent>false</Style_Transparent>
    <Style_Checkbox>false</Style_Checkbox>
    <TextColor>
      <R>255</R>
      <G>255</G>
      <B>255</B>
    </TextColor>
    <Template>BDT_Tint</Template>
    <DecalOffset>
      <X>2</X>
      <Y>2</Y>
    </DecalOffset>
    <DecalSize>
      <CX>16</CX>
      <CY>16</CY>
    </DecalSize>
  </Button>
  <Button item="TINT_ArmsBtn">
    <ScreenID>TINT_ArmsBtn</ScreenID>
    <RelativePosition>true</RelativePosition>
    <Location>
      <X>113</X>
      <Y>98</Y>
    </Location>
    <Size>
      <CX>20</CX>
      <CY>20</CY>
    </Size>
    <Style_VScroll>false</Style_VScroll>
    <Style_HScroll>false</Style_HScroll>
    <Style_Transparent>false</Style_Transparent>
    <Style_Checkbox>false</Style_Checkbox>
    <TextColor>
      <R>255</R>
      <G>255</G>
      <B>255</B>
    </TextColor>
    <Template>BDT_Tint</Template>
    <DecalOffset>
      <X>2</X>
      <Y>2</Y>
    </DecalOffset>
    <DecalSize>
      <CX>16</CX>
      <CY>16</CY>
    </DecalSize>
  </Button>
  <Button item="TINT_ChestBtn">
    <ScreenID>TINT_ChestBtn</ScreenID>
    <RelativePosition>true</RelativePosition>
    <Location>
      <X>113</X>
      <Y>73</Y>
    </Location>
    <Size>
      <CX>20</CX>
      <CY>20</CY>
    </Size>
    <Style_VScroll>false</Style_VScroll>
    <Style_HScroll>false</Style_HScroll>
    <Style_Transparent>false</Style_Transparent>
    <Style_Checkbox>false</Style_Checkbox>
    <TextColor>
      <R>255</R>
      <G>255</G>
      <B>255</B>
    </TextColor>
    <Template>BDT_Tint</Template>
    <DecalSize>
      <CX>16</CX>
      <CY>16</CY>
    </DecalSize>
    <DecalOffset>
      <X>2</X>
      <Y>2</Y>
    </DecalOffset>
  </Button>
  <Button item="TINT_FeetBtn">
    <ScreenID>TINT_FeetBtn</ScreenID>
    <RelativePosition>true</RelativePosition>
    <Location>
      <X>113</X>
      <Y>148</Y>
    </Location>
    <Size>
      <CX>20</CX>
      <CY>20</CY>
    </Size>
    <Style_VScroll>false</Style_VScroll>
    <Style_HScroll>false</Style_HScroll>
    <Style_Transparent>false</Style_Transparent>
    <Style_Checkbox>false</Style_Checkbox>
    <TextColor>
      <R>255</R>
      <G>255</G>
      <B>255</B>
    </TextColor>
    <Template>BDT_Tint</Template>
    <DecalOffset>
      <X>2</X>
      <Y>2</Y>
    </DecalOffset>
    <DecalSize>
      <CX>16</CX>
      <CY>16</CY>
    </DecalSize>
  </Button>
  <Button item="TINT_LegsBtn">
    <ScreenID>TINT_LegsBtn</ScreenID>
    <RelativePosition>true</RelativePosition>
    <Location>
      <X>113</X>
      <Y>123</Y>
    </Location>
    <Size>
      <CX>20</CX>
      <CY>20</CY>
    </Size>
    <Style_VScroll>false</Style_VScroll>
    <Style_HScroll>false</Style_HScroll>
    <Style_Transparent>false</Style_Transparent>
    <Style_Checkbox>false</Style_Checkbox>
    <TextColor>
      <R>255</R>
      <G>255</G>
      <B>255</B>
    </TextColor>
    <Template>BDT_Tint</Template>
    <DecalOffset>
      <X>2</X>
      <Y>2</Y>
    </DecalOffset>
    <DecalSize>
      <CX>16</CX>
      <CY>16</CY>
    </DecalSize>
  </Button>
  <Label item="TINT_HeadLabel">
    <ScreenID>TINT_HeadLabel</ScreenID>
    <Font>3</Font>
    <Text>Head</Text>
    <TextColor>
      <R>255</R>
      <G>255</G>
      <B>255</B>
    </TextColor>
    <Size>
      <CX>50</CX>
      <CY>20</CY>
    </Size>
    <Location>
      <X>5</X>
      <Y>25</Y>
    </Location>
  </Label>
  <Label item="TINT_HandsLabel">
    <ScreenID>TINT_HandsLabel</ScreenID>
    <Font>3</Font>
    <Text>Hands</Text>
    <TextColor>
      <R>255</R>
      <G>255</G>
      <B>255</B>
    </TextColor>
    <Size>
      <CX>50</CX>
      <CY>20</CY>
    </Size>
    <Location>
      <X>5</X>
      <Y>50</Y>
    </Location>
  </Label>
  <Label item="TINT_ForeArmLabel">
    <ScreenID>TINT_ForeArmLabel</ScreenID>
    <Font>3</Font>
    <Text>Wrists</Text>
    <TextColor>
      <R>255</R>
      <G>255</G>
      <B>255</B>
    </TextColor>
    <Size>
      <CX>50</CX>
      <CY>20</CY>
    </Size>
    <Location>
      <X>5</X>
      <Y>175</Y>
    </Location>
  </Label>
  <Label item="TINT_ArmsLabel">
    <ScreenID>TINT_ArmsLabel</ScreenID>
    <Font>3</Font>
    <Text>Arms</Text>
    <TextColor>
      <R>255</R>
      <G>255</G>
      <B>255</B>
    </TextColor>
    <Size>
      <CX>50</CX>
      <CY>20</CY>
    </Size>
    <Location>
      <X>5</X>
      <Y>100</Y>
    </Location>
  </Label>
  <Label item="TINT_ChestLabel">
    <ScreenID>TINT_ChestLabel</ScreenID>
    <Font>3</Font>
    <Text>Chest</Text>
    <TextColor>
      <R>255</R>
      <G>255</G>
      <B>255</B>
    </TextColor>
    <Size>
      <CX>50</CX>
      <CY>20</CY>
    </Size>
    <Location>
      <X>5</X>
      <Y>75</Y>
    </Location>
  </Label>
  <Label item="TINT_FeetLabel">
    <ScreenID>TINT_FeetLabel</ScreenID>
    <Font>3</Font>
    <Text>Feet</Text>
    <TextColor>
      <R>255</R>
      <G>255</G>
      <B>255</B>
    </TextColor>
    <Size>
      <CX>50</CX>
      <CY>20</CY>
    </Size>
    <Location>
      <X>5</X>
      <Y>150</Y>
    </Location>
  </Label>
  <Label item="TINT_LegsLabel">
    <ScreenID>TINT_LegsLabel</ScreenID>
    <Font>3</Font>
    <Text>Legs</Text>
    <TextColor>
      <R>255</R>
      <G>255</G>
      <B>255</B>
    </TextColor>
    <Size>
      <CX>50</CX>
      <CY>20</CY>
    </Size>
    <Location>
      <X>5</X>
      <Y>125</Y>
    </Location>
  </Label>
  <Screen item="BodyTintWnd">
    <ScreenID />
    <RelativePosition>false</RelativePosition>
    <Location>
      <X>200</X>
      <Y>200</Y>
    </Location>
    <Size>
      <CX>175</CX>
      <CY>320</CY>
    </Size>
    <Text>Sparxx - Armor Dye</Text>
    <Style_VScroll>false</Style_VScroll>
    <Style_HScroll>false</Style_HScroll>
    <Style_Transparent>false</Style_Transparent>
    <TooltipReference>Armor Dye Window</TooltipReference>
    <DrawTemplate>WDT_Rounded</DrawTemplate>
    <Style_Titlebar>true</Style_Titlebar>
    <Style_Qmarkbox>true</Style_Qmarkbox>
    <Style_Closebox>true</Style_Closebox>
    <Style_Minimizebox>true</Style_Minimizebox>
    <Style_Border>true</Style_Border>
    <Style_Sizable>true</Style_Sizable>
    <Pieces>TINT_HeadLabel</Pieces>
    <Pieces>TINT_HandsLabel</Pieces>
    <Pieces>TINT_ForeArmLabel</Pieces>
    <Pieces>TINT_ArmsLabel</Pieces>
    <Pieces>TINT_ChestLabel</Pieces>
    <Pieces>TINT_FeetLabel</Pieces>
    <Pieces>TINT_LegsLabel</Pieces>
    <Pieces>TINT_HeadBtn</Pieces>
    <Pieces>TINT_HandsBtn</Pieces>
    <Pieces>TINT_ForeArmBtn</Pieces>
    <Pieces>TINT_ArmsBtn</Pieces>
    <Pieces>TINT_ChestBtn</Pieces>
    <Pieces>TINT_FeetBtn</Pieces>
    <Pieces>TINT_LegsBtn</Pieces>
    <Pieces>TINT_SaveTint</Pieces>
    <Pieces>TINT_ReagentsLabel</Pieces>
    <Pieces>TINT_OHeadColorBtn</Pieces>
    <Pieces>TINT_OHandsColorBtn</Pieces>
    <Pieces>TINT_OArmsColorBtn</Pieces>
    <Pieces>TINT_OFeetColorBtn</Pieces>
    <Pieces>TINT_OForeArmColorBtn</Pieces>
    <Pieces>TINT_OLegsColorBtn</Pieces>
    <Pieces>TINT_OChestColorBtn</Pieces>
    <Pieces>TINT_ReagentsNeeded</Pieces>
    <Pieces>TINT_OriginalLabel</Pieces>
    <Pieces>TINT_NewLabel</Pieces>
    <Pieces>TINT_ResetBodytTint</Pieces>
    <Pieces>TINT_CurBrushLable</Pieces>
    <Pieces>TINT_CurBrushBtn</Pieces>
    <Font>2</Font>
  </Screen>
</XML>