<?xml version="1.0" encoding="us-ascii"?>
<XML ID="EQInterfaceDefinitionLanguage">
  <Schema xmlns="EverQuestData" xmlns:dt="EverQuestDataTypes" />
  <StaticAnimation item="PCW_Inv_Seperator1">
    <RelativePosition>true</RelativePosition>
    <Location>
      <X>74</X>
      <Y>411</Y>
    </Location>
    <Size>
      <CX>164</CX>
      <CY>4</CY>
    </Size>
    <Animation>A_DividerMiddle</Animation>
  </StaticAnimation>
  <StaticText item="PCW_Heritage_Text">
    <ScreenID>Heritage_Text</ScreenID>
    <RelativePosition>true</RelativePosition>
    <Location>
      <X>-134</X>
      <Y>-52</Y>
    </Location>
    <Size>
      <CX>124</CX>
      <CY>15</CY>
    </Size>
    <Text>Heritage</Text>
    <TextColor>
      <R>0</R>
      <G>255</G>
      <B>255</B>
    </TextColor>
    <DisabledColor>
      <R>128</R>
      <G>128</G>
      <B>128</B>
    </DisabledColor>
    <NoWrap>false</NoWrap>
    <AlignCenter>true</AlignCenter>
    <AlignRight>false</AlignRight>
    <Font>2</Font>
  </StaticText>
  <Button item="PCW_ParentId_Down_Button">
    <ScreenID>ParentId_Down_Button</ScreenID>
    <RelativePosition>true</RelativePosition>
    <Location>
      <X>85</X>
      <Y>2</Y>
    </Location>
    <Size>
      <CX>22</CX>
      <CY>12</CY>
    </Size>
    <Style_VScroll>false</Style_VScroll>
    <Style_HScroll>false</Style_HScroll>
    <Style_Transparent>false</Style_Transparent>
    <Style_Checkbox>false</Style_Checkbox>
    <ButtonDrawTemplate>
      <Normal>A_HSBLeftNormal</Normal>
      <Pressed>A_HSBLeftPressed</Pressed>
      <Flyby>A_HSBLeftFlyby</Flyby>
      <Disabled>A_HSBLeftDisabled</Disabled>
      <PressedFlyby>A_HSBLeftPressedFlyby</PressedFlyby>
    </ButtonDrawTemplate>
  </Button>
  <StaticText item="PCW_ParentId_Text">
    <ScreenID>ParentId_Text</ScreenID>
    <RelativePosition>true</RelativePosition>
    <Location>
      <X>2</X>
      <Y>0</Y>
    </Location>
    <Size>
      <CX>80</CX>
      <CY>16</CY>
    </Size>
    <Text>Dark Elf</Text>
    <TextColor>
      <R>182</R>
      <G>253</G>
      <B>130</B>
    </TextColor>
    <DisabledColor>
      <R>128</R>
      <G>128</G>
      <B>128</B>
    </DisabledColor>
    <NoWrap>false</NoWrap>
    <AlignCenter>false</AlignCenter>
    <AlignRight>true</AlignRight>
    <Font>2</Font>
  </StaticText>
  <Button item="PCW_ParentId_Up_Button">
    <ScreenID>ParentId_Up_Button</ScreenID>
    <RelativePosition>true</RelativePosition>
    <Location>
      <X>109</X>
      <Y>2</Y>
    </Location>
    <Size>
      <CX>22</CX>
      <CY>12</CY>
    </Size>
    <Style_VScroll>false</Style_VScroll>
    <Style_HScroll>false</Style_HScroll>
    <Style_Transparent>false</Style_Transparent>
    <Style_Checkbox>false</Style_Checkbox>
    <ButtonDrawTemplate>
      <Normal>A_HSBRightNormal</Normal>
      <Pressed>A_HSBRightPressed</Pressed>
      <Flyby>A_HSBRightFlyby</Flyby>
      <Disabled>A_HSBRightDisabled</Disabled>
      <PressedFlyby>A_HSBRightPressedFlyby</PressedFlyby>
    </ButtonDrawTemplate>
    <SoundPressed />
    <SoundUp />
    <SoundFlyby />
  </Button>
  <StaticAnimation item="PCW_Inv_Seperator2">
    <RelativePosition>true</RelativePosition>
    <Location>
      <X>-14</X>
      <Y>16</Y>
    </Location>
    <Size>
      <CX>299</CX>
      <CY>3</CY>
    </Size>
    <Animation>A_DividerMiddle</Animation>
  </StaticAnimation>
  <Button item="PCW_Face_Down_Button">
    <ScreenID>Face_Down_Button</ScreenID>
    <RelativePosition>true</RelativePosition>
    <Location>
      <X>85</X>
      <Y>24</Y>
    </Location>
    <Size>
      <CX>22</CX>
      <CY>12</CY>
    </Size>
    <ButtonDrawTemplate>
      <Normal>A_HSBLeftNormal</Normal>
      <Pressed>A_HSBLeftPressed</Pressed>
      <Flyby>A_HSBLeftFlyby</Flyby>
      <Disabled>A_HSBLeftDisabled</Disabled>
      <PressedFlyby>A_HSBLeftPressedFlyby</PressedFlyby>
    </ButtonDrawTemplate>
    <Style_VScroll>false</Style_VScroll>
    <Style_HScroll>false</Style_HScroll>
    <Style_Transparent>false</Style_Transparent>
    <Style_Checkbox>false</Style_Checkbox>
  </Button>
  <StaticText item="PCW_Face_Text">
    <ScreenID>Face_Text</ScreenID>
    <RelativePosition>true</RelativePosition>
    <Location>
      <X>2</X>
      <Y>22</Y>
    </Location>
    <Size>
      <CX>80</CX>
      <CY>16</CY>
    </Size>
    <Text>Face</Text>
    <TextColor>
      <R>255</R>
      <G>255</G>
      <B>255</B>
    </TextColor>
    <DisabledColor>
      <R>128</R>
      <G>128</G>
      <B>128</B>
    </DisabledColor>
    <NoWrap>false</NoWrap>
    <AlignCenter>false</AlignCenter>
    <AlignRight>true</AlignRight>
    <Font>2</Font>
  </StaticText>
  <Button item="PCW_Face_Up_Button">
    <ScreenID>Face_Up_Button</ScreenID>
    <RelativePosition>true</RelativePosition>
    <Location>
      <X>109</X>
      <Y>24</Y>
    </Location>
    <Size>
      <CX>22</CX>
      <CY>12</CY>
    </Size>
    <Style_VScroll>false</Style_VScroll>
    <Style_HScroll>false</Style_HScroll>
    <Style_Transparent>false</Style_Transparent>
    <Style_Checkbox>false</Style_Checkbox>
    <ButtonDrawTemplate>
      <Normal>A_HSBRightNormal</Normal>
      <Pressed>A_HSBRightPressed</Pressed>
      <Flyby>A_HSBRightFlyby</Flyby>
      <Disabled>A_HSBRightDisabled</Disabled>
      <PressedFlyby>A_HSBRightPressedFlyby</PressedFlyby>
    </ButtonDrawTemplate>
    <SoundPressed />
    <SoundUp />
    <SoundFlyby />
  </Button>
  <Button item="PCW_Hair_Down_Button">
    <ScreenID>Hair_Down_Button</ScreenID>
    <RelativePosition>true</RelativePosition>
    <Location>
      <X>85</X>
      <Y>40</Y>
    </Location>
    <Size>
      <CX>22</CX>
      <CY>12</CY>
    </Size>
    <Style_VScroll>false</Style_VScroll>
    <Style_HScroll>false</Style_HScroll>
    <Style_Transparent>false</Style_Transparent>
    <TooltipReference />
    <Style_Checkbox>false</Style_Checkbox>
    <RadioGroup />
    <ButtonDrawTemplate>
      <Normal>A_HSBLeftNormal</Normal>
      <Pressed>A_HSBLeftPressed</Pressed>
      <Flyby>A_HSBLeftFlyby</Flyby>
      <Disabled>A_HSBLeftDisabled</Disabled>
      <PressedFlyby>A_HSBLeftPressedFlyby</PressedFlyby>
    </ButtonDrawTemplate>
  </Button>
  <StaticText item="PCW_Hair_Text">
    <ScreenID>Hair_Text</ScreenID>
    <RelativePosition>true</RelativePosition>
    <Location>
      <X>2</X>
      <Y>38</Y>
    </Location>
    <Size>
      <CX>80</CX>
      <CY>16</CY>
    </Size>
    <Text>Hair</Text>
    <TextColor>
      <R>255</R>
      <G>255</G>
      <B>255</B>
    </TextColor>
    <DisabledColor>
      <R>128</R>
      <G>128</G>
      <B>128</B>
    </DisabledColor>
    <NoWrap>false</NoWrap>
    <AlignCenter>false</AlignCenter>
    <AlignRight>true</AlignRight>
    <Font>2</Font>
  </StaticText>
  <Button item="PCW_Hair_Up_Button">
    <ScreenID>Hair_Up_Button</ScreenID>
    <RelativePosition>true</RelativePosition>
    <Location>
      <X>109</X>
      <Y>40</Y>
    </Location>
    <Size>
      <CX>22</CX>
      <CY>12</CY>
    </Size>
    <Style_VScroll>false</Style_VScroll>
    <Style_HScroll>false</Style_HScroll>
    <Style_Transparent>false</Style_Transparent>
    <TooltipReference />
    <Style_Checkbox>false</Style_Checkbox>
    <RadioGroup />
    <ButtonDrawTemplate>
      <Normal>A_HSBRightNormal</Normal>
      <Pressed>A_HSBRightPressed</Pressed>
      <Flyby>A_HSBRightFlyby</Flyby>
      <Disabled>A_HSBRightDisabled</Disabled>
      <PressedFlyby>A_HSBRightPressedFlyby</PressedFlyby>
    </ButtonDrawTemplate>
  </Button>
  <Button item="PCW_Hair_Color_Down_Button">
    <ScreenID>Hair_Color_Down_Button</ScreenID>
    <RelativePosition>true</RelativePosition>
    <Location>
      <X>85</X>
      <Y>56</Y>
    </Location>
    <Size>
      <CX>22</CX>
      <CY>12</CY>
    </Size>
    <Style_VScroll>false</Style_VScroll>
    <Style_HScroll>false</Style_HScroll>
    <Style_Transparent>false</Style_Transparent>
    <Style_Checkbox>false</Style_Checkbox>
    <RadioGroup />
    <ButtonDrawTemplate>
      <Normal>A_HSBLeftNormal</Normal>
      <Pressed>A_HSBLeftPressed</Pressed>
      <Flyby>A_HSBLeftFlyby</Flyby>
      <Disabled>A_HSBLeftDisabled</Disabled>
      <PressedFlyby>A_HSBLeftPressedFlyby</PressedFlyby>
    </ButtonDrawTemplate>
  </Button>
  <StaticText item="PCW_Hair_Color_Text">
    <ScreenID>Hair_Color_Text</ScreenID>
    <RelativePosition>true</RelativePosition>
    <Location>
      <X>2</X>
      <Y>54</Y>
    </Location>
    <Size>
      <CX>80</CX>
      <CY>16</CY>
    </Size>
    <Text>Hair Color</Text>
    <TextColor>
      <R>255</R>
      <G>255</G>
      <B>255</B>
    </TextColor>
    <DisabledColor>
      <R>128</R>
      <G>128</G>
      <B>128</B>
    </DisabledColor>
    <NoWrap>false</NoWrap>
    <AlignCenter>false</AlignCenter>
    <AlignRight>true</AlignRight>
    <Font>2</Font>
  </StaticText>
  <Button item="PCW_Hair_Color_Up_Button">
    <ScreenID>Hair_Color_Up_Button</ScreenID>
    <RelativePosition>true</RelativePosition>
    <Location>
      <X>109</X>
      <Y>56</Y>
    </Location>
    <Size>
      <CX>22</CX>
      <CY>12</CY>
    </Size>
    <Style_VScroll>false</Style_VScroll>
    <Style_HScroll>false</Style_HScroll>
    <Style_Transparent>false</Style_Transparent>
    <Style_Checkbox>false</Style_Checkbox>
    <ButtonDrawTemplate>
      <Normal>A_HSBRightNormal</Normal>
      <Pressed>A_HSBRightPressed</Pressed>
      <Flyby>A_HSBRightFlyby</Flyby>
      <Disabled>A_HSBRightDisabled</Disabled>
      <PressedFlyby>A_HSBRightPressedFlyby</PressedFlyby>
    </ButtonDrawTemplate>
  </Button>
  <Button item="PCW_Eyes_Down_Button">
    <ScreenID>Eyes_Down_Button</ScreenID>
    <RelativePosition>true</RelativePosition>
    <Location>
      <X>85</X>
      <Y>72</Y>
    </Location>
    <Size>
      <CX>22</CX>
      <CY>12</CY>
    </Size>
    <Style_VScroll>false</Style_VScroll>
    <Style_HScroll>false</Style_HScroll>
    <Style_Transparent>false</Style_Transparent>
    <Style_Checkbox>false</Style_Checkbox>
    <ButtonDrawTemplate>
      <Normal>A_HSBLeftNormal</Normal>
      <Pressed>A_HSBLeftPressed</Pressed>
      <Flyby>A_HSBLeftFlyby</Flyby>
      <Disabled>A_HSBLeftDisabled</Disabled>
      <PressedFlyby>A_HSBLeftPressedFlyby</PressedFlyby>
    </ButtonDrawTemplate>
  </Button>
  <StaticText item="PCW_Eyes_Text">
    <ScreenID>Eyes_Text</ScreenID>
    <RelativePosition>true</RelativePosition>
    <Location>
      <X>2</X>
      <Y>70</Y>
    </Location>
    <Size>
      <CX>80</CX>
      <CY>16</CY>
    </Size>
    <Text>Eyes</Text>
    <TextColor>
      <R>255</R>
      <G>255</G>
      <B>255</B>
    </TextColor>
    <DisabledColor>
      <R>128</R>
      <G>128</G>
      <B>128</B>
    </DisabledColor>
    <NoWrap>false</NoWrap>
    <AlignCenter>false</AlignCenter>
    <AlignRight>true</AlignRight>
    <Font>2</Font>
  </StaticText>
  <Button item="PCW_Eyes_Up_Button">
    <ScreenID>Eyes_Up_Button</ScreenID>
    <RelativePosition>true</RelativePosition>
    <Location>
      <X>109</X>
      <Y>72</Y>
    </Location>
    <Size>
      <CX>22</CX>
      <CY>12</CY>
    </Size>
    <Style_VScroll>false</Style_VScroll>
    <Style_HScroll>false</Style_HScroll>
    <Style_Transparent>false</Style_Transparent>
    <Style_Checkbox>false</Style_Checkbox>
    <ButtonDrawTemplate>
      <Normal>A_HSBRightNormal</Normal>
      <Pressed>A_HSBRightPressed</Pressed>
      <Flyby>A_HSBRightFlyby</Flyby>
      <Disabled>A_HSBRightDisabled</Disabled>
      <PressedFlyby>A_HSBRightPressedFlyby</PressedFlyby>
    </ButtonDrawTemplate>
  </Button>
  <Button item="PCW_Beard_Down_Button">
    <ScreenID>Beard_Down_Button</ScreenID>
    <RelativePosition>true</RelativePosition>
    <Location>
      <X>85</X>
      <Y>88</Y>
    </Location>
    <Size>
      <CX>22</CX>
      <CY>12</CY>
    </Size>
    <Style_VScroll>false</Style_VScroll>
    <Style_HScroll>false</Style_HScroll>
    <Style_Transparent>false</Style_Transparent>
    <Style_Checkbox>false</Style_Checkbox>
    <ButtonDrawTemplate>
      <Normal>A_HSBLeftNormal</Normal>
      <Pressed>A_HSBLeftPressed</Pressed>
      <Flyby>A_HSBLeftFlyby</Flyby>
      <Disabled>A_HSBLeftDisabled</Disabled>
      <PressedFlyby>A_HSBLeftPressedFlyby</PressedFlyby>
    </ButtonDrawTemplate>
  </Button>
  <StaticText item="PCW_Beard_Text">
    <ScreenID>Beard_Text</ScreenID>
    <RelativePosition>true</RelativePosition>
    <Location>
      <X>2</X>
      <Y>86</Y>
    </Location>
    <Size>
      <CX>80</CX>
      <CY>16</CY>
    </Size>
    <Text>Facial Hair</Text>
    <TextColor>
      <R>255</R>
      <G>255</G>
      <B>255</B>
    </TextColor>
    <DisabledColor>
      <R>128</R>
      <G>128</G>
      <B>128</B>
    </DisabledColor>
    <NoWrap>false</NoWrap>
    <AlignCenter>false</AlignCenter>
    <AlignRight>true</AlignRight>
    <Font>2</Font>
  </StaticText>
  <Button item="PCW_Beard_Up_Button">
    <ScreenID>Beard_Up_Button</ScreenID>
    <RelativePosition>true</RelativePosition>
    <Location>
      <X>109</X>
      <Y>88</Y>
    </Location>
    <Size>
      <CX>22</CX>
      <CY>12</CY>
    </Size>
    <Style_VScroll>false</Style_VScroll>
    <Style_HScroll>false</Style_HScroll>
    <Style_Transparent>false</Style_Transparent>
    <Style_Checkbox>false</Style_Checkbox>
    <ButtonDrawTemplate>
      <Normal>A_HSBRightNormal</Normal>
      <Pressed>A_HSBRightPressed</Pressed>
      <Flyby>A_HSBRightFlyby</Flyby>
      <Disabled>A_HSBRightDisabled</Disabled>
      <PressedFlyby>A_HSBRightPressedFlyby</PressedFlyby>
    </ButtonDrawTemplate>
  </Button>
  <Button item="PCW_Beard_Color_Down_Button">
    <ScreenID>Beard_Color_Down_Button</ScreenID>
    <RelativePosition>true</RelativePosition>
    <Location>
      <X>85</X>
      <Y>104</Y>
    </Location>
    <Size>
      <CX>22</CX>
      <CY>12</CY>
    </Size>
    <Style_VScroll>false</Style_VScroll>
    <Style_HScroll>false</Style_HScroll>
    <Style_Transparent>false</Style_Transparent>
    <Style_Checkbox>false</Style_Checkbox>
    <ButtonDrawTemplate>
      <Normal>A_HSBLeftNormal</Normal>
      <Pressed>A_HSBLeftPressed</Pressed>
      <Flyby>A_HSBLeftFlyby</Flyby>
      <Disabled>A_HSBLeftDisabled</Disabled>
      <PressedFlyby>A_HSBLeftPressedFlyby</PressedFlyby>
    </ButtonDrawTemplate>
  </Button>
  <StaticText item="PCW_Beard_Color_Text">
    <ScreenID>Beard_Color_Text</ScreenID>
    <RelativePosition>true</RelativePosition>
    <Location>
      <X>-2</X>
      <Y>102</Y>
    </Location>
    <Size>
      <CX>83</CX>
      <CY>16</CY>
    </Size>
    <Text>Facial Hair Color</Text>
    <TextColor>
      <R>255</R>
      <G>255</G>
      <B>255</B>
    </TextColor>
    <DisabledColor>
      <R>128</R>
      <G>128</G>
      <B>128</B>
    </DisabledColor>
    <NoWrap>false</NoWrap>
    <AlignCenter>false</AlignCenter>
    <AlignRight>true</AlignRight>
    <Font>2</Font>
  </StaticText>
  <Button item="PCW_Beard_Color_Up_Button">
    <ScreenID>Beard_Color_Up_Button</ScreenID>
    <RelativePosition>true</RelativePosition>
    <Location>
      <X>109</X>
      <Y>104</Y>
    </Location>
    <Size>
      <CX>22</CX>
      <CY>12</CY>
    </Size>
    <Style_VScroll>false</Style_VScroll>
    <Style_HScroll>false</Style_HScroll>
    <Style_Transparent>false</Style_Transparent>
    <Style_Checkbox>false</Style_Checkbox>
    <ButtonDrawTemplate>
      <Normal>A_HSBRightNormal</Normal>
      <Pressed>A_HSBRightPressed</Pressed>
      <Flyby>A_HSBRightFlyby</Flyby>
      <Disabled>A_HSBRightDisabled</Disabled>
      <PressedFlyby>A_HSBRightPressedFlyby</PressedFlyby>
    </ButtonDrawTemplate>
  </Button>
  <Button item="PCW_TattooIndex_Down_Button">
    <ScreenID>TattooIndex_Down_Button</ScreenID>
    <RelativePosition>true</RelativePosition>
    <Location>
      <X>85</X>
      <Y>120</Y>
    </Location>
    <Size>
      <CX>22</CX>
      <CY>12</CY>
    </Size>
    <Style_VScroll>false</Style_VScroll>
    <Style_HScroll>false</Style_HScroll>
    <Style_Transparent>false</Style_Transparent>
    <Style_Checkbox>false</Style_Checkbox>
    <ButtonDrawTemplate>
      <Normal>A_HSBLeftNormal</Normal>
      <Pressed>A_HSBLeftPressed</Pressed>
      <Flyby>A_HSBLeftFlyby</Flyby>
      <Disabled>A_HSBLeftDisabled</Disabled>
      <PressedFlyby>A_HSBLeftPressedFlyby</PressedFlyby>
    </ButtonDrawTemplate>
  </Button>
  <StaticText item="PCW_TattooIndex_Text">
    <ScreenID>TattooIndex_Text</ScreenID>
    <RelativePosition>true</RelativePosition>
    <Location>
      <X>2</X>
      <Y>118</Y>
    </Location>
    <Size>
      <CX>80</CX>
      <CY>16</CY>
    </Size>
    <Text>Tattoo</Text>
    <TextColor>
      <R>255</R>
      <G>255</G>
      <B>255</B>
    </TextColor>
    <DisabledColor>
      <R>128</R>
      <G>128</G>
      <B>128</B>
    </DisabledColor>
    <NoWrap>false</NoWrap>
    <AlignCenter>false</AlignCenter>
    <AlignRight>true</AlignRight>
    <Font>2</Font>
  </StaticText>
  <Button item="PCW_TattooIndex_Up_Button">
    <ScreenID>TattooIndex_Up_Button</ScreenID>
    <RelativePosition>true</RelativePosition>
    <Location>
      <X>109</X>
      <Y>120</Y>
    </Location>
    <Size>
      <CX>22</CX>
      <CY>12</CY>
    </Size>
    <Style_VScroll>false</Style_VScroll>
    <Style_HScroll>false</Style_HScroll>
    <Style_Transparent>false</Style_Transparent>
    <Style_Checkbox>false</Style_Checkbox>
    <ButtonDrawTemplate>
      <Normal>A_HSBRightNormal</Normal>
      <Pressed>A_HSBRightPressed</Pressed>
      <Flyby>A_HSBRightFlyby</Flyby>
      <Disabled>A_HSBRightDisabled</Disabled>
      <PressedFlyby>A_HSBRightPressedFlyby</PressedFlyby>
    </ButtonDrawTemplate>
    <SoundPressed />
    <SoundUp />
    <SoundFlyby />
  </Button>
  <Button item="PCW_FacialAttachmentIndex_Down_Button">
    <ScreenID>FacialAttachmentIndex_Down_Button</ScreenID>
    <RelativePosition>true</RelativePosition>
    <Location>
      <X>85</X>
      <Y>136</Y>
    </Location>
    <Size>
      <CX>22</CX>
      <CY>12</CY>
    </Size>
    <Style_VScroll>false</Style_VScroll>
    <Style_HScroll>false</Style_HScroll>
    <Style_Transparent>false</Style_Transparent>
    <Style_Checkbox>false</Style_Checkbox>
    <ButtonDrawTemplate>
      <Normal>A_HSBLeftNormal</Normal>
      <Pressed>A_HSBLeftPressed</Pressed>
      <Flyby>A_HSBLeftFlyby</Flyby>
      <Disabled>A_HSBLeftDisabled</Disabled>
      <PressedFlyby>A_HSBLeftPressedFlyby</PressedFlyby>
    </ButtonDrawTemplate>
  </Button>
  <StaticText item="PCW_FacialAttachmentIndex_Text">
    <ScreenID>FacialAttachmentIndex_Text</ScreenID>
    <RelativePosition>true</RelativePosition>
    <Location>
      <X>2</X>
      <Y>134</Y>
    </Location>
    <Size>
      <CX>80</CX>
      <CY>16</CY>
    </Size>
    <Text>Details</Text>
    <TextColor>
      <R>255</R>
      <G>255</G>
      <B>255</B>
    </TextColor>
    <DisabledColor>
      <R>128</R>
      <G>128</G>
      <B>128</B>
    </DisabledColor>
    <NoWrap>false</NoWrap>
    <AlignCenter>false</AlignCenter>
    <AlignRight>true</AlignRight>
    <Font>2</Font>
  </StaticText>
  <Button item="PCW_FacialAttachmentIndex_Up_Button">
    <ScreenID>FacialAttachmentIndex_Up_Button</ScreenID>
    <RelativePosition>true</RelativePosition>
    <Location>
      <X>109</X>
      <Y>136</Y>
    </Location>
    <Size>
      <CX>22</CX>
      <CY>12</CY>
    </Size>
    <Style_VScroll>false</Style_VScroll>
    <Style_HScroll>false</Style_HScroll>
    <Style_Transparent>false</Style_Transparent>
    <Style_Checkbox>false</Style_Checkbox>
    <ButtonDrawTemplate>
      <Normal>A_HSBRightNormal</Normal>
      <Pressed>A_HSBRightPressed</Pressed>
      <Flyby>A_HSBRightFlyby</Flyby>
      <Disabled>A_HSBRightDisabled</Disabled>
      <PressedFlyby>A_HSBRightPressedFlyby</PressedFlyby>
    </ButtonDrawTemplate>
    <SoundPressed />
    <SoundUp />
    <SoundFlyby />
  </Button>
  <Button item="PCW_Random_Button">
    <ScreenID>Random_Button</ScreenID>
    <RelativePosition>true</RelativePosition>
    <Location>
      <X>1</X>
      <Y>152</Y>
    </Location>
    <Size>
      <CX>43</CX>
      <CY>15</CY>
    </Size>
    <Style_VScroll>false</Style_VScroll>
    <Style_HScroll>false</Style_HScroll>
    <Style_Transparent>false</Style_Transparent>
    <Style_Checkbox>false</Style_Checkbox>
    <Text>Random</Text>
    <TextColor>
      <R>0</R>
      <G>255</G>
      <B>255</B>
    </TextColor>
    <ButtonDrawTemplate>
      <Normal>A_BtnNormal</Normal>
      <Pressed>A_BtnPressed</Pressed>
      <Flyby>A_BtnFlyby</Flyby>
      <Disabled>A_BtnDisabled</Disabled>
      <PressedFlyby>A_BtnPressedFlyby</PressedFlyby>
    </ButtonDrawTemplate>
    <Font>2</Font>
    <TooltipReference>Randomize All</TooltipReference>
  </Button>
  <Button item="PCW_Accept_Button">
    <ScreenID>Accept_Button</ScreenID>
    <RelativePosition>true</RelativePosition>
    <Location>
      <X>89</X>
      <Y>152</Y>
    </Location>
    <Size>
      <CX>43</CX>
      <CY>15</CY>
    </Size>
    <Style_VScroll>false</Style_VScroll>
    <Style_HScroll>false</Style_HScroll>
    <Style_Transparent>false</Style_Transparent>
    <Style_Checkbox>false</Style_Checkbox>
    <Text>Keep</Text>
    <TextColor>
      <R>0</R>
      <G>255</G>
      <B>0</B>
    </TextColor>
    <ButtonDrawTemplate>
      <Normal>A_BtnNormal</Normal>
      <Pressed>A_BtnPressed</Pressed>
      <Flyby>A_BtnFlyby</Flyby>
      <Disabled>A_BtnDisabled</Disabled>
      <PressedFlyby>A_BtnPressedFlyby</PressedFlyby>
    </ButtonDrawTemplate>
    <Font>2</Font>
  </Button>
  <Button item="PCW_Cancel_Button">
    <ScreenID>Cancel_Button</ScreenID>
    <RelativePosition>true</RelativePosition>
    <Location>
      <X>45</X>
      <Y>152</Y>
    </Location>
    <Size>
      <CX>43</CX>
      <CY>15</CY>
    </Size>
    <Style_VScroll>false</Style_VScroll>
    <Style_HScroll>false</Style_HScroll>
    <Style_Transparent>false</Style_Transparent>
    <Style_Checkbox>false</Style_Checkbox>
    <Text>Cancel</Text>
    <TextColor>
      <R>255</R>
      <G>255</G>
      <B>0</B>
    </TextColor>
    <ButtonDrawTemplate>
      <Normal>A_BtnNormal</Normal>
      <Pressed>A_BtnPressed</Pressed>
      <Flyby>A_BtnFlyby</Flyby>
      <Disabled>A_BtnDisabled</Disabled>
      <PressedFlyby>A_BtnPressedFlyby</PressedFlyby>
    </ButtonDrawTemplate>
    <Font>2</Font>
  </Button>
  <Screen item="PlayerCustomizationWnd">
    <Text>Sparxx - Appearance</Text>
    <RelativePosition>false</RelativePosition>
    <Location>
      <X>200</X>
      <Y>200</Y>
    </Location>
    <Size>
      <CX>143</CX>
      <CY>190</CY>
    </Size>
    <Style_VScroll>false</Style_VScroll>
    <Style_HScroll>false</Style_HScroll>
    <Style_Transparent>false</Style_Transparent>
    <DrawTemplate>WDT_Rounded</DrawTemplate>
    <Style_Titlebar>true</Style_Titlebar>
    <Style_Closebox>False</Style_Closebox>
    <Style_Minimizebox>false</Style_Minimizebox>
    <Style_Border>true</Style_Border>
    <Style_Sizable>false</Style_Sizable>
    <Pieces>PCW_Inv_Seperator1</Pieces>
    <Pieces>PCW_Heritage_Text</Pieces>
    <Pieces>PCW_ParentId_Down_Button</Pieces>
    <Pieces>PCW_ParentId_Text</Pieces>
    <Pieces>PCW_ParentId_Up_Button</Pieces>
    <Pieces>PCW_Inv_Seperator2</Pieces>
    <Pieces>PCW_Face_Down_Button</Pieces>
    <Pieces>PCW_Face_Text</Pieces>
    <Pieces>PCW_Face_Up_Button</Pieces>
    <Pieces>PCW_Hair_Down_Button</Pieces>
    <Pieces>PCW_Hair_Text</Pieces>
    <Pieces>PCW_Hair_Up_Button</Pieces>
    <Pieces>PCW_Hair_Color_Down_Button</Pieces>
    <Pieces>PCW_Hair_Color_Text</Pieces>
    <Pieces>PCW_Hair_Color_Up_Button</Pieces>
    <Pieces>PCW_Eyes_Down_Button</Pieces>
    <Pieces>PCW_Eyes_Text</Pieces>
    <Pieces>PCW_Eyes_Up_Button</Pieces>
    <Pieces>PCW_Beard_Down_Button</Pieces>
    <Pieces>PCW_Beard_Text</Pieces>
    <Pieces>PCW_Beard_Up_Button</Pieces>
    <Pieces>PCW_Beard_Color_Down_Button</Pieces>
    <Pieces>PCW_Beard_Color_Text</Pieces>
    <Pieces>PCW_Beard_Color_Up_Button</Pieces>
    <Pieces>PCW_TattooIndex_Down_Button</Pieces>
    <Pieces>PCW_TattooIndex_Text</Pieces>
    <Pieces>PCW_TattooIndex_Up_Button</Pieces>
    <Pieces>PCW_FacialAttachmentIndex_Down_Button</Pieces>
    <Pieces>PCW_FacialAttachmentIndex_Text</Pieces>
    <Pieces>PCW_FacialAttachmentIndex_Up_Button</Pieces>
    <Pieces>PCW_Random_Button</Pieces>
    <Pieces>PCW_Accept_Button</Pieces>
    <Pieces>PCW_Cancel_Button</Pieces>
    <Font>2</Font>
  </Screen>
</XML>