<?xml version="1.0" encoding="us-ascii"?>
<XML ID="EQInterfaceDefinitionLanguage">
  <Schema xmlns="EverQuestData" xmlns:dt="EverQuestDataTypes" />
  <Label item="FW_Ignored_List_Label">
    <ScreenID>FW_Ignored_List_Label</ScreenID>
    <Font>2</Font>
    <Text>Ignored List</Text>
    <TextColor>
      <R>255</R>
      <G>255</G>
      <B>0</B>
    </TextColor>
    <Size>
      <CX>60</CX>
      <CY>13</CY>
    </Size>
    <AlignCenter>true
</AlignCenter>
    <Location>
      <X>50</X>
      <Y>-1</Y>
    </Location>
  </Label>
  <Label item="FW_Muted_Label">
    <ScreenID>FW_Muted_Label</ScreenID>
    <Font>2</Font>
    <Text>Muted List</Text>
    <TextColor>
      <R>255</R>
      <G>255</G>
      <B>0</B>
    </TextColor>
    <Size>
      <CX>60</CX>
      <CY>15</CY>
    </Size>
    <AlignCenter>true</AlignCenter>
    <Location>
      <X>51</X>
      <Y>169</Y>
    </Location>
  </Label>
  <StaticAnimation item="CopyOfInv_Seperator1">
    <RelativePosition>true</RelativePosition>
    <Location>
      <X>-62</X>
      <Y>162</Y>
    </Location>
    <Size>
      <CX>300</CX>
      <CY>4</CY>
    </Size>
    <Animation>A_DividerMiddle</Animation>
  </StaticAnimation>
  <Button item="FW_MutedDeleteButton">
    <ScreenID>MutedDeleteButton</ScreenID>
    <EQType>voicechat/MutedListRemove</EQType>
    <!--<Font>3</Font>-->
    <RelativePosition>true</RelativePosition>
    <Location>
      <X>43</X>
      <Y>282</Y>
    </Location>
    <Size>
      <CX>74</CX>
      <CY>15</CY>
    </Size>
    <!--<TooltipReference/>-->
    <Style_Checkbox>false</Style_Checkbox>
    <Text>Unmute</Text>
    <TextColor>
      <R>255</R>
      <G>255</G>
      <B>0</B>
    </TextColor>
    <ButtonDrawTemplate>
      <Normal>A_BtnNormal</Normal>
      <Pressed>A_BtnPressed</Pressed>
      <Flyby>A_BtnFlyby</Flyby>
      <Disabled>A_BtnDisabled</Disabled>
      <PressedFlyby>A_BtnPressedFlyby</PressedFlyby>
    </ButtonDrawTemplate>
  </Button>
  <Listbox item="FW_MutedList">
    <ScreenID>MutedList</ScreenID>
    <EQType>voicechat/MutedList</EQType>
    <DrawTemplate>WDT_Inner</DrawTemplate>
    <Location>
      <X>2</X>
      <Y>168</Y>
    </Location>
    <Size>
      <CX>155</CX>
      <CY>112</CY>
    </Size>
    <Columns>
      <Width>150</Width>
    </Columns>
    <Style_Border>true</Style_Border>
    <Style_VScroll>true</Style_VScroll>
    <Font>2</Font>
  </Listbox>
  <Editbox item="FW_NameInput">
    <ScreenID>NameInput</ScreenID>
    <DrawTemplate>WDT_Inner</DrawTemplate>
    <RelativePosition>true</RelativePosition>
    <Style_Border>true</Style_Border>
    <Location>
      <X>2</X>
      <Y>282</Y>
    </Location>
    <Size>
      <CX>90</CX>
      <CY>15</CY>
    </Size>
    <TextColor>
      <R>255</R>
      <G>255</G>
      <B>255</B>
    </TextColor>
    <Font>2</Font>
  </Editbox>
  <Button item="FW_AddButton">
    <ScreenID>AddButton</ScreenID>
    <!--<Font>3</Font>-->
    <RelativePosition>true</RelativePosition>
    <Location>
      <X>94</X>
      <Y>282</Y>
    </Location>
    <Size>
      <CX>31</CX>
      <CY>15</CY>
    </Size>
    <!--<TooltipReference/>-->
    <Style_Checkbox>false</Style_Checkbox>
    <Text>Add</Text>
    <TextColor>
      <R>0</R>
      <G>255</G>
      <B>0</B>
    </TextColor>
    <ButtonDrawTemplate>
      <Normal>A_BtnNormal</Normal>
      <Pressed>A_BtnPressed</Pressed>
      <Flyby>A_BtnFlyby</Flyby>
      <Disabled>A_BtnDisabled</Disabled>
      <PressedFlyby>A_BtnPressedFlyby</PressedFlyby>
    </ButtonDrawTemplate>
    <Font>2</Font>
  </Button>
  <Button item="FW_ContactButton">
    <ScreenID>ContactButton</ScreenID>
    <!--<Font>3</Font>-->
    <RelativePosition>true</RelativePosition>
    <Location>
      <X>2</X>
      <Y>265</Y>
    </Location>
    <Size>
      <CX>77</CX>
      <CY>15</CY>
    </Size>
    <!--<TooltipReference/>-->
    <Style_Checkbox>false</Style_Checkbox>
    <Text>Contact</Text>
    <TextColor>
      <R>255</R>
      <G>255</G>
      <B>255</B>
    </TextColor>
    <ButtonDrawTemplate>
      <Normal>A_BtnNormal</Normal>
      <Pressed>A_BtnPressed</Pressed>
      <Flyby>A_BtnFlyby</Flyby>
      <Disabled>A_BtnDisabled</Disabled>
      <PressedFlyby>A_BtnPressedFlyby</PressedFlyby>
    </ButtonDrawTemplate>
    <Font>2</Font>
  </Button>
  <Button item="FW_WhoButton">
    <ScreenID>WhoButton</ScreenID>
    <!--<Font>3</Font>-->
    <RelativePosition>true</RelativePosition>
    <Location>
      <X>81</X>
      <Y>265</Y>
    </Location>
    <Size>
      <CX>76</CX>
      <CY>15</CY>
    </Size>
    <!--<TooltipReference/>-->
    <Style_Checkbox>false</Style_Checkbox>
    <Text>Who</Text>
    <TextColor>
      <R>255</R>
      <G>255</G>
      <B>255</B>
    </TextColor>
    <ButtonDrawTemplate>
      <Normal>A_BtnNormal</Normal>
      <Pressed>A_BtnPressed</Pressed>
      <Flyby>A_BtnFlyby</Flyby>
      <Disabled>A_BtnDisabled</Disabled>
      <PressedFlyby>A_BtnPressedFlyby</PressedFlyby>
    </ButtonDrawTemplate>
    <Font>2</Font>
  </Button>
  <Button item="FW_DeleteButton">
    <ScreenID>DeleteButton</ScreenID>
    <!--<Font>3</Font>-->
    <RelativePosition>true</RelativePosition>
    <Location>
      <X>126</X>
      <Y>282</Y>
    </Location>
    <Size>
      <CX>31</CX>
      <CY>15</CY>
    </Size>
    <!--<TooltipReference/>-->
    <Style_Checkbox>false</Style_Checkbox>
    <Text>Del</Text>
    <TextColor>
      <R>255</R>
      <G>255</G>
      <B>0</B>
    </TextColor>
    <ButtonDrawTemplate>
      <Normal>A_BtnNormal</Normal>
      <Pressed>A_BtnPressed</Pressed>
      <Flyby>A_BtnFlyby</Flyby>
      <Disabled>A_BtnDisabled</Disabled>
      <PressedFlyby>A_BtnPressedFlyby</PressedFlyby>
    </ButtonDrawTemplate>
    <Font>2</Font>
  </Button>
  <Listbox item="FW_FriendsList">
    <ScreenID>FriendsList</ScreenID>
    <DrawTemplate>WDT_Inner</DrawTemplate>
    <Location>
      <X>2</X>
      <Y>2</Y>
    </Location>
    <Size>
      <CX>155</CX>
      <CY>261</CY>
    </Size>
    <Columns>
      <Width>150</Width>
    </Columns>
    <Style_Border>true</Style_Border>
    <Style_VScroll>true</Style_VScroll>
    <Font>2</Font>
  </Listbox>
  <Page item="FW_FriendsPage">
    <!--<ScreenID/>-->
    <RelativePosition>false</RelativePosition>
    <DrawTemplate>WDT_Def</DrawTemplate>
    <TabText>Friends</TabText>
    <TabTextColor>
      <R>255</R>
      <G>255</G>
      <B>255</B>
    </TabTextColor>
    <TabTextActiveColor>
      <R>255</R>
      <G>255</G>
      <B>0</B>
    </TabTextActiveColor>
    <Style_Sizable>true</Style_Sizable>
    <Pieces>FW_FriendsList</Pieces>
    <Pieces>FW_AddButton</Pieces>
    <Pieces>FW_NameInput</Pieces>
    <Pieces>FW_DeleteButton</Pieces>
    <Pieces>FW_ContactButton</Pieces>
    <Pieces>FW_WhoButton</Pieces>
    <Location>
      <X>0</X>
      <Y>22</Y>
    </Location>
    <Size>
      <CX>159</CX>
      <CY>297</CY>
    </Size>
    <Font>2</Font>
  </Page>
  <Editbox item="FW_IgnoreNameInput">
    <ScreenID>IgnoreNameInput</ScreenID>
    <DrawTemplate>WDT_Inner</DrawTemplate>
    <RelativePosition>true</RelativePosition>
    <Style_Border>true</Style_Border>
    <Location>
      <X>2</X>
      <Y>147</Y>
    </Location>
    <Size>
      <CX>90</CX>
      <CY>15</CY>
    </Size>
    <TextColor>
      <R>255</R>
      <G>255</G>
      <B>255</B>
    </TextColor>
    <Font>2</Font>
  </Editbox>
  <Button item="FW_IgnoreAddButton">
    <ScreenID>IgnoreAddButton</ScreenID>
    <!--<Font>3</Font>-->
    <RelativePosition>true</RelativePosition>
    <Location>
      <X>94</X>
      <Y>147</Y>
    </Location>
    <Size>
      <CX>31</CX>
      <CY>15</CY>
    </Size>
    <!--<TooltipReference/>-->
    <Style_Checkbox>false</Style_Checkbox>
    <Text>Add</Text>
    <TextColor>
      <R>0</R>
      <G>255</G>
      <B>0</B>
    </TextColor>
    <ButtonDrawTemplate>
      <Normal>A_BtnNormal</Normal>
      <Pressed>A_BtnPressed</Pressed>
      <Flyby>A_BtnFlyby</Flyby>
      <Disabled>A_BtnDisabled</Disabled>
      <PressedFlyby>A_BtnPressedFlyby</PressedFlyby>
    </ButtonDrawTemplate>
    <Font>2</Font>
  </Button>
  <Button item="FW_IgnoreDeleteButton">
    <ScreenID>IgnoreDeleteButton</ScreenID>
    <!--<Font>3</Font>-->
    <RelativePosition>true</RelativePosition>
    <Location>
      <X>126</X>
      <Y>147</Y>
    </Location>
    <Size>
      <CX>31</CX>
      <CY>15</CY>
    </Size>
    <!--<TooltipReference/>-->
    <Style_Checkbox>false</Style_Checkbox>
    <Text>Del</Text>
    <TextColor>
      <R>255</R>
      <G>255</G>
      <B>0</B>
    </TextColor>
    <ButtonDrawTemplate>
      <Normal>A_BtnNormal</Normal>
      <Pressed>A_BtnPressed</Pressed>
      <Flyby>A_BtnFlyby</Flyby>
      <Disabled>A_BtnDisabled</Disabled>
      <PressedFlyby>A_BtnPressedFlyby</PressedFlyby>
    </ButtonDrawTemplate>
    <Font>2</Font>
  </Button>
  <Listbox item="FW_IgnoreList">
    <ScreenID>IgnoreList</ScreenID>
    <DrawTemplate>WDT_Inner</DrawTemplate>
    <Location>
      <X>2</X>
      <Y>13</Y>
    </Location>
    <Size>
      <CX>155</CX>
      <CY>132</CY>
    </Size>
    <Columns>
      <Width>150</Width>
    </Columns>
    <Style_Border>true</Style_Border>
    <Style_VScroll>true</Style_VScroll>
    <Font>2</Font>
  </Listbox>
  <Page item="FW_IgnorePage">
    <!--<ScreenID/>-->
    <RelativePosition>false</RelativePosition>
    <DrawTemplate>WDT_Def</DrawTemplate>
    <TabText>Ignore/Mute</TabText>
    <TabTextColor>
      <R>255</R>
      <G>255</G>
      <B>255</B>
    </TabTextColor>
    <TabTextActiveColor>
      <R>255</R>
      <G>255</G>
      <B>0</B>
    </TabTextActiveColor>
    <Style_Sizable>true</Style_Sizable>
    <Pieces>FW_IgnoreList</Pieces>
    <Pieces>FW_IgnoreAddButton</Pieces>
    <Pieces>FW_IgnoreNameInput</Pieces>
    <Pieces>FW_IgnoreDeleteButton</Pieces>
    <Location>
      <X>0</X>
      <Y>22</Y>
    </Location>
    <Size>
      <CX>159</CX>
      <CY>297</CY>
    </Size>
    <Pieces>FW_MutedList</Pieces>
    <Pieces>FW_MutedDeleteButton</Pieces>
    <Font>2</Font>
    <Pieces>CopyOfInv_Seperator1</Pieces>
    <Pieces>FW_Muted_Label</Pieces>
    <Pieces>FW_Ignored_List_Label</Pieces>
  </Page>
  <Page item="FW_MutedPage">
    <!--<ScreenID/>-->
    <RelativePosition>false</RelativePosition>
    <DrawTemplate>WDT_Def</DrawTemplate>
    <TabText>Muted</TabText>
    <TabTextColor>
      <R>255</R>
      <G>255</G>
      <B>255</B>
    </TabTextColor>
    <TabTextActiveColor>
      <R>255</R>
      <G>255</G>
      <B>0</B>
    </TabTextActiveColor>
    <Style_Sizable>true</Style_Sizable>
    <Location>
      <X>0</X>
      <Y>22</Y>
    </Location>
    <Size>
      <CX>159</CX>
      <CY>234</CY>
    </Size>
  </Page>
  <TabBox item="FW_Subwindows">
    <ScreenID>Subwindows</ScreenID>
    <RelativePosition>true</RelativePosition>
    <Location>
      <X>0</X>
      <Y>0</Y>
    </Location>
    <Size>
      <CX>167</CX>
      <CY>327</CY>
    </Size>
    <TabBorderTemplate>FT_DefTabBorder</TabBorderTemplate>
    <PageBorderTemplate>FT_DefPageBorder</PageBorderTemplate>
    <Font>2</Font>
    <Pages>FW_FriendsPage</Pages>
    <Pages>FW_IgnorePage</Pages>
  </TabBox>
  <Screen item="FriendsWindow">
    <!--<ScreenID/>-->
    <RelativePosition>false</RelativePosition>
    <Location>
      <X>200</X>
      <Y>200</Y>
    </Location>
    <Size>
      <CX>177</CX>
      <CY>349</CY>
    </Size>
    <Style_VScroll>false</Style_VScroll>
    <Style_HScroll>false</Style_HScroll>
    <Style_Transparent>false</Style_Transparent>
    <!--<TooltipReference/>-->
    <Text>Sparxx-Friends Window</Text>
    <DrawTemplate>WDT_Rounded</DrawTemplate>
    <Style_Titlebar>true</Style_Titlebar>
    <Style_Closebox>true</Style_Closebox>
    <Style_Minimizebox>true</Style_Minimizebox>
    <Style_Border>true</Style_Border>
    <Style_Sizable>false</Style_Sizable>
    <Pieces>FW_Subwindows</Pieces>
    <Font>2</Font>
  </Screen>
</XML>