<?xml version="1.0" encoding="us-ascii"?>
<XML ID="EQInterfaceDefinitionLanguage">
  <Schema xmlns="EverQuestData" xmlns:dt="EverQuestDataTypes" />
  <Combobox item="ADOW_MemoryModeCombobox">
    <ScreenID>ADOW_MemoryModeCombobox</ScreenID>
    <Font>3</Font>
    <RelativePosition>true</RelativePosition>
    <Location>
      <X>9</X>
      <Y>331</Y>
    </Location>
    <Size>
      <CX>140</CX>
      <CY>24</CY>
    </Size>
    <AutoStretch>false</AutoStretch>
    <TopAnchorToTop>true</TopAnchorToTop>
    <LeftAnchorToLeft>true</LeftAnchorToLeft>
    <BottomAnchorToTop>true</BottomAnchorToTop>
    <RightAnchorToLeft>true</RightAnchorToLeft>
    <TopAnchorOffset>0</TopAnchorOffset>
    <BottomAnchorOffset>0</BottomAnchorOffset>
    <LeftAnchorOffset>0</LeftAnchorOffset>
    <RightAnchorOffset>0</RightAnchorOffset>
    <TextColor>
      <Alpha>255</Alpha>
      <R>255</R>
      <G>255</G>
      <B>255</B>
    </TextColor>
    <Style_VScroll>false</Style_VScroll>
    <Style_HScroll>false</Style_HScroll>
    <Style_Transparent>false</Style_Transparent>
    <Style_Border>true</Style_Border>
    <DrawTemplate>WDT_Inner</DrawTemplate>
    <Button>BDT_Combo</Button>
    <ListHeight>120</ListHeight>
  </Combobox>
  <Label item="ADOW_MemoryModeLabel">
    <ScreenID>ADOW_MemoryModeLabel</ScreenID>
    <Font>3</Font>
    <Text>Memory Mode*</Text>
    <TextColor>
      <R>255</R>
      <G>255</G>
      <B>255</B>
    </TextColor>
    <Size>
      <CX>165</CX>
      <CY>14</CY>
    </Size>
    <AlignCenter>false</AlignCenter>
    <Location>
      <X>9</X>
      <Y>316</Y>
    </Location>
  </Label>
  <Button item="ADOW_DisableTattoosCheckbox">
    <ScreenID>ADOW_DisableTattoosCheckbox</ScreenID>
    <Font>3</Font>
    <RelativePosition>true</RelativePosition>
    <Location>
      <X>183</X>
      <Y>154</Y>
    </Location>
    <Size>
      <CX>12</CX>
      <CY>12</CY>
    </Size>
    <AutoStretch>false</AutoStretch>
    <TopAnchorToTop>true</TopAnchorToTop>
    <LeftAnchorToLeft>true</LeftAnchorToLeft>
    <BottomAnchorToTop>true</BottomAnchorToTop>
    <RightAnchorToLeft>true</RightAnchorToLeft>
    <TopAnchorOffset>0</TopAnchorOffset>
    <BottomAnchorOffset>0</BottomAnchorOffset>
    <LeftAnchorOffset>0</LeftAnchorOffset>
    <RightAnchorOffset>0</RightAnchorOffset>
    <Text />
    <TextColor>
      <Alpha>255</Alpha>
      <R>255</R>
      <G>255</G>
      <B>255</B>
    </TextColor>
    <Style_VScroll>false</Style_VScroll>
    <Style_HScroll>false</Style_HScroll>
    <Style_Transparent>false</Style_Transparent>
    <Style_Border>false</Style_Border>
    <Style_Checkbox>true</Style_Checkbox>
    <Text />
    <ButtonDrawTemplate>
      <Normal>A_CheckBoxNormal</Normal>
      <Pressed>A_CheckBoxPressed</Pressed>
      <Flyby>A_CheckBoxNormal</Flyby>
      <Disabled>A_CheckBoxNormal</Disabled>
      <PressedFlyby>A_CheckBoxPressed</PressedFlyby>
    </ButtonDrawTemplate>
  </Button>
  <Label item="ADOW_DisableTattoosLabel">
    <ScreenID>DisableTattoosLabel</ScreenID>
    <Font>3</Font>
    <RelativePosition>true</RelativePosition>
    <Location>
      <X>196</X>
      <Y>152</Y>
    </Location>
    <Size>
      <CX>165</CX>
      <CY>20</CY>
    </Size>
    <AutoStretch>false</AutoStretch>
    <TopAnchorToTop>true</TopAnchorToTop>
    <LeftAnchorToLeft>true</LeftAnchorToLeft>
    <BottomAnchorToTop>true</BottomAnchorToTop>
    <RightAnchorToLeft>true</RightAnchorToLeft>
    <TopAnchorOffset>0</TopAnchorOffset>
    <BottomAnchorOffset>0</BottomAnchorOffset>
    <LeftAnchorOffset>0</LeftAnchorOffset>
    <RightAnchorOffset>0</RightAnchorOffset>
    <Text>Disable Tattoos*</Text>
    <TextColor>
      <Alpha>255</Alpha>
      <R>255</R>
      <G>255</G>
      <B>255</B>
    </TextColor>
    <Style_VScroll>false</Style_VScroll>
    <Style_HScroll>false</Style_HScroll>
    <Style_Transparent>false</Style_Transparent>
    <Style_Border>false</Style_Border>
    <EQType>0</EQType>
    <NoWrap>false</NoWrap>
    <AlignCenter>false</AlignCenter>
    <AlignRight>false</AlignRight>
  </Label>
  <Button item="ADOW_EnablePostEffectsCheckbox">
    <ScreenID>ADOW_EnablePostEffectsCheckbox</ScreenID>
    <Font>3</Font>
    <RelativePosition>true</RelativePosition>
    <Location>
      <X>183</X>
      <Y>171</Y>
    </Location>
    <Size>
      <CX>12</CX>
      <CY>12</CY>
    </Size>
    <AutoStretch>false</AutoStretch>
    <TopAnchorToTop>true</TopAnchorToTop>
    <LeftAnchorToLeft>true</LeftAnchorToLeft>
    <BottomAnchorToTop>true</BottomAnchorToTop>
    <RightAnchorToLeft>true</RightAnchorToLeft>
    <TopAnchorOffset>0</TopAnchorOffset>
    <BottomAnchorOffset>0</BottomAnchorOffset>
    <LeftAnchorOffset>0</LeftAnchorOffset>
    <RightAnchorOffset>0</RightAnchorOffset>
    <Text />
    <TextColor>
      <Alpha>255</Alpha>
      <R>255</R>
      <G>255</G>
      <B>255</B>
    </TextColor>
    <Style_VScroll>false</Style_VScroll>
    <Style_HScroll>false</Style_HScroll>
    <Style_Transparent>false</Style_Transparent>
    <Style_Border>false</Style_Border>
    <Style_Checkbox>true</Style_Checkbox>
    <Text />
    <ButtonDrawTemplate>
      <Normal>A_CheckBoxNormal</Normal>
      <Pressed>A_CheckBoxPressed</Pressed>
      <Flyby>A_CheckBoxNormal</Flyby>
      <Disabled>A_CheckBoxNormal</Disabled>
      <PressedFlyby>A_CheckBoxPressed</PressedFlyby>
    </ButtonDrawTemplate>
  </Button>
  <Label item="ADOW_EnablePostEffectsLabel">
    <ScreenID>ADOW_EnablePostEffectsLabel</ScreenID>
    <Font>3</Font>
    <RelativePosition>true</RelativePosition>
    <Location>
      <X>196</X>
      <Y>169</Y>
    </Location>
    <Size>
      <CX>165</CX>
      <CY>20</CY>
    </Size>
    <AutoStretch>false</AutoStretch>
    <TopAnchorToTop>true</TopAnchorToTop>
    <LeftAnchorToLeft>true</LeftAnchorToLeft>
    <BottomAnchorToTop>true</BottomAnchorToTop>
    <RightAnchorToLeft>true</RightAnchorToLeft>
    <TopAnchorOffset>0</TopAnchorOffset>
    <BottomAnchorOffset>0</BottomAnchorOffset>
    <LeftAnchorOffset>0</LeftAnchorOffset>
    <RightAnchorOffset>0</RightAnchorOffset>
    <Text>Enable Post Effects</Text>
    <TextColor>
      <Alpha>255</Alpha>
      <R>255</R>
      <G>255</G>
      <B>255</B>
    </TextColor>
    <Style_VScroll>false</Style_VScroll>
    <Style_HScroll>false</Style_HScroll>
    <Style_Transparent>false</Style_Transparent>
    <Style_Border>false</Style_Border>
    <EQType>0</EQType>
    <NoWrap>false</NoWrap>
    <AlignCenter>false</AlignCenter>
    <AlignRight>false</AlignRight>
  </Label>
  <Button item="ADOW_StreamItemTexturesCheckbox">
    <ScreenID>ADOW_StreamItemTexturesCheckbox</ScreenID>
    <Font>3</Font>
    <RelativePosition>true</RelativePosition>
    <Location>
      <X>183</X>
      <Y>137</Y>
    </Location>
    <Size>
      <CX>12</CX>
      <CY>12</CY>
    </Size>
    <AutoStretch>false</AutoStretch>
    <TopAnchorToTop>true</TopAnchorToTop>
    <LeftAnchorToLeft>true</LeftAnchorToLeft>
    <BottomAnchorToTop>true</BottomAnchorToTop>
    <RightAnchorToLeft>true</RightAnchorToLeft>
    <TopAnchorOffset>0</TopAnchorOffset>
    <BottomAnchorOffset>0</BottomAnchorOffset>
    <LeftAnchorOffset>0</LeftAnchorOffset>
    <RightAnchorOffset>0</RightAnchorOffset>
    <Text />
    <TextColor>
      <Alpha>255</Alpha>
      <R>255</R>
      <G>255</G>
      <B>255</B>
    </TextColor>
    <Style_VScroll>false</Style_VScroll>
    <Style_HScroll>false</Style_HScroll>
    <Style_Transparent>false</Style_Transparent>
    <Style_Border>false</Style_Border>
    <Style_Checkbox>true</Style_Checkbox>
    <Text />
    <ButtonDrawTemplate>
      <Normal>A_CheckBoxNormal</Normal>
      <Pressed>A_CheckBoxPressed</Pressed>
      <Flyby>A_CheckBoxNormal</Flyby>
      <Disabled>A_CheckBoxNormal</Disabled>
      <PressedFlyby>A_CheckBoxPressed</PressedFlyby>
    </ButtonDrawTemplate>
  </Button>
  <Label item="ADOW_StreamItemTexturesLabel">
    <ScreenID>ADOW_StreamItemTexturesLabel</ScreenID>
    <Font>3</Font>
    <RelativePosition>true</RelativePosition>
    <Location>
      <X>196</X>
      <Y>135</Y>
    </Location>
    <Size>
      <CX>165</CX>
      <CY>20</CY>
    </Size>
    <AutoStretch>false</AutoStretch>
    <TopAnchorToTop>true</TopAnchorToTop>
    <LeftAnchorToLeft>true</LeftAnchorToLeft>
    <BottomAnchorToTop>true</BottomAnchorToTop>
    <RightAnchorToLeft>true</RightAnchorToLeft>
    <TopAnchorOffset>0</TopAnchorOffset>
    <BottomAnchorOffset>0</BottomAnchorOffset>
    <LeftAnchorOffset>0</LeftAnchorOffset>
    <RightAnchorOffset>0</RightAnchorOffset>
    <Text>Stream Item Textures</Text>
    <TextColor>
      <Alpha>255</Alpha>
      <R>255</R>
      <G>255</G>
      <B>255</B>
    </TextColor>
    <Style_VScroll>false</Style_VScroll>
    <Style_HScroll>false</Style_HScroll>
    <Style_Transparent>false</Style_Transparent>
    <Style_Border>false</Style_Border>
    <EQType>0</EQType>
    <NoWrap>false</NoWrap>
    <AlignCenter>false</AlignCenter>
    <AlignRight>false</AlignRight>
  </Label>
  <Button item="ADOW_FloraCheckbox">
    <ScreenID>ADOW_FloraCheckbox</ScreenID>
    <Font>3</Font>
    <RelativePosition>true</RelativePosition>
    <Location>
      <X>183</X>
      <Y>120</Y>
    </Location>
    <Size>
      <CX>12</CX>
      <CY>12</CY>
    </Size>
    <AutoStretch>false</AutoStretch>
    <TopAnchorToTop>true</TopAnchorToTop>
    <LeftAnchorToLeft>true</LeftAnchorToLeft>
    <BottomAnchorToTop>true</BottomAnchorToTop>
    <RightAnchorToLeft>true</RightAnchorToLeft>
    <TopAnchorOffset>0</TopAnchorOffset>
    <BottomAnchorOffset>0</BottomAnchorOffset>
    <LeftAnchorOffset>0</LeftAnchorOffset>
    <RightAnchorOffset>0</RightAnchorOffset>
    <Text />
    <TextColor>
      <Alpha>255</Alpha>
      <R>255</R>
      <G>255</G>
      <B>255</B>
    </TextColor>
    <Style_VScroll>false</Style_VScroll>
    <Style_HScroll>false</Style_HScroll>
    <Style_Transparent>false</Style_Transparent>
    <Style_Border>false</Style_Border>
    <Style_Checkbox>true</Style_Checkbox>
    <Text />
    <ButtonDrawTemplate>
      <Normal>A_CheckBoxNormal</Normal>
      <Pressed>A_CheckBoxPressed</Pressed>
      <Flyby>A_CheckBoxNormal</Flyby>
      <Disabled>A_CheckBoxNormal</Disabled>
      <PressedFlyby>A_CheckBoxPressed</PressedFlyby>
    </ButtonDrawTemplate>
  </Button>
  <Label item="ADOW_FloraLabel">
    <ScreenID>ADOW_FloraLabel</ScreenID>
    <Font>3</Font>
    <RelativePosition>true</RelativePosition>
    <Location>
      <X>196</X>
      <Y>118</Y>
    </Location>
    <Size>
      <CX>165</CX>
      <CY>20</CY>
    </Size>
    <AutoStretch>false</AutoStretch>
    <TopAnchorToTop>true</TopAnchorToTop>
    <LeftAnchorToLeft>true</LeftAnchorToLeft>
    <BottomAnchorToTop>true</BottomAnchorToTop>
    <RightAnchorToLeft>true</RightAnchorToLeft>
    <TopAnchorOffset>0</TopAnchorOffset>
    <BottomAnchorOffset>0</BottomAnchorOffset>
    <LeftAnchorOffset>0</LeftAnchorOffset>
    <RightAnchorOffset>0</RightAnchorOffset>
    <Text>Radial Flora</Text>
    <TextColor>
      <Alpha>255</Alpha>
      <R>255</R>
      <G>255</G>
      <B>255</B>
    </TextColor>
    <Style_VScroll>false</Style_VScroll>
    <Style_HScroll>false</Style_HScroll>
    <Style_Transparent>false</Style_Transparent>
    <Style_Border>false</Style_Border>
    <EQType>0</EQType>
    <NoWrap>false</NoWrap>
    <AlignCenter>false</AlignCenter>
    <AlignRight>false</AlignRight>
  </Label>
  <Button item="ADOW_ShadowsCheckbox">
    <ScreenID>ADOW_ShadowsCheckbox</ScreenID>
    <Font>3</Font>
    <RelativePosition>true</RelativePosition>
    <Location>
      <X>183</X>
      <Y>103</Y>
    </Location>
    <Size>
      <CX>12</CX>
      <CY>12</CY>
    </Size>
    <AutoStretch>false</AutoStretch>
    <TopAnchorToTop>true</TopAnchorToTop>
    <LeftAnchorToLeft>true</LeftAnchorToLeft>
    <BottomAnchorToTop>true</BottomAnchorToTop>
    <RightAnchorToLeft>true</RightAnchorToLeft>
    <TopAnchorOffset>0</TopAnchorOffset>
    <BottomAnchorOffset>0</BottomAnchorOffset>
    <LeftAnchorOffset>0</LeftAnchorOffset>
    <RightAnchorOffset>0</RightAnchorOffset>
    <Text />
    <TextColor>
      <Alpha>255</Alpha>
      <R>255</R>
      <G>255</G>
      <B>255</B>
    </TextColor>
    <Style_VScroll>false</Style_VScroll>
    <Style_HScroll>false</Style_HScroll>
    <Style_Transparent>false</Style_Transparent>
    <Style_Border>false</Style_Border>
    <Style_Checkbox>true</Style_Checkbox>
    <Text />
    <ButtonDrawTemplate>
      <Normal>A_CheckBoxNormal</Normal>
      <Pressed>A_CheckBoxPressed</Pressed>
      <Flyby>A_CheckBoxNormal</Flyby>
      <Disabled>A_CheckBoxNormal</Disabled>
      <PressedFlyby>A_CheckBoxPressed</PressedFlyby>
    </ButtonDrawTemplate>
  </Button>
  <Button item="ADOW_WaterSwapCheckbox">
    <ScreenID>ADOW_WaterSwapCheckbox</ScreenID>
    <Font>3</Font>
    <RelativePosition>true</RelativePosition>
    <Location>
      <X>9</X>
      <Y>156</Y>
    </Location>
    <Size>
      <CX>12</CX>
      <CY>12</CY>
    </Size>
    <AutoStretch>false</AutoStretch>
    <TopAnchorToTop>true</TopAnchorToTop>
    <LeftAnchorToLeft>true</LeftAnchorToLeft>
    <BottomAnchorToTop>true</BottomAnchorToTop>
    <RightAnchorToLeft>true</RightAnchorToLeft>
    <TopAnchorOffset>0</TopAnchorOffset>
    <BottomAnchorOffset>0</BottomAnchorOffset>
    <LeftAnchorOffset>0</LeftAnchorOffset>
    <RightAnchorOffset>0</RightAnchorOffset>
    <Text />
    <TextColor>
      <Alpha>255</Alpha>
      <R>255</R>
      <G>255</G>
      <B>255</B>
    </TextColor>
    <Style_VScroll>false</Style_VScroll>
    <Style_HScroll>false</Style_HScroll>
    <Style_Transparent>false</Style_Transparent>
    <Style_Border>false</Style_Border>
    <Style_Checkbox>true</Style_Checkbox>
    <Text />
    <ButtonDrawTemplate>
      <Normal>A_CheckBoxNormal</Normal>
      <Pressed>A_CheckBoxPressed</Pressed>
      <Flyby>A_CheckBoxNormal</Flyby>
      <Disabled>A_CheckBoxNormal</Disabled>
      <PressedFlyby>A_CheckBoxPressed</PressedFlyby>
    </ButtonDrawTemplate>
  </Button>
  <Button item="ADOW_20PixelShadersCheckbox">
    <ScreenID>ADOW_20PixelShadersCheckbox</ScreenID>
    <Font>3</Font>
    <RelativePosition>true</RelativePosition>
    <Location>
      <X>183</X>
      <Y>70</Y>
    </Location>
    <Size>
      <CX>12</CX>
      <CY>12</CY>
    </Size>
    <AutoStretch>false</AutoStretch>
    <TopAnchorToTop>true</TopAnchorToTop>
    <LeftAnchorToLeft>true</LeftAnchorToLeft>
    <BottomAnchorToTop>true</BottomAnchorToTop>
    <RightAnchorToLeft>true</RightAnchorToLeft>
    <TopAnchorOffset>0</TopAnchorOffset>
    <BottomAnchorOffset>0</BottomAnchorOffset>
    <LeftAnchorOffset>0</LeftAnchorOffset>
    <RightAnchorOffset>0</RightAnchorOffset>
    <Text />
    <TextColor>
      <Alpha>255</Alpha>
      <R>255</R>
      <G>255</G>
      <B>255</B>
    </TextColor>
    <Style_VScroll>false</Style_VScroll>
    <Style_HScroll>false</Style_HScroll>
    <Style_Transparent>false</Style_Transparent>
    <Style_Border>false</Style_Border>
    <Style_Checkbox>true</Style_Checkbox>
    <Text />
    <ButtonDrawTemplate>
      <Normal>A_CheckBoxNormal</Normal>
      <Pressed>A_CheckBoxPressed</Pressed>
      <Flyby>A_CheckBoxNormal</Flyby>
      <Disabled>A_CheckBoxNormal</Disabled>
      <PressedFlyby>A_CheckBoxPressed</PressedFlyby>
    </ButtonDrawTemplate>
  </Button>
  <Button item="ADOW_11PixelShadersCheckbox">
    <ScreenID>ADOW_11PixelShadersCheckbox</ScreenID>
    <Font>3</Font>
    <RelativePosition>true</RelativePosition>
    <Location>
      <X>183</X>
      <Y>38</Y>
    </Location>
    <Size>
      <CX>12</CX>
      <CY>12</CY>
    </Size>
    <AutoStretch>false</AutoStretch>
    <TopAnchorToTop>true</TopAnchorToTop>
    <LeftAnchorToLeft>true</LeftAnchorToLeft>
    <BottomAnchorToTop>true</BottomAnchorToTop>
    <RightAnchorToLeft>true</RightAnchorToLeft>
    <TopAnchorOffset>0</TopAnchorOffset>
    <BottomAnchorOffset>0</BottomAnchorOffset>
    <LeftAnchorOffset>0</LeftAnchorOffset>
    <RightAnchorOffset>0</RightAnchorOffset>
    <Text />
    <TextColor>
      <Alpha>255</Alpha>
      <R>255</R>
      <G>255</G>
      <B>255</B>
    </TextColor>
    <Style_VScroll>false</Style_VScroll>
    <Style_HScroll>false</Style_HScroll>
    <Style_Transparent>false</Style_Transparent>
    <Style_Border>false</Style_Border>
    <Style_Checkbox>true</Style_Checkbox>
    <Text />
    <ButtonDrawTemplate>
      <Normal>A_CheckBoxNormal</Normal>
      <Pressed>A_CheckBoxPressed</Pressed>
      <Flyby>A_CheckBoxNormal</Flyby>
      <Disabled>A_CheckBoxNormal</Disabled>
      <PressedFlyby>A_CheckBoxPressed</PressedFlyby>
    </ButtonDrawTemplate>
  </Button>
  <Button item="ADOW_VertexShadersCheckbox">
    <ScreenID>ADOW_VertexShadersCheckbox</ScreenID>
    <Font>3</Font>
    <RelativePosition>true</RelativePosition>
    <Location>
      <X>183</X>
      <Y>22</Y>
    </Location>
    <Size>
      <CX>12</CX>
      <CY>12</CY>
    </Size>
    <AutoStretch>false</AutoStretch>
    <TopAnchorToTop>true</TopAnchorToTop>
    <LeftAnchorToLeft>true</LeftAnchorToLeft>
    <BottomAnchorToTop>true</BottomAnchorToTop>
    <RightAnchorToLeft>true</RightAnchorToLeft>
    <TopAnchorOffset>0</TopAnchorOffset>
    <BottomAnchorOffset>0</BottomAnchorOffset>
    <LeftAnchorOffset>0</LeftAnchorOffset>
    <RightAnchorOffset>0</RightAnchorOffset>
    <Text />
    <TextColor>
      <Alpha>255</Alpha>
      <R>255</R>
      <G>255</G>
      <B>255</B>
    </TextColor>
    <Style_VScroll>false</Style_VScroll>
    <Style_HScroll>false</Style_HScroll>
    <Style_Transparent>false</Style_Transparent>
    <Style_Border>false</Style_Border>
    <Style_Checkbox>true</Style_Checkbox>
    <Text />
    <ButtonDrawTemplate>
      <Normal>A_CheckBoxNormal</Normal>
      <Pressed>A_CheckBoxPressed</Pressed>
      <Flyby>A_CheckBoxNormal</Flyby>
      <Disabled>A_CheckBoxNormal</Disabled>
      <PressedFlyby>A_CheckBoxPressed</PressedFlyby>
    </ButtonDrawTemplate>
  </Button>
  <Button item="ADOW_EnableBloomCheckbox">
    <ScreenID>ADOW_EnableBloomCheckbox</ScreenID>
    <Font>3</Font>
    <RelativePosition>true</RelativePosition>
    <Location>
      <X>183</X>
      <Y>188</Y>
    </Location>
    <Size>
      <CX>12</CX>
      <CY>12</CY>
    </Size>
    <AutoStretch>false</AutoStretch>
    <TopAnchorToTop>true</TopAnchorToTop>
    <LeftAnchorToLeft>true</LeftAnchorToLeft>
    <BottomAnchorToTop>true</BottomAnchorToTop>
    <RightAnchorToLeft>true</RightAnchorToLeft>
    <TopAnchorOffset>0</TopAnchorOffset>
    <BottomAnchorOffset>0</BottomAnchorOffset>
    <LeftAnchorOffset>0</LeftAnchorOffset>
    <RightAnchorOffset>0</RightAnchorOffset>
    <Text />
    <TextColor>
      <Alpha>255</Alpha>
      <R>255</R>
      <G>255</G>
      <B>255</B>
    </TextColor>
    <Style_VScroll>false</Style_VScroll>
    <Style_HScroll>false</Style_HScroll>
    <Style_Transparent>false</Style_Transparent>
    <Style_Border>false</Style_Border>
    <Style_Checkbox>true</Style_Checkbox>
    <Text />
    <ButtonDrawTemplate>
      <Normal>A_CheckBoxNormal</Normal>
      <Pressed>A_CheckBoxPressed</Pressed>
      <Flyby>A_CheckBoxNormal</Flyby>
      <Disabled>A_CheckBoxNormal</Disabled>
      <PressedFlyby>A_CheckBoxPressed</PressedFlyby>
    </ButtonDrawTemplate>
  </Button>
  <Label item="ADOW_EnableBloomLabel">
    <ScreenID>ADOW_EnableBloomLabel</ScreenID>
    <Font>3</Font>
    <RelativePosition>true</RelativePosition>
    <Location>
      <X>196</X>
      <Y>187</Y>
    </Location>
    <Size>
      <CX>165</CX>
      <CY>20</CY>
    </Size>
    <AutoStretch>false</AutoStretch>
    <TopAnchorToTop>true</TopAnchorToTop>
    <LeftAnchorToLeft>true</LeftAnchorToLeft>
    <BottomAnchorToTop>true</BottomAnchorToTop>
    <RightAnchorToLeft>true</RightAnchorToLeft>
    <TopAnchorOffset>0</TopAnchorOffset>
    <BottomAnchorOffset>0</BottomAnchorOffset>
    <LeftAnchorOffset>0</LeftAnchorOffset>
    <RightAnchorOffset>0</RightAnchorOffset>
    <Text>Enable Bloom Lighting</Text>
    <TextColor>
      <Alpha>255</Alpha>
      <R>255</R>
      <G>255</G>
      <B>255</B>
    </TextColor>
    <Style_VScroll>false</Style_VScroll>
    <Style_HScroll>false</Style_HScroll>
    <Style_Transparent>false</Style_Transparent>
    <Style_Border>false</Style_Border>
    <EQType>0</EQType>
    <NoWrap>false</NoWrap>
    <AlignCenter>false</AlignCenter>
    <AlignRight>false</AlignRight>
  </Label>
  <Label item="ADOW_ActorClipPlaneLabel">
    <ScreenID>ADOW_ActorClipPlaneLabel</ScreenID>
    <Font>3</Font>
    <RelativePosition>true</RelativePosition>
    <Location>
      <X>183</X>
      <Y>238</Y>
    </Location>
    <Size>
      <CX>100</CX>
      <CY>14</CY>
    </Size>
    <AutoStretch>false</AutoStretch>
    <TopAnchorToTop>true</TopAnchorToTop>
    <LeftAnchorToLeft>true</LeftAnchorToLeft>
    <BottomAnchorToTop>true</BottomAnchorToTop>
    <RightAnchorToLeft>true</RightAnchorToLeft>
    <TopAnchorOffset>0</TopAnchorOffset>
    <BottomAnchorOffset>0</BottomAnchorOffset>
    <LeftAnchorOffset>0</LeftAnchorOffset>
    <RightAnchorOffset>0</RightAnchorOffset>
    <Text>Actor Clip Plane</Text>
    <TextColor>
      <Alpha>255</Alpha>
      <R>255</R>
      <G>255</G>
      <B>255</B>
    </TextColor>
    <Style_VScroll>false</Style_VScroll>
    <Style_HScroll>false</Style_HScroll>
    <Style_Transparent>false</Style_Transparent>
    <Style_Border>false</Style_Border>
    <EQType>0</EQType>
    <NoWrap>true</NoWrap>
    <AlignCenter>false</AlignCenter>
    <AlignRight>false</AlignRight>
  </Label>
  <Slider item="ADOW_ActorClipPlaneSlider">
    <ScreenID>ADOW_ActorClipPlaneSlider</ScreenID>
    <Font>3</Font>
    <RelativePosition>true</RelativePosition>
    <Location>
      <X>181</X>
      <Y>252</Y>
    </Location>
    <Size>
      <CX>100</CX>
      <CY>16</CY>
    </Size>
    <AutoStretch>false</AutoStretch>
    <TopAnchorToTop>true</TopAnchorToTop>
    <LeftAnchorToLeft>true</LeftAnchorToLeft>
    <BottomAnchorToTop>true</BottomAnchorToTop>
    <RightAnchorToLeft>true</RightAnchorToLeft>
    <TopAnchorOffset>0</TopAnchorOffset>
    <BottomAnchorOffset>0</BottomAnchorOffset>
    <LeftAnchorOffset>0</LeftAnchorOffset>
    <RightAnchorOffset>0</RightAnchorOffset>
    <Style_VScroll>false</Style_VScroll>
    <Style_HScroll>false</Style_HScroll>
    <Style_Transparent>false</Style_Transparent>
    <Style_Border>false</Style_Border>
    <SliderArt>SDT_DefSlider</SliderArt>
  </Slider>
  <Label item="ADOW_ShadowClipPlaneLabel">
    <ScreenID>ADOW_ShadowClipPlaneLabel</ScreenID>
    <Font>3</Font>
    <RelativePosition>true</RelativePosition>
    <Location>
      <X>182</X>
      <Y>208</Y>
    </Location>
    <Size>
      <CX>110</CX>
      <CY>14</CY>
    </Size>
    <AutoStretch>false</AutoStretch>
    <TopAnchorToTop>true</TopAnchorToTop>
    <LeftAnchorToLeft>true</LeftAnchorToLeft>
    <BottomAnchorToTop>true</BottomAnchorToTop>
    <RightAnchorToLeft>true</RightAnchorToLeft>
    <TopAnchorOffset>0</TopAnchorOffset>
    <BottomAnchorOffset>0</BottomAnchorOffset>
    <LeftAnchorOffset>0</LeftAnchorOffset>
    <RightAnchorOffset>0</RightAnchorOffset>
    <Text>Shadow Clip Plane</Text>
    <TextColor>
      <Alpha>255</Alpha>
      <R>255</R>
      <G>255</G>
      <B>255</B>
    </TextColor>
    <Style_VScroll>false</Style_VScroll>
    <Style_HScroll>false</Style_HScroll>
    <Style_Transparent>false</Style_Transparent>
    <Style_Border>false</Style_Border>
    <EQType>0</EQType>
    <NoWrap>true</NoWrap>
    <AlignCenter>false</AlignCenter>
    <AlignRight>false</AlignRight>
  </Label>
  <Slider item="ADOW_ShadowClipPlaneSlider">
    <ScreenID>ADOW_ShadowClipPlaneSlider</ScreenID>
    <Font>3</Font>
    <RelativePosition>true</RelativePosition>
    <Location>
      <X>181</X>
      <Y>222</Y>
    </Location>
    <Size>
      <CX>100</CX>
      <CY>16</CY>
    </Size>
    <AutoStretch>false</AutoStretch>
    <TopAnchorToTop>true</TopAnchorToTop>
    <LeftAnchorToLeft>true</LeftAnchorToLeft>
    <BottomAnchorToTop>true</BottomAnchorToTop>
    <RightAnchorToLeft>true</RightAnchorToLeft>
    <TopAnchorOffset>0</TopAnchorOffset>
    <BottomAnchorOffset>0</BottomAnchorOffset>
    <LeftAnchorOffset>0</LeftAnchorOffset>
    <RightAnchorOffset>0</RightAnchorOffset>
    <Style_VScroll>false</Style_VScroll>
    <Style_HScroll>false</Style_HScroll>
    <Style_Transparent>false</Style_Transparent>
    <Style_Border>false</Style_Border>
    <SliderArt>SDT_DefSlider</SliderArt>
  </Slider>
  <Label item="ADOW_OnZoningLabel">
    <ScreenID>ADOW_OnZoningLabel</ScreenID>
    <Font>2</Font>
    <RelativePosition>true</RelativePosition>
    <Location>
      <X>162</X>
      <Y>347</Y>
    </Location>
    <Size>
      <CX>170</CX>
      <CY>12</CY>
    </Size>
    <AutoStretch>false</AutoStretch>
    <TopAnchorToTop>true</TopAnchorToTop>
    <LeftAnchorToLeft>true</LeftAnchorToLeft>
    <BottomAnchorToTop>true</BottomAnchorToTop>
    <RightAnchorToLeft>true</RightAnchorToLeft>
    <TopAnchorOffset>0</TopAnchorOffset>
    <BottomAnchorOffset>0</BottomAnchorOffset>
    <LeftAnchorOffset>0</LeftAnchorOffset>
    <RightAnchorOffset>0</RightAnchorOffset>
    <Text>* Takes effect next time you zone.</Text>
    <TextColor>
      <Alpha>255</Alpha>
      <R>192</R>
      <G>192</G>
      <B>192</B>
    </TextColor>
    <Style_VScroll>false</Style_VScroll>
    <Style_HScroll>false</Style_HScroll>
    <Style_Transparent>false</Style_Transparent>
    <Style_Border>false</Style_Border>
    <EQType>0</EQType>
    <NoWrap>true</NoWrap>
    <AlignCenter>false</AlignCenter>
    <AlignRight>false</AlignRight>
  </Label>
  <Label item="ADOW_SkyReflectionSizeLabel">
    <ScreenID>ADOW_SkyReflectionSizeLabel</ScreenID>
    <Font>3</Font>
    <RelativePosition>true</RelativePosition>
    <Location>
      <X>9</X>
      <Y>178</Y>
    </Location>
    <Size>
      <CX>161</CX>
      <CY>14</CY>
    </Size>
    <AutoStretch>false</AutoStretch>
    <TopAnchorToTop>true</TopAnchorToTop>
    <LeftAnchorToLeft>true</LeftAnchorToLeft>
    <BottomAnchorToTop>true</BottomAnchorToTop>
    <RightAnchorToLeft>true</RightAnchorToLeft>
    <TopAnchorOffset>0</TopAnchorOffset>
    <BottomAnchorOffset>0</BottomAnchorOffset>
    <LeftAnchorOffset>0</LeftAnchorOffset>
    <RightAnchorOffset>0</RightAnchorOffset>
    <Text>Dynamic Sky Reflection Size*</Text>
    <TextColor>
      <Alpha>255</Alpha>
      <R>255</R>
      <G>255</G>
      <B>255</B>
    </TextColor>
    <Style_VScroll>false</Style_VScroll>
    <Style_HScroll>false</Style_HScroll>
    <Style_Transparent>false</Style_Transparent>
    <Style_Border>false</Style_Border>
    <EQType>0</EQType>
    <NoWrap>true</NoWrap>
    <AlignCenter>false</AlignCenter>
    <AlignRight>false</AlignRight>
  </Label>
  <Combobox item="ADOW_SkyReflectionSizeCombobox">
    <ScreenID>ADOW_SkyReflectionSizeCombobox</ScreenID>
    <Font>3</Font>
    <RelativePosition>true</RelativePosition>
    <Location>
      <X>9</X>
      <Y>193</Y>
    </Location>
    <Size>
      <CX>140</CX>
      <CY>24</CY>
    </Size>
    <AutoStretch>false</AutoStretch>
    <TopAnchorToTop>true</TopAnchorToTop>
    <LeftAnchorToLeft>true</LeftAnchorToLeft>
    <BottomAnchorToTop>true</BottomAnchorToTop>
    <RightAnchorToLeft>true</RightAnchorToLeft>
    <TopAnchorOffset>0</TopAnchorOffset>
    <BottomAnchorOffset>0</BottomAnchorOffset>
    <LeftAnchorOffset>0</LeftAnchorOffset>
    <RightAnchorOffset>0</RightAnchorOffset>
    <TextColor>
      <Alpha>255</Alpha>
      <R>255</R>
      <G>255</G>
      <B>255</B>
    </TextColor>
    <Style_VScroll>false</Style_VScroll>
    <Style_HScroll>false</Style_HScroll>
    <Style_Transparent>false</Style_Transparent>
    <Style_Border>true</Style_Border>
    <DrawTemplate>WDT_Inner</DrawTemplate>
    <Button>BDT_Combo</Button>
    <ListHeight>90</ListHeight>
  </Combobox>
  <Label item="ADOW_SkyUpdateIntervalLabel">
    <ScreenID>ADOW_SkyUpdateIntervalLabel</ScreenID>
    <Font>3</Font>
    <RelativePosition>true</RelativePosition>
    <Location>
      <X>10</X>
      <Y>224</Y>
    </Location>
    <Size>
      <CX>165</CX>
      <CY>14</CY>
    </Size>
    <AutoStretch>false</AutoStretch>
    <TopAnchorToTop>true</TopAnchorToTop>
    <LeftAnchorToLeft>true</LeftAnchorToLeft>
    <BottomAnchorToTop>true</BottomAnchorToTop>
    <RightAnchorToLeft>true</RightAnchorToLeft>
    <TopAnchorOffset>0</TopAnchorOffset>
    <BottomAnchorOffset>0</BottomAnchorOffset>
    <LeftAnchorOffset>0</LeftAnchorOffset>
    <RightAnchorOffset>0</RightAnchorOffset>
    <Text>Sky Reflection Update Interval</Text>
    <TextColor>
      <Alpha>255</Alpha>
      <R>255</R>
      <G>255</G>
      <B>255</B>
    </TextColor>
    <Style_VScroll>false</Style_VScroll>
    <Style_HScroll>false</Style_HScroll>
    <Style_Transparent>false</Style_Transparent>
    <Style_Border>false</Style_Border>
    <EQType>0</EQType>
    <NoWrap>true</NoWrap>
    <AlignCenter>false</AlignCenter>
    <AlignRight>false</AlignRight>
  </Label>
  <Combobox item="ADOW_SkyUpdateIntervalCombobox">
    <ScreenID>ADOW_SkyUpdateIntervalCombobox</ScreenID>
    <Font>3</Font>
    <RelativePosition>true</RelativePosition>
    <Location>
      <X>9</X>
      <Y>239</Y>
    </Location>
    <Size>
      <CX>140</CX>
      <CY>24</CY>
    </Size>
    <AutoStretch>false</AutoStretch>
    <TopAnchorToTop>true</TopAnchorToTop>
    <LeftAnchorToLeft>true</LeftAnchorToLeft>
    <BottomAnchorToTop>true</BottomAnchorToTop>
    <RightAnchorToLeft>true</RightAnchorToLeft>
    <TopAnchorOffset>0</TopAnchorOffset>
    <BottomAnchorOffset>0</BottomAnchorOffset>
    <LeftAnchorOffset>0</LeftAnchorOffset>
    <RightAnchorOffset>0</RightAnchorOffset>
    <TextColor>
      <Alpha>255</Alpha>
      <R>255</R>
      <G>255</G>
      <B>255</B>
    </TextColor>
    <Style_VScroll>false</Style_VScroll>
    <Style_HScroll>false</Style_HScroll>
    <Style_Transparent>false</Style_Transparent>
    <Style_Border>true</Style_Border>
    <DrawTemplate>WDT_Inner</DrawTemplate>
    <Button>BDT_Combo</Button>
    <ListHeight>120</ListHeight>
  </Combobox>
  <Label item="ADOW_TerrainTextureQualityLabel">
    <ScreenID>ADOW_TerrainTextureQualityLabel</ScreenID>
    <Font>3</Font>
    <RelativePosition>true</RelativePosition>
    <Location>
      <X>9</X>
      <Y>270</Y>
    </Location>
    <Size>
      <CX>165</CX>
      <CY>14</CY>
    </Size>
    <AutoStretch>false</AutoStretch>
    <TopAnchorToTop>true</TopAnchorToTop>
    <LeftAnchorToLeft>true</LeftAnchorToLeft>
    <BottomAnchorToTop>true</BottomAnchorToTop>
    <RightAnchorToLeft>true</RightAnchorToLeft>
    <TopAnchorOffset>0</TopAnchorOffset>
    <BottomAnchorOffset>0</BottomAnchorOffset>
    <LeftAnchorOffset>0</LeftAnchorOffset>
    <RightAnchorOffset>0</RightAnchorOffset>
    <Text>Terrain Texture Quality*</Text>
    <TextColor>
      <Alpha>255</Alpha>
      <R>255</R>
      <G>255</G>
      <B>255</B>
    </TextColor>
    <Style_VScroll>false</Style_VScroll>
    <Style_HScroll>false</Style_HScroll>
    <Style_Transparent>false</Style_Transparent>
    <Style_Border>false</Style_Border>
    <EQType>0</EQType>
    <NoWrap>true</NoWrap>
    <AlignCenter>false</AlignCenter>
    <AlignRight>false</AlignRight>
  </Label>
  <Combobox item="ADOW_TerrainTextureQualityCombobox">
    <ScreenID>ADOW_TerrainTextureQualityCombobox</ScreenID>
    <Font>3</Font>
    <RelativePosition>true</RelativePosition>
    <Location>
      <X>9</X>
      <Y>285</Y>
    </Location>
    <Size>
      <CX>140</CX>
      <CY>24</CY>
    </Size>
    <AutoStretch>false</AutoStretch>
    <TopAnchorToTop>true</TopAnchorToTop>
    <LeftAnchorToLeft>true</LeftAnchorToLeft>
    <BottomAnchorToTop>true</BottomAnchorToTop>
    <RightAnchorToLeft>true</RightAnchorToLeft>
    <TopAnchorOffset>0</TopAnchorOffset>
    <BottomAnchorOffset>0</BottomAnchorOffset>
    <LeftAnchorOffset>0</LeftAnchorOffset>
    <RightAnchorOffset>0</RightAnchorOffset>
    <TextColor>
      <Alpha>255</Alpha>
      <R>255</R>
      <G>255</G>
      <B>255</B>
    </TextColor>
    <Style_VScroll>false</Style_VScroll>
    <Style_HScroll>false</Style_HScroll>
    <Style_Transparent>false</Style_Transparent>
    <Style_Border>true</Style_Border>
    <DrawTemplate>WDT_Inner</DrawTemplate>
    <Button>BDT_Combo</Button>
    <ListHeight>120</ListHeight>
  </Combobox>
  <Button item="ADOW_14PixelShadersCheckbox">
    <ScreenID>ADOW_14PixelShadersCheckbox</ScreenID>
    <Font>3</Font>
    <RelativePosition>true</RelativePosition>
    <Location>
      <X>183</X>
      <Y>54</Y>
    </Location>
    <Size>
      <CX>12</CX>
      <CY>12</CY>
    </Size>
    <AutoStretch>false</AutoStretch>
    <TopAnchorToTop>true</TopAnchorToTop>
    <LeftAnchorToLeft>true</LeftAnchorToLeft>
    <BottomAnchorToTop>true</BottomAnchorToTop>
    <RightAnchorToLeft>true</RightAnchorToLeft>
    <TopAnchorOffset>0</TopAnchorOffset>
    <BottomAnchorOffset>0</BottomAnchorOffset>
    <LeftAnchorOffset>0</LeftAnchorOffset>
    <RightAnchorOffset>0</RightAnchorOffset>
    <Text />
    <TextColor>
      <Alpha>255</Alpha>
      <R>255</R>
      <G>255</G>
      <B>255</B>
    </TextColor>
    <Style_VScroll>false</Style_VScroll>
    <Style_HScroll>false</Style_HScroll>
    <Style_Transparent>false</Style_Transparent>
    <Style_Border>false</Style_Border>
    <Style_Checkbox>true</Style_Checkbox>
    <Text />
    <ButtonDrawTemplate>
      <Normal>A_CheckBoxNormal</Normal>
      <Pressed>A_CheckBoxPressed</Pressed>
      <Flyby>A_CheckBoxNormal</Flyby>
      <Disabled>A_CheckBoxNormal</Disabled>
      <PressedFlyby>A_CheckBoxPressed</PressedFlyby>
    </ButtonDrawTemplate>
  </Button>
  <Label item="ADOW_CardFeaturesLabel">
    <ScreenID>ADOW_CardFeaturesLabel</ScreenID>
    <Font>3</Font>
    <RelativePosition>true</RelativePosition>
    <Location>
      <X>11</X>
      <Y>1</Y>
    </Location>
    <Size>
      <CX>105</CX>
      <CY>20</CY>
    </Size>
    <AutoStretch>false</AutoStretch>
    <TopAnchorToTop>true</TopAnchorToTop>
    <LeftAnchorToLeft>true</LeftAnchorToLeft>
    <BottomAnchorToTop>true</BottomAnchorToTop>
    <RightAnchorToLeft>true</RightAnchorToLeft>
    <TopAnchorOffset>0</TopAnchorOffset>
    <BottomAnchorOffset>0</BottomAnchorOffset>
    <LeftAnchorOffset>0</LeftAnchorOffset>
    <RightAnchorOffset>0</RightAnchorOffset>
    <Text>Card Features:</Text>
    <TextColor>
      <Alpha>255</Alpha>
      <R>255</R>
      <G>255</G>
      <B>255</B>
    </TextColor>
    <Style_VScroll>false</Style_VScroll>
    <Style_HScroll>false</Style_HScroll>
    <Style_Transparent>false</Style_Transparent>
    <Style_Border>false</Style_Border>
    <EQType>0</EQType>
    <NoWrap>false</NoWrap>
    <AlignCenter>false</AlignCenter>
    <AlignRight>false</AlignRight>
  </Label>
  <Listbox item="ADOW_CardFeaturesListbox">
    <ScreenID>ADOW_CardFeaturesListbox</ScreenID>
    <Font>3</Font>
    <RelativePosition>true</RelativePosition>
    <Location>
      <X>8</X>
      <Y>18</Y>
    </Location>
    <Size>
      <CX>164</CX>
      <CY>124</CY>
    </Size>
    <AutoStretch>false</AutoStretch>
    <TopAnchorToTop>true</TopAnchorToTop>
    <LeftAnchorToLeft>true</LeftAnchorToLeft>
    <BottomAnchorToTop>true</BottomAnchorToTop>
    <RightAnchorToLeft>true</RightAnchorToLeft>
    <TopAnchorOffset>0</TopAnchorOffset>
    <BottomAnchorOffset>0</BottomAnchorOffset>
    <LeftAnchorOffset>0</LeftAnchorOffset>
    <RightAnchorOffset>0</RightAnchorOffset>
    <TextColor>
      <Alpha>255</Alpha>
      <R>0</R>
      <G>0</G>
      <B>0</B>
    </TextColor>
    <Style_VScroll>true</Style_VScroll>
    <Style_HScroll>false</Style_HScroll>
    <Style_Transparent>false</Style_Transparent>
    <Style_Border>true</Style_Border>
    <DrawTemplate>WDT_Inner</DrawTemplate>
    <Columns>
      <Heading>A Column</Heading>
      <Width>125</Width>
      <Sortable>false</Sortable>
    </Columns>
    <OwnerDraw>false</OwnerDraw>
  </Listbox>
  <Button item="ADOW_AdvancedLightingCheckbox">
    <ScreenID>ADOW_AdvancedLightingCheckbox</ScreenID>
    <Font>3</Font>
    <RelativePosition>true</RelativePosition>
    <Location>
      <X>183</X>
      <Y>86</Y>
    </Location>
    <Size>
      <CX>12</CX>
      <CY>12</CY>
    </Size>
    <AutoStretch>false</AutoStretch>
    <TopAnchorToTop>true</TopAnchorToTop>
    <LeftAnchorToLeft>true</LeftAnchorToLeft>
    <BottomAnchorToTop>true</BottomAnchorToTop>
    <RightAnchorToLeft>true</RightAnchorToLeft>
    <TopAnchorOffset>0</TopAnchorOffset>
    <BottomAnchorOffset>0</BottomAnchorOffset>
    <LeftAnchorOffset>0</LeftAnchorOffset>
    <RightAnchorOffset>0</RightAnchorOffset>
    <Text />
    <TextColor>
      <Alpha>255</Alpha>
      <R>0</R>
      <G>0</G>
      <B>0</B>
    </TextColor>
    <Style_VScroll>false</Style_VScroll>
    <Style_HScroll>false</Style_HScroll>
    <Style_Transparent>false</Style_Transparent>
    <Style_Border>false</Style_Border>
    <Style_Checkbox>true</Style_Checkbox>
    <Text />
    <ButtonDrawTemplate>
      <Normal>A_CheckBoxNormal</Normal>
      <Pressed>A_CheckBoxPressed</Pressed>
      <Flyby>A_CheckBoxNormal</Flyby>
      <Disabled>A_CheckBoxNormal</Disabled>
      <PressedFlyby>A_CheckBoxPressed</PressedFlyby>
    </ButtonDrawTemplate>
  </Button>
  <Label item="ADOW_AdvancedLightingLabel">
    <ScreenID>ADOW_AdvancedLightingLabel</ScreenID>
    <Font>3</Font>
    <RelativePosition>true</RelativePosition>
    <Location>
      <X>197</X>
      <Y>85</Y>
    </Location>
    <Size>
      <CX>133</CX>
      <CY>20</CY>
    </Size>
    <AutoStretch>false</AutoStretch>
    <TopAnchorToTop>true</TopAnchorToTop>
    <LeftAnchorToLeft>true</LeftAnchorToLeft>
    <BottomAnchorToTop>true</BottomAnchorToTop>
    <RightAnchorToLeft>true</RightAnchorToLeft>
    <TopAnchorOffset>0</TopAnchorOffset>
    <BottomAnchorOffset>0</BottomAnchorOffset>
    <LeftAnchorOffset>0</LeftAnchorOffset>
    <RightAnchorOffset>0</RightAnchorOffset>
    <Text>Use Advanced Lighting</Text>
    <TextColor>
      <Alpha>255</Alpha>
      <R>255</R>
      <G>255</G>
      <B>255</B>
    </TextColor>
    <Style_VScroll>false</Style_VScroll>
    <Style_HScroll>false</Style_HScroll>
    <Style_Transparent>false</Style_Transparent>
    <Style_Border>false</Style_Border>
    <EQType>0</EQType>
    <NoWrap>false</NoWrap>
    <AlignCenter>false</AlignCenter>
    <AlignRight>false</AlignRight>
  </Label>
  <Label item="ADOW_ShadowsLabel">
    <ScreenID>ADOW_ShadowsLabel</ScreenID>
    <Font>3</Font>
    <RelativePosition>true</RelativePosition>
    <Location>
      <X>196</X>
      <Y>101</Y>
    </Location>
    <Size>
      <CX>57</CX>
      <CY>20</CY>
    </Size>
    <AutoStretch>false</AutoStretch>
    <TopAnchorToTop>true</TopAnchorToTop>
    <LeftAnchorToLeft>true</LeftAnchorToLeft>
    <BottomAnchorToTop>true</BottomAnchorToTop>
    <RightAnchorToLeft>true</RightAnchorToLeft>
    <TopAnchorOffset>0</TopAnchorOffset>
    <BottomAnchorOffset>0</BottomAnchorOffset>
    <LeftAnchorOffset>0</LeftAnchorOffset>
    <RightAnchorOffset>0</RightAnchorOffset>
    <Text>Shadows</Text>
    <TextColor>
      <Alpha>255</Alpha>
      <R>255</R>
      <G>255</G>
      <B>255</B>
    </TextColor>
    <Style_VScroll>false</Style_VScroll>
    <Style_HScroll>false</Style_HScroll>
    <Style_Transparent>false</Style_Transparent>
    <Style_Border>false</Style_Border>
    <EQType>0</EQType>
    <NoWrap>false</NoWrap>
    <AlignCenter>false</AlignCenter>
    <AlignRight>false</AlignRight>
  </Label>
  <Label item="ADOW_WaterSwapLabel">
    <ScreenID>ADOW_WaterSwapLabel</ScreenID>
    <Font>3</Font>
    <RelativePosition>true</RelativePosition>
    <Location>
      <X>22</X>
      <Y>155</Y>
    </Location>
    <Size>
      <CX>165</CX>
      <CY>20</CY>
    </Size>
    <AutoStretch>false</AutoStretch>
    <TopAnchorToTop>true</TopAnchorToTop>
    <LeftAnchorToLeft>true</LeftAnchorToLeft>
    <BottomAnchorToTop>true</BottomAnchorToTop>
    <RightAnchorToLeft>true</RightAnchorToLeft>
    <TopAnchorOffset>0</TopAnchorOffset>
    <BottomAnchorOffset>0</BottomAnchorOffset>
    <LeftAnchorOffset>0</LeftAnchorOffset>
    <RightAnchorOffset>0</RightAnchorOffset>
    <Text>Use new water in old zones*</Text>
    <TextColor>
      <Alpha>255</Alpha>
      <R>255</R>
      <G>255</G>
      <B>255</B>
    </TextColor>
    <Style_VScroll>false</Style_VScroll>
    <Style_HScroll>false</Style_HScroll>
    <Style_Transparent>false</Style_Transparent>
    <Style_Border>false</Style_Border>
    <EQType>0</EQType>
    <NoWrap>false</NoWrap>
    <AlignCenter>false</AlignCenter>
    <AlignRight>false</AlignRight>
  </Label>
  <Label item="ADOW_VertexShadersLabel">
    <ScreenID>ADOW_VertexShadersLabel</ScreenID>
    <Font>3</Font>
    <RelativePosition>true</RelativePosition>
    <Location>
      <X>197</X>
      <Y>20</Y>
    </Location>
    <Size>
      <CX>145</CX>
      <CY>20</CY>
    </Size>
    <AutoStretch>false</AutoStretch>
    <TopAnchorToTop>true</TopAnchorToTop>
    <LeftAnchorToLeft>true</LeftAnchorToLeft>
    <BottomAnchorToTop>true</BottomAnchorToTop>
    <RightAnchorToLeft>true</RightAnchorToLeft>
    <TopAnchorOffset>0</TopAnchorOffset>
    <BottomAnchorOffset>0</BottomAnchorOffset>
    <LeftAnchorOffset>0</LeftAnchorOffset>
    <RightAnchorOffset>0</RightAnchorOffset>
    <Text>Allow hw Vertex Shaders</Text>
    <TextColor>
      <Alpha>255</Alpha>
      <R>255</R>
      <G>255</G>
      <B>255</B>
    </TextColor>
    <Style_VScroll>false</Style_VScroll>
    <Style_HScroll>false</Style_HScroll>
    <Style_Transparent>false</Style_Transparent>
    <Style_Border>false</Style_Border>
    <EQType>0</EQType>
    <NoWrap>false</NoWrap>
    <AlignCenter>false</AlignCenter>
    <AlignRight>false</AlignRight>
  </Label>
  <Label item="ADOW_11PixelShadersLabel">
    <ScreenID>ADOW_11PixelShadersLabel</ScreenID>
    <Font>3</Font>
    <RelativePosition>true</RelativePosition>
    <Location>
      <X>197</X>
      <Y>37</Y>
    </Location>
    <Size>
      <CX>139</CX>
      <CY>20</CY>
    </Size>
    <AutoStretch>false</AutoStretch>
    <TopAnchorToTop>true</TopAnchorToTop>
    <LeftAnchorToLeft>true</LeftAnchorToLeft>
    <BottomAnchorToTop>true</BottomAnchorToTop>
    <RightAnchorToLeft>true</RightAnchorToLeft>
    <TopAnchorOffset>0</TopAnchorOffset>
    <BottomAnchorOffset>0</BottomAnchorOffset>
    <LeftAnchorOffset>0</LeftAnchorOffset>
    <RightAnchorOffset>0</RightAnchorOffset>
    <Text>Allow 1.1 Pixel Shaders</Text>
    <TextColor>
      <Alpha>255</Alpha>
      <R>255</R>
      <G>255</G>
      <B>255</B>
    </TextColor>
    <Style_VScroll>false</Style_VScroll>
    <Style_HScroll>false</Style_HScroll>
    <Style_Transparent>false</Style_Transparent>
    <Style_Border>false</Style_Border>
    <EQType>0</EQType>
    <NoWrap>false</NoWrap>
    <AlignCenter>false</AlignCenter>
    <AlignRight>false</AlignRight>
  </Label>
  <Label item="ADOW_14PixelShadersLabel">
    <ScreenID>ADOW_14PixelShadersLabel</ScreenID>
    <Font>3</Font>
    <RelativePosition>true</RelativePosition>
    <Location>
      <X>197</X>
      <Y>53</Y>
    </Location>
    <Size>
      <CX>141</CX>
      <CY>19</CY>
    </Size>
    <AutoStretch>false</AutoStretch>
    <TopAnchorToTop>true</TopAnchorToTop>
    <LeftAnchorToLeft>true</LeftAnchorToLeft>
    <BottomAnchorToTop>true</BottomAnchorToTop>
    <RightAnchorToLeft>true</RightAnchorToLeft>
    <TopAnchorOffset>0</TopAnchorOffset>
    <BottomAnchorOffset>0</BottomAnchorOffset>
    <LeftAnchorOffset>0</LeftAnchorOffset>
    <RightAnchorOffset>0</RightAnchorOffset>
    <Text>Allow 1.4 Pixel Shaders</Text>
    <TextColor>
      <Alpha>255</Alpha>
      <R>255</R>
      <G>255</G>
      <B>255</B>
    </TextColor>
    <Style_VScroll>false</Style_VScroll>
    <Style_HScroll>false</Style_HScroll>
    <Style_Transparent>false</Style_Transparent>
    <Style_Border>false</Style_Border>
    <EQType>0</EQType>
    <NoWrap>false</NoWrap>
    <AlignCenter>false</AlignCenter>
    <AlignRight>false</AlignRight>
  </Label>
  <Label item="ADOW_20PixelShadersLabel">
    <ScreenID>ADOW_20PixelShadersLabel</ScreenID>
    <Font>3</Font>
    <RelativePosition>true</RelativePosition>
    <Location>
      <X>197</X>
      <Y>69</Y>
    </Location>
    <Size>
      <CX>143</CX>
      <CY>20</CY>
    </Size>
    <AutoStretch>false</AutoStretch>
    <TopAnchorToTop>true</TopAnchorToTop>
    <LeftAnchorToLeft>true</LeftAnchorToLeft>
    <BottomAnchorToTop>true</BottomAnchorToTop>
    <RightAnchorToLeft>true</RightAnchorToLeft>
    <TopAnchorOffset>0</TopAnchorOffset>
    <BottomAnchorOffset>0</BottomAnchorOffset>
    <LeftAnchorOffset>0</LeftAnchorOffset>
    <RightAnchorOffset>0</RightAnchorOffset>
    <Text>Allow 2.0 Pixel Shaders</Text>
    <TextColor>
      <Alpha>255</Alpha>
      <R>255</R>
      <G>255</G>
      <B>255</B>
    </TextColor>
    <Style_VScroll>false</Style_VScroll>
    <Style_HScroll>false</Style_HScroll>
    <Style_Transparent>false</Style_Transparent>
    <Style_Border>false</Style_Border>
    <EQType>0</EQType>
    <NoWrap>false</NoWrap>
    <AlignCenter>false</AlignCenter>
    <AlignRight>false</AlignRight>
  </Label>
  <Label item="ADOW_MaxFPSLabel">
    <ScreenID>ADOW_MaxFPSLabel</ScreenID>
    <RelativePosition>true</RelativePosition>
    <Location>
      <X>184</X>
      <Y>268</Y>
    </Location>
    <Size>
      <CX>150</CX>
      <CY>14</CY>
    </Size>
    <Text>Max. Frames Per Second</Text>
    <TextColor>
      <R>255</R>
      <G>255</G>
      <B>255</B>
    </TextColor>
    <NoWrap>true</NoWrap>
    <AlignCenter>false</AlignCenter>
    <AlignRight>false</AlignRight>
  </Label>
  <!-- Max framrate slider -->
  <Slider item="ADOW_MaxFPSSlider">
    <ScreenID>ADOW_MaxFPSSlider</ScreenID>
    <RelativePosition>true</RelativePosition>
    <Location>
      <X>182</X>
      <Y>283</Y>
    </Location>
    <Size>
      <CX>100</CX>
      <CY>16</CY>
    </Size>
    <SliderArt>SDT_DefSlider</SliderArt>
  </Slider>
  <Label item="ADOW_MaxFPSSliderValueLabel">
    <ScreenID>ADOW_MaxFPSSliderValueLabel</ScreenID>
    <RelativePosition>true</RelativePosition>
    <Location>
      <X>283</X>
      <Y>283</Y>
    </Location>
    <Size>
      <CX>60</CX>
      <CY>16</CY>
    </Size>
    <Text>10</Text>
    <TextColor>
      <R>255</R>
      <G>255</G>
      <B>255</B>
    </TextColor>
    <NoWrap>true</NoWrap>
    <AlignCenter>false</AlignCenter>
    <AlignRight>true</AlignRight>
  </Label>
  <!-- Max background framrate slider -->
  <Label item="ADOW_MaxBGFPSLabel">
    <ScreenID>ADOW_MaxBGFPSLabel</ScreenID>
    <RelativePosition>true</RelativePosition>
    <Location>
      <X>184</X>
      <Y>306</Y>
    </Location>
    <Size>
      <CX>150</CX>
      <CY>14</CY>
    </Size>
    <Text>Max. Background FPS</Text>
    <TextColor>
      <R>255</R>
      <G>255</G>
      <B>255</B>
    </TextColor>
    <NoWrap>true</NoWrap>
    <AlignCenter>false</AlignCenter>
    <AlignRight>false</AlignRight>
  </Label>
  <Slider item="ADOW_MaxBGFPSSlider">
    <ScreenID>ADOW_MaxBGFPSSlider</ScreenID>
    <RelativePosition>true</RelativePosition>
    <Location>
      <X>182</X>
      <Y>323</Y>
    </Location>
    <Size>
      <CX>100</CX>
      <CY>16</CY>
    </Size>
    <SliderArt>SDT_DefSlider</SliderArt>
  </Slider>
  <Label item="ADOW_MaxBGFPSSliderValueLabel">
    <ScreenID>ADOW_MaxBGFPSSliderValueLabel</ScreenID>
    <RelativePosition>true</RelativePosition>
    <Location>
      <X>283</X>
      <Y>323</Y>
    </Location>
    <Size>
      <CX>60</CX>
      <CY>16</CY>
    </Size>
    <Text>10</Text>
    <TextColor>
      <R>255</R>
      <G>255</G>
      <B>255</B>
    </TextColor>
    <NoWrap>true</NoWrap>
    <AlignCenter>false</AlignCenter>
    <AlignRight>true</AlignRight>
  </Label>
  <Screen item="AdvancedDisplayOptionsWindow">
    <Font>2</Font>
    <RelativePosition>false</RelativePosition>
    <Location>
      <X>200</X>
      <Y>200</Y>
    </Location>
    <Size>
      <CX>360</CX>
      <CY>400</CY>
    </Size>
    <AutoStretch>false</AutoStretch>
    <TopAnchorToTop>true</TopAnchorToTop>
    <LeftAnchorToLeft>true</LeftAnchorToLeft>
    <BottomAnchorToTop>true</BottomAnchorToTop>
    <RightAnchorToLeft>true</RightAnchorToLeft>
    <TopAnchorOffset>0</TopAnchorOffset>
    <BottomAnchorOffset>0</BottomAnchorOffset>
    <LeftAnchorOffset>0</LeftAnchorOffset>
    <RightAnchorOffset>0</RightAnchorOffset>
    <Text>Sparxx - Advanced Display Options</Text>
    <Style_VScroll>false</Style_VScroll>
    <Style_HScroll>false</Style_HScroll>
    <Style_Transparent>false</Style_Transparent>
    <Style_Border>true</Style_Border>
    <DrawTemplate>WDT_Rounded</DrawTemplate>
    <Style_Titlebar>true</Style_Titlebar>
    <Style_Closebox>true</Style_Closebox>
    <Pieces>ADOW_CardFeaturesLabel</Pieces>
    <Pieces>ADOW_CardFeaturesListbox</Pieces>
    <Pieces>ADOW_VertexShadersLabel</Pieces>
    <Pieces>ADOW_VertexShadersCheckbox</Pieces>
    <Pieces>ADOW_11PixelShadersLabel</Pieces>
    <Pieces>ADOW_11PixelShadersCheckbox</Pieces>
    <Pieces>ADOW_14PixelShadersLabel</Pieces>
    <Pieces>ADOW_14PixelShadersCheckbox</Pieces>
    <Pieces>ADOW_20PixelShadersLabel</Pieces>
    <Pieces>ADOW_20PixelShadersCheckbox</Pieces>
    <Pieces>ADOW_AdvancedLightingLabel</Pieces>
    <Pieces>ADOW_AdvancedLightingCheckbox</Pieces>
    <Pieces>ADOW_ShadowsLabel</Pieces>
    <Pieces>ADOW_ShadowsCheckbox</Pieces>
    <Pieces>ADOW_FloraLabel</Pieces>
    <Pieces>ADOW_FloraCheckbox</Pieces>
    <Pieces>ADOW_StreamItemTexturesLabel</Pieces>
    <Pieces>ADOW_StreamItemTexturesCheckbox</Pieces>
    <Pieces>ADOW_ShadowClipPlaneLabel</Pieces>
    <Pieces>ADOW_ShadowClipPlaneSlider</Pieces>
    <Pieces>ADOW_ActorClipPlaneLabel</Pieces>
    <Pieces>ADOW_ActorClipPlaneSlider</Pieces>
    <Pieces>ADOW_WaterSwapCheckbox</Pieces>
    <Pieces>ADOW_WaterSwapLabel</Pieces>
    <Pieces>ADOW_MemoryModeLabel</Pieces>
    <Pieces>ADOW_MemoryModeCombobox</Pieces>
    <Pieces>ADOW_TerrainTextureQualityLabel</Pieces>
    <Pieces>ADOW_TerrainTextureQualityCombobox</Pieces>
    <Pieces>ADOW_SkyUpdateIntervalLabel</Pieces>
    <Pieces>ADOW_SkyUpdateIntervalCombobox</Pieces>
    <Pieces>ADOW_SkyReflectionSizeLabel</Pieces>
    <Pieces>ADOW_SkyReflectionSizeCombobox</Pieces>
    <Pieces>ADOW_OnZoningLabel</Pieces>
    <Pieces>ADOW_DisableTattoosLabel</Pieces>
    <Pieces>ADOW_DisableTattoosCheckbox</Pieces>
    <Pieces>ADOW_EnablePostEffectsLabel</Pieces>
    <Pieces>ADOW_EnablePostEffectsCheckbox</Pieces>
    <Pieces>ADOW_EnableBloomLabel</Pieces>
    <Pieces>ADOW_EnableBloomCheckbox</Pieces>
    <Pieces>ADOW_MaxFPSLabel</Pieces>
    <Pieces>ADOW_MaxFPSSlider</Pieces>
    <Pieces>ADOW_MaxFPSSliderValueLabel</Pieces>
    <Pieces>ADOW_MaxBGFPSLabel</Pieces>
    <Pieces>ADOW_MaxBGFPSSlider</Pieces>
    <Pieces>ADOW_MaxBGFPSSliderValueLabel</Pieces>
  </Screen>
</XML>