<?xml version="1.0" encoding="us-ascii"?>
<XML ID="EQInterfaceDefinitionLanguage">
  <Schema xmlns="EverQuestData" xmlns:dt="EverQuestDataTypes" />
  <TextureInfo item="Sparxx_EQ_Button.tga">
    <Size>
      <CX>256</CX>
      <CY>64</CY>
    </Size>
  </TextureInfo>
  <Ui2DAnimation item="SparxxEQButtonNormal">
    <Cycle>true</Cycle>
    <Frames>
      <Texture>Sparxx_EQ_Button.tga</Texture>
      <Location>
        <X>0</X>
        <Y>0</Y>
      </Location>
      <Size>
        <CX>38</CX>
        <CY>38</CY>
      </Size>
      <Hotspot>
        <X>38</X>
        <Y>38</Y>
      </Hotspot>
      <Duration>1000</Duration>
    </Frames>
  </Ui2DAnimation>
  <Ui2DAnimation item="SparxxEQButtonFlyby">
    <Cycle>true</Cycle>
    <Frames>
      <Texture>Sparxx_EQ_Button.tga</Texture>
      <Location>
        <X>38</X>
        <Y>0</Y>
      </Location>
      <Size>
        <CX>38</CX>
        <CY>38</CY>
      </Size>
      <Hotspot>
        <X>0</X>
        <Y>0</Y>
      </Hotspot>
      <Duration>1000</Duration>
    </Frames>
  </Ui2DAnimation>
  <Ui2DAnimation item="SparxxEQButtonPressed">
    <Cycle>true</Cycle>
    <Frames>
      <Texture>Sparxx_EQ_Button.tga</Texture>
      <Location>
        <X>76</X>
        <Y>0</Y>
      </Location>
      <Size>
        <CX>38</CX>
        <CY>38</CY>
      </Size>
      <Hotspot>
        <X>0</X>
        <Y>0</Y>
      </Hotspot>
      <Duration>1000</Duration>
    </Frames>
  </Ui2DAnimation>
  <Ui2DAnimation item="SparxxEQButtonPressedFlby">
    <Cycle>true</Cycle>
    <Frames>
      <Texture>Sparxx_EQ_Button.tga</Texture>
      <Location>
        <X>114</X>
        <Y>0</Y>
      </Location>
      <Size>
        <CX>38</CX>
        <CY>38</CY>
      </Size>
      <Hotspot>
        <X>0</X>
        <Y>0</Y>
      </Hotspot>
      <Duration>1000</Duration>
    </Frames>
  </Ui2DAnimation>
  <Label item="EQM_SparxxUI_Yahoo_Label">
    <ScreenID>EQM_SparxxUI_Yahoo_Label</ScreenID>
    <Font>3</Font>
    <Text>Yahoo IM: SparxxInterface</Text>
    <TextColor>
      <R>0</R>
      <G>255</G>
      <B>255</B>
    </TextColor>
    <Size>
      <CX>204</CX>
      <CY>15</CY>
    </Size>
    <Location>
      <X>5</X>
      <Y>93</Y>
    </Location>
  </Label>
  <Label item="EQM_SparxxUI_Google_Label">
    <ScreenID>EQM_SparxxUI_Google_Label</ScreenID>
    <Font>3</Font>
    <Text>Google Talk: Bonechip@Gmail.Com</Text>
    <TextColor>
      <R>0</R>
      <G>255</G>
      <B>255</B>
    </TextColor>
    <Size>
      <CX>210</CX>
      <CY>15</CY>
    </Size>
    <Location>
      <X>5</X>
      <Y>78</Y>
    </Location>
  </Label>
  <Label item="EQM_SparxxUI_ICQ_Label">
    <ScreenID>EQM_SparxxUI_ICQ_Label</ScreenID>
    <Font>3</Font>
    <Text>ICQ IM: 1555222</Text>
    <TextColor>
      <R>0</R>
      <G>255</G>
      <B>255</B>
    </TextColor>
    <Size>
      <CX>206</CX>
      <CY>15</CY>
    </Size>
    <Location>
      <X>5</X>
      <Y>63</Y>
    </Location>
  </Label>
  <Label item="EQM_SparxxUI_FB_Label">
    <ScreenID>EQM_SparxxUI_FB_Label</ScreenID>
    <Font>3</Font>
    <Text>WWW.Facebook.Com/SparxxInterface</Text>
    <TextColor>
      <R>0</R>
      <G>255</G>
      <B>255</B>
    </TextColor>
    <Size>
      <CX>217</CX>
      <CY>15</CY>
    </Size>
    <Location>
      <X>5</X>
      <Y>48</Y>
    </Location>
  </Label>
  <Label item="EQM_SparxxUI_vLabel">
    <ScreenID>EQM_SparxxUI_vLabel</ScreenID>
    <Font>3</Font>
    <Text>Version 14.4</Text>
    <TextColor>
      <R>255</R>
      <G>255</G>
      <B>0</B>
    </TextColor>
    <Size>
      <CX>218</CX>
      <CY>16</CY>
    </Size>
    <AlignCenter>true</AlignCenter>
    <Location>
      <X>1</X>
      <Y>26</Y>
    </Location>
  </Label>
  <Label item="EQM_SparxxUI_Label">
    <ScreenID>EQM_SparxxUI_Label</ScreenID>
    <Font>6</Font>
    <Text>SparxxUI</Text>
    <TextColor>
      <R>255</R>
      <G>255</G>
      <B>0</B>
    </TextColor>
    <Size>
      <CX>218</CX>
      <CY>27</CY>
    </Size>
    <AlignCenter>true</AlignCenter>
    <Location>
      <X>1</X>
      <Y>1</Y>
    </Location>
  </Label>
  <TextureInfo item="menuicons01.tga">
    <Size>
      <CX>256</CX>
      <CY>256</CY>
    </Size>
  </TextureInfo>
  <Ui2DAnimation item="A_MenuIcons">
    <Cycle>false</Cycle>
    <Grid>true</Grid>
    <Vertical>true</Vertical>
    <CellHeight>24</CellHeight>
    <CellWidth>24</CellWidth>
    <Frames>
      <Texture>menuicons01.tga</Texture>
      <Location>
        <X>0</X>
        <Y>0</Y>
      </Location>
      <Size>
        <CX>256</CX>
        <CY>256</CY>
      </Size>
      <Hotspot>
        <X>0</X>
        <Y>0</Y>
      </Hotspot>
      <Duration>1000</Duration>
    </Frames>
  </Ui2DAnimation>
  <Ui2DAnimation item="A_CascadeMenuSeparator">
    <Frames>
      <Texture>window_pieces01.tga</Texture>
      <Location>
        <X>80</X>
        <Y>175</Y>
      </Location>
      <Size>
        <CX>4</CX>
        <CY>4</CY>
      </Size>
    </Frames>
  </Ui2DAnimation>
  <Ui2DAnimation item="A_CascadeSubmenuIndicator">
    <Frames>
      <Texture>window_pieces05.tga</Texture>
      <Location>
        <X>164</X>
        <Y>0</Y>
      </Location>
      <Size>
        <CX>10</CX>
        <CY>11</CY>
      </Size>
    </Frames>
  </Ui2DAnimation>
  <Ui2DAnimation item="A_EQBtnNormal">
    <Cycle>true</Cycle>
    <Frames>
      <Texture>window_pieces05.tga</Texture>
      <Location>
        <X>60</X>
        <Y>26</Y>
      </Location>
      <Size>
        <CX>42</CX>
        <CY>42</CY>
      </Size>
      <Hotspot>
        <X>0</X>
        <Y>0</Y>
      </Hotspot>
      <Duration>1000</Duration>
    </Frames>
  </Ui2DAnimation>
  <Ui2DAnimation item="A_EQBtnFlyby">
    <Cycle>true</Cycle>
    <Frames>
      <Texture>window_pieces05.tga</Texture>
      <Location>
        <X>102</X>
        <Y>26</Y>
      </Location>
      <Size>
        <CX>42</CX>
        <CY>42</CY>
      </Size>
      <Hotspot>
        <X>0</X>
        <Y>0</Y>
      </Hotspot>
      <Duration>1000</Duration>
    </Frames>
  </Ui2DAnimation>
  <Ui2DAnimation item="A_EQBtnPressed">
    <Cycle>true</Cycle>
    <Frames>
      <Texture>window_pieces05.tga</Texture>
      <Location>
        <X>144</X>
        <Y>26</Y>
      </Location>
      <Size>
        <CX>42</CX>
        <CY>42</CY>
      </Size>
      <Hotspot>
        <X>0</X>
        <Y>0</Y>
      </Hotspot>
      <Duration>1000</Duration>
    </Frames>
  </Ui2DAnimation>
  <Ui2DAnimation item="A_EQBtnPressedFlyby">
    <Cycle>true</Cycle>
    <Frames>
      <Texture>window_pieces05.tga</Texture>
      <Location>
        <X>186</X>
        <Y>26</Y>
      </Location>
      <Size>
        <CX>42</CX>
        <CY>42</CY>
      </Size>
      <Hotspot>
        <X>0</X>
        <Y>0</Y>
      </Hotspot>
      <Duration>1000</Duration>
    </Frames>
  </Ui2DAnimation>
  <Ui2DAnimation item="A_EQBtnDisabled">
    <Cycle>true</Cycle>
    <Frames>
      <Texture>window_pieces05.tga</Texture>
      <Location>
        <X>60</X>
        <Y>68</Y>
      </Location>
      <Size>
        <CX>42</CX>
        <CY>42</CY>
      </Size>
      <Hotspot>
        <X>0</X>
        <Y>0</Y>
      </Hotspot>
      <Duration>1000</Duration>
    </Frames>
  </Ui2DAnimation>
  <Button item="CSepIW_Button">
    <ScreenID>Button</ScreenID>
    <RelativePosition>true</RelativePosition>
    <AutoStretch>true</AutoStretch>
    <TopAnchorToTop>true</TopAnchorToTop>
    <BottomAnchorToTop>false</BottomAnchorToTop>
    <LeftAnchorToLeft>true</LeftAnchorToLeft>
    <RightAnchorToLeft>false</RightAnchorToLeft>
    <LeftAnchorOffset>0</LeftAnchorOffset>
    <TopAnchorOffset>2</TopAnchorOffset>
    <RightAnchorOffset>0</RightAnchorOffset>
    <BottomAnchorOffset>2</BottomAnchorOffset>
    <Style_VScroll>false</Style_VScroll>
    <Style_HScroll>false</Style_HScroll>
    <Style_Transparent>true</Style_Transparent>
    <Style_Checkbox>false</Style_Checkbox>
    <ButtonDrawTemplate>
      <Normal>A_CascadeMenuSeparator</Normal>
      <NormalDecal />
    </ButtonDrawTemplate>
  </Button>
  <Screen item="CascadeSeparatorItemWnd">
    <ScreenID />
    <RelativePosition>true</RelativePosition>
    <Location>
      <X>20</X>
      <Y>600</Y>
    </Location>
    <Size>
      <CX>190</CX>
      <CY>6</CY>
    </Size>
    <Text />
    <Style_VScroll>false</Style_VScroll>
    <Style_HScroll>false</Style_HScroll>
    <Style_Transparent>true</Style_Transparent>
    <TooltipReference />
    <DrawTemplate>WDT_RoundedNoTitle</DrawTemplate>
    <Style_Titlebar>false</Style_Titlebar>
    <Style_Closebox>false</Style_Closebox>
    <Style_Minimizebox>false</Style_Minimizebox>
    <Style_Border>false</Style_Border>
    <Style_Sizable>false</Style_Sizable>
    <Pieces>CSepIW_Button</Pieces>
  </Screen>
  <Button item="CSubIW_Button">
    <ScreenID>Button</ScreenID>
    <RelativePosition>true</RelativePosition>
    <AutoStretch>true</AutoStretch>
    <TopAnchorToTop>true</TopAnchorToTop>
    <BottomAnchorToTop>false</BottomAnchorToTop>
    <LeftAnchorToLeft>true</LeftAnchorToLeft>
    <RightAnchorToLeft>false</RightAnchorToLeft>
    <LeftAnchorOffset>0</LeftAnchorOffset>
    <TopAnchorOffset>0</TopAnchorOffset>
    <RightAnchorOffset>0</RightAnchorOffset>
    <BottomAnchorOffset>0</BottomAnchorOffset>
    <Style_VScroll>false</Style_VScroll>
    <Style_HScroll>false</Style_HScroll>
    <Style_Transparent>false</Style_Transparent>
    <Style_Checkbox>false</Style_Checkbox>
    <Text>Test Text</Text>
    <TextColor>
      <R>255</R>
      <G>255</G>
      <B>255</B>
    </TextColor>
    <ButtonDrawTemplate>
      <Normal />
      <NormalDecal>A_MenuIcons</NormalDecal>
    </ButtonDrawTemplate>
    <DecalOffset>
      <X>0</X>
      <Y>0</Y>
    </DecalOffset>
    <DecalSize>
      <CX>24</CX>
      <CY>24</CY>
    </DecalSize>
  </Button>
  <Button item="CSubIW_Arrow">
    <ScreenID>Arrow</ScreenID>
    <!--<Font>3</Font>-->
    <RelativePosition>true</RelativePosition>
    <Location>
      <X>180</X>
      <Y>6</Y>
    </Location>
    <Size>
      <CX>10</CX>
      <CY>11</CY>
    </Size>
    <Style_VScroll>false</Style_VScroll>
    <Style_HScroll>false</Style_HScroll>
    <Style_Transparent>true</Style_Transparent>
    <Style_Checkbox>false</Style_Checkbox>
    <ButtonDrawTemplate>
      <Normal>A_CascadeSubmenuIndicator</Normal>
      <NormalDecal />
    </ButtonDrawTemplate>
  </Button>
  <Screen item="CascadeSubmenuItemWnd">
    <ScreenID />
    <RelativePosition>true</RelativePosition>
    <Location>
      <X>20</X>
      <Y>600</Y>
    </Location>
    <Size>
      <CX>190</CX>
      <CY>24</CY>
    </Size>
    <Text />
    <Style_VScroll>false</Style_VScroll>
    <Style_HScroll>false</Style_HScroll>
    <Style_Transparent>true</Style_Transparent>
    <TooltipReference />
    <DrawTemplate>WDT_RoundedNoTitle</DrawTemplate>
    <Style_Titlebar>false</Style_Titlebar>
    <Style_Closebox>false</Style_Closebox>
    <Style_Minimizebox>false</Style_Minimizebox>
    <Style_Border>false</Style_Border>
    <Style_Sizable>false</Style_Sizable>
    <Pieces>CSubIW_Arrow</Pieces>
    <Pieces>CSubIW_Button</Pieces>
  </Screen>
  <Button item="CCmdIW_Button">
    <ScreenID>Button</ScreenID>
    <!--<Font>3</Font>-->
    <RelativePosition>true</RelativePosition>
    <AutoStretch>true</AutoStretch>
    <TopAnchorToTop>true</TopAnchorToTop>
    <BottomAnchorToTop>false</BottomAnchorToTop>
    <LeftAnchorToLeft>true</LeftAnchorToLeft>
    <RightAnchorToLeft>false</RightAnchorToLeft>
    <LeftAnchorOffset>0</LeftAnchorOffset>
    <TopAnchorOffset>0</TopAnchorOffset>
    <RightAnchorOffset>0</RightAnchorOffset>
    <BottomAnchorOffset>0</BottomAnchorOffset>
    <Style_VScroll>false</Style_VScroll>
    <Style_HScroll>false</Style_HScroll>
    <Style_Transparent>false</Style_Transparent>
    <Style_Checkbox>false</Style_Checkbox>
    <Text>Test Text</Text>
    <TextColor>
      <R>255</R>
      <G>255</G>
      <B>255</B>
    </TextColor>
    <ButtonDrawTemplate>
      <Normal />
      <NormalDecal>A_MenuIcons</NormalDecal>
    </ButtonDrawTemplate>
    <DecalOffset>
      <X>0</X>
      <Y>0</Y>
    </DecalOffset>
    <DecalSize>
      <CX>24</CX>
      <CY>24</CY>
    </DecalSize>
  </Button>
  <Screen item="CascadeCommandItemWnd">
    <ScreenID />
    <RelativePosition>true</RelativePosition>
    <Location>
      <X>20</X>
      <Y>600</Y>
    </Location>
    <Size>
      <CX>180</CX>
      <CY>24</CY>
    </Size>
    <Text />
    <Style_VScroll>false</Style_VScroll>
    <Style_HScroll>false</Style_HScroll>
    <Style_Transparent>true</Style_Transparent>
    <TooltipReference />
    <DrawTemplate>WDT_RoundedNoTitle</DrawTemplate>
    <Style_Titlebar>false</Style_Titlebar>
    <Style_Closebox>false</Style_Closebox>
    <Style_Minimizebox>false</Style_Minimizebox>
    <Style_Border>false</Style_Border>
    <Style_Sizable>false</Style_Sizable>
    <Pieces>CCmdIW_Button</Pieces>
  </Screen>
  <Screen item="CascadeSubWnd">
    <ScreenID />
    <RelativePosition>false</RelativePosition>
    <Location>
      <X>20</X>
      <Y>600</Y>
    </Location>
    <Size>
      <CX>150</CX>
      <CY>100</CY>
    </Size>
    <Text />
    <Style_VScroll>false</Style_VScroll>
    <Style_HScroll>false</Style_HScroll>
    <Style_Transparent>false</Style_Transparent>
    <TooltipReference />
    <DrawTemplate>WDT_RoundedNoTitle</DrawTemplate>
    <Style_Titlebar>false</Style_Titlebar>
    <Style_Closebox>false</Style_Closebox>
    <Style_Minimizebox>false</Style_Minimizebox>
    <Style_Border>true</Style_Border>
    <Style_Sizable>false</Style_Sizable>
  </Screen>
  <Screen item="CascadeTopWnd">
    <ScreenID />
    <RelativePosition>false</RelativePosition>
    <Location>
      <X>20</X>
      <Y>600</Y>
    </Location>
    <Size>
      <CX>150</CX>
      <CY>100</CY>
    </Size>
    <Text />
    <Style_VScroll>false</Style_VScroll>
    <Style_HScroll>false</Style_HScroll>
    <Style_Transparent>false</Style_Transparent>
    <TooltipReference />
    <DrawTemplate>WDT_RoundedNoTitle</DrawTemplate>
    <Style_Titlebar>false</Style_Titlebar>
    <Style_Closebox>false</Style_Closebox>
    <Style_Minimizebox>false</Style_Minimizebox>
    <Style_Border>true</Style_Border>
    <Style_Sizable>false</Style_Sizable>
  </Screen>
  <Button item="EQM_EQButton">
    <ScreenID>EQButton</ScreenID>
    <RelativePosition>true</RelativePosition>
    <Location>
      <X>0</X>
      <Y>0</Y>
    </Location>
    <Size>
      <CX>38</CX>
      <CY>38</CY>
    </Size>
    <Style_VScroll>false</Style_VScroll>
    <Style_HScroll>false</Style_HScroll>
    <Style_Transparent>false</Style_Transparent>
    <Style_Checkbox>true</Style_Checkbox>
    <Text />
    <TextColor>
      <R>255</R>
      <G>255</G>
      <B>255</B>
    </TextColor>
    <ButtonDrawTemplate>
      <Normal>SparxxEQButtonNormal</Normal>
      <Pressed>SparxxEQButtonPressed</Pressed>
      <Flyby>SparxxEQButtonFlyby</Flyby>
      <Disabled>SparxxEQButtonNormal</Disabled>
      <PressedFlyby>SparxxEQButtonPressedFlby</PressedFlyby>
    </ButtonDrawTemplate>
  </Button>
  <Button item="EQM_SCButton">
    <ScreenID>SCButton</ScreenID>
    <RelativePosition>true</RelativePosition>
    <Location>
      <X>-48</X>
      <Y>-46</Y>
    </Location>
    <Size>
      <CX>44</CX>
      <CY>44</CY>
    </Size>
    <TooltipReference>Click this to open the Marketplace</TooltipReference>
    <TextColor>
      <R>255</R>
      <G>255</G>
      <B>255</B>
    </TextColor>
    <Template>BDT_SCBtn</Template>
  </Button>
  <Button item="EQM_SCFSButton">
    <ScreenID>SCFSButton</ScreenID>
    <RelativePosition>true</RelativePosition>
    <Location>
      <X>-46</X>
      <Y>-46</Y>
    </Location>
    <Size>
      <CX>44</CX>
      <CY>44</CY>
    </Size>
    <TooltipReference>Click this to open the Marketplace</TooltipReference>
    <TextColor>
      <R>255</R>
      <G>255</G>
      <B>255</B>
    </TextColor>
    <Template>BDT_SCFSBtn</Template>
  </Button>
  <Button item="EQW_Sparxx_Button">
    <EQType>openwnd EQUI_SparxxUI</EQType>
    <RelativePosition>true</RelativePosition>
    <Location>
      <X>0</X>
      <Y>38</Y>
    </Location>
    <Size>
      <CX>38</CX>
      <CY>14</CY>
    </Size>
    <Style_VScroll>false</Style_VScroll>
    <Style_HScroll>false</Style_HScroll>
    <Style_Transparent>false</Style_Transparent>
    <Style_Checkbox>true</Style_Checkbox>
    <Text>Sparxx</Text>
    <TextColor>
      <R>0</R>
      <G>255</G>
      <B>0</B>
    </TextColor>
    <ButtonDrawTemplate>
      <Normal>A_BigBtnNormal</Normal>
      <Pressed>A_BigBtnPressed</Pressed>
      <Flyby>A_BigBtnFlyby</Flyby>
      <Disabled>A_BigBtnDisabled</Disabled>
      <PressedFlyby>A_BigBtnPressedFlyby</PressedFlyby>
    </ButtonDrawTemplate>
    <Font>2</Font>
    <TooltipReference>Opens the SparxxUI Version popup window.</TooltipReference>
  </Button>
  <Screen item="EQUI_SparxxUI">
    <RelativePosition>true</RelativePosition>
    <EQType>closenotclicked</EQType>
    <Location>
      <X>600</X>
      <Y>600</Y>
    </Location>
    <Size>
      <CX>230</CX>
      <CY>120</CY>
    </Size>
    <Style_VScroll>false</Style_VScroll>
    <Style_HScroll>false</Style_HScroll>
    <Style_Transparent>false</Style_Transparent>
    <Text>Sparxx Version Info Popup Window</Text>
    <DrawTemplate>WDT_RoundedNoTitle</DrawTemplate>
    <Style_Titlebar>false</Style_Titlebar>
    <Style_Closebox>false</Style_Closebox>
    <Style_Minimizebox>false</Style_Minimizebox>
    <Style_Border>true</Style_Border>
    <Style_Sizable>false</Style_Sizable>
    <Font>2</Font>
    <Pieces>EQM_SparxxUI_Label</Pieces>
    <Pieces>EQM_SparxxUI_vLabel</Pieces>
    <Pieces>EQM_SparxxUI_FB_Label</Pieces>
    <Pieces>EQM_SparxxUI_ICQ_Label</Pieces>
    <Pieces>EQM_SparxxUI_Google_Label</Pieces>
    <Pieces>EQM_SparxxUI_Yahoo_Label</Pieces>
  </Screen>
  <Screen item="EQMainWnd">
    <ScreenID />
    <RelativePosition>false</RelativePosition>
    <Location>
      <X>200</X>
      <Y>200</Y>
    </Location>
    <Size>
      <CX>42</CX>
      <CY>56</CY>
    </Size>
    <Text />
    <Style_VScroll>false</Style_VScroll>
    <Style_HScroll>false</Style_HScroll>
    <Style_Transparent>false</Style_Transparent>
    <TooltipReference />
    <DrawTemplate>WDT_Inner</DrawTemplate>
    <Style_Titlebar>false</Style_Titlebar>
    <Style_Closebox>false</Style_Closebox>
    <Style_Minimizebox>false</Style_Minimizebox>
    <Style_Border>true</Style_Border>
    <Style_Sizable>false</Style_Sizable>
    <Pieces>EQM_EQButton</Pieces>
    <Pieces>EQM_SCButton</Pieces>
    <Pieces>EQM_SCFSButton</Pieces>
    <Pieces>EQW_Sparxx_Button</Pieces>
  </Screen>
</XML>