<?xml version="1.0" encoding="us-ascii"?>
<XML ID="EQInterfaceDefinitionLanguage">
  <Schema xmlns="EverQuestData" xmlns:dt="EverQuestDataTypes" />
  <Button item="BW_AddSpellToBlock">
    <ScreenID>BW_AddSpellToBlock</ScreenID>
    <!--<Font>3</Font>-->
    <RelativePosition>true</RelativePosition>
    <RelativePosition>true</RelativePosition>
    <AutoStretch>true</AutoStretch>
    <LeftAnchorOffset>7</LeftAnchorOffset>
    <TopAnchorOffset>30</TopAnchorOffset>
    <RightAnchorOffset>110</RightAnchorOffset>
    <BottomAnchorOffset>10</BottomAnchorOffset>
    <TopAnchorToTop>false</TopAnchorToTop>
    <BottomAnchorToTop>false</BottomAnchorToTop>
    <LeftAnchorToLeft>true</LeftAnchorToLeft>
    <RightAnchorToLeft>true</RightAnchorToLeft>
    <!--<Location>
			<X>-1</X>
			<Y>-1</Y>
		</Location> -->
    <Size>
      <CX>60</CX>
      <CY>24</CY>
    </Size>
    <Style_Transparent>false</Style_Transparent>
    <!--<TooltipReference/>-->
    <Style_Checkbox>false</Style_Checkbox>
    <!--<RadioGroup/>-->
    <Text>Add by name</Text>
    <TextColor>
      <R>255</R>
      <G>255</G>
      <B>255</B>
    </TextColor>
    <ButtonDrawTemplate>
      <Normal>A_BtnNormal</Normal>
      <Pressed>A_BtnPressed</Pressed>
      <Flyby>A_BtnFlyby</Flyby>
      <Disabled>A_BtnDisabled</Disabled>
      <PressedFlyby>A_BtnPressedFlyby</PressedFlyby>
    </ButtonDrawTemplate>
  </Button>
  <Editbox item="BW_EditSpellToBlock">
    <ScreenID>BW_EditSpellToBlock</ScreenID>
    <DrawTemplate>WDT_Inner</DrawTemplate>
    <RelativePosition>true</RelativePosition>
    <RelativePosition>true</RelativePosition>
    <AutoStretch>true</AutoStretch>
    <LeftAnchorOffset>120</LeftAnchorOffset>
    <TopAnchorOffset>30</TopAnchorOffset>
    <RightAnchorOffset>260</RightAnchorOffset>
    <BottomAnchorOffset>10</BottomAnchorOffset>
    <TopAnchorToTop>false</TopAnchorToTop>
    <BottomAnchorToTop>false</BottomAnchorToTop>
    <LeftAnchorToLeft>true</LeftAnchorToLeft>
    <RightAnchorToLeft>true</RightAnchorToLeft>
    <Size>
      <CX>150</CX>
      <CY>20</CY>
    </Size>
    <TextColor>
      <R>255</R>
      <G>255</G>
      <B>255</B>
    </TextColor>
    <Style_Border>true</Style_Border>
    <TooltipReference>Enter a name for this label here.</TooltipReference>
  </Editbox>
  <Button item="BW_BLOCKEDBUFF0_Button">
    <ScreenID>BBuff0</ScreenID>
    <!--<Font>3</Font>-->
    <RelativePosition>true</RelativePosition>
    <Location>
      <X>3</X>
      <Y>3</Y>
    </Location>
    <Size>
      <CX>34</CX>
      <CY>34</CY>
    </Size>
    <EQType>550</EQType>
    <Style_VScroll>false</Style_VScroll>
    <Style_HScroll>false</Style_HScroll>
    <Style_Transparent>false</Style_Transparent>
    <!--<TooltipReference/>   -->
    <Style_Checkbox>false</Style_Checkbox>
    <!--<RadioGroup/>   -->
    <ButtonDrawTemplate>
      <Normal>BlueIconBackground</Normal>
      <NormalDecal>BuffIcons</NormalDecal>
    </ButtonDrawTemplate>
    <!--  
			<SoundPressed/>
			<SoundUp/>
			<SoundFlyby/>
		-->
    <DecalOffset>
      <X>2</X>
      <Y>2</Y>
    </DecalOffset>
    <DecalSize>
      <CX>30</CX>
      <CY>30</CY>
    </DecalSize>
  </Button>
  <Button item="BW_BLOCKEDBUFF1_Button">
    <ScreenID>BBuff1</ScreenID>
    <!--<Font>3</Font>   -->
    <RelativePosition>true</RelativePosition>
    <Location>
      <X>48</X>
      <Y>3</Y>
    </Location>
    <Size>
      <CX>34</CX>
      <CY>34</CY>
    </Size>
    <EQType>551</EQType>
    <Style_VScroll>false</Style_VScroll>
    <Style_HScroll>false</Style_HScroll>
    <Style_Transparent>false</Style_Transparent>
    <!--<TooltipReference/>   -->
    <Style_Checkbox>false</Style_Checkbox>
    <RadioGroup />
    <ButtonDrawTemplate>
      <Normal>RedIconBackground</Normal>
      <NormalDecal>BuffIcons</NormalDecal>
    </ButtonDrawTemplate>
    <!--  		
			<SoundPressed/>
			<SoundUp/>
			<SoundFlyby/>
		-->
    <DecalOffset>
      <X>2</X>
      <Y>2</Y>
    </DecalOffset>
    <DecalSize>
      <CX>30</CX>
      <CY>30</CY>
    </DecalSize>
  </Button>
  <Button item="BW_BLOCKEDBUFF2_Button">
    <ScreenID>BBuff2</ScreenID>
    <!--<Font>3</Font>   -->
    <RelativePosition>true</RelativePosition>
    <Location>
      <X>93</X>
      <Y>3</Y>
    </Location>
    <Size>
      <CX>34</CX>
      <CY>34</CY>
    </Size>
    <EQType>552</EQType>
    <Style_VScroll>false</Style_VScroll>
    <Style_HScroll>false</Style_HScroll>
    <Style_Transparent>false</Style_Transparent>
    <!--<TooltipReference/>   -->
    <Style_Checkbox>false</Style_Checkbox>
    <RadioGroup />
    <ButtonDrawTemplate>
      <Normal>RedIconBackground</Normal>
      <NormalDecal>BuffIcons</NormalDecal>
    </ButtonDrawTemplate>
    <!--  
			<SoundPressed/>
			<SoundUp/>
			<SoundFlyby/>
		-->
    <DecalOffset>
      <X>2</X>
      <Y>2</Y>
    </DecalOffset>
    <DecalSize>
      <CX>30</CX>
      <CY>30</CY>
    </DecalSize>
  </Button>
  <Button item="BW_BLOCKEDBUFF3_Button">
    <ScreenID>BBuff3</ScreenID>
    <!--<Font>3</Font>   -->
    <RelativePosition>true</RelativePosition>
    <Location>
      <X>3</X>
      <Y>49</Y>
    </Location>
    <Size>
      <CX>34</CX>
      <CY>34</CY>
    </Size>
    <EQType>553</EQType>
    <Style_VScroll>false</Style_VScroll>
    <Style_HScroll>false</Style_HScroll>
    <Style_Transparent>false</Style_Transparent>
    <!--<TooltipReference/>   -->
    <Style_Checkbox>false</Style_Checkbox>
    <RadioGroup />
    <ButtonDrawTemplate>
      <Normal>BlueIconBackground</Normal>
      <NormalDecal>BuffIcons</NormalDecal>
    </ButtonDrawTemplate>
    <!-- Default and not used		
			<SoundPressed/>
			<SoundUp/>
			<SoundFlyby/>
		-->
    <DecalOffset>
      <X>2</X>
      <Y>2</Y>
    </DecalOffset>
    <DecalSize>
      <CX>30</CX>
      <CY>30</CY>
    </DecalSize>
  </Button>
  <Button item="BW_BLOCKEDBUFF4_Button">
    <ScreenID>BBuff4</ScreenID>
    <!--<Font>3</Font> Default -->
    <RelativePosition>true</RelativePosition>
    <Location>
      <X>48</X>
      <Y>49</Y>
    </Location>
    <Size>
      <CX>34</CX>
      <CY>34</CY>
    </Size>
    <EQType>554</EQType>
    <Style_VScroll>false</Style_VScroll>
    <Style_HScroll>false</Style_HScroll>
    <Style_Transparent>false</Style_Transparent>
    <TooltipReference />
    <Style_Checkbox>false</Style_Checkbox>
    <!--<RadioGroup/> Default -->
    <ButtonDrawTemplate>
      <Normal>RedIconBackground</Normal>
      <NormalDecal>BuffIcons</NormalDecal>
    </ButtonDrawTemplate>
    <!--Default
			<SoundPressed/>
			<SoundUp/>
			<SoundFlyby/>
		-->
    <DecalOffset>
      <X>2</X>
      <Y>2</Y>
    </DecalOffset>
    <DecalSize>
      <CX>30</CX>
      <CY>30</CY>
    </DecalSize>
  </Button>
  <Button item="BW_BLOCKEDBUFF5_Button">
    <ScreenID>BBuff5</ScreenID>
    <!--<Font>3</Font> Defautl -->
    <RelativePosition>true</RelativePosition>
    <Location>
      <X>93</X>
      <Y>49</Y>
    </Location>
    <Size>
      <CX>34</CX>
      <CY>34</CY>
    </Size>
    <EQType>555</EQType>
    <Style_VScroll>false</Style_VScroll>
    <Style_HScroll>false</Style_HScroll>
    <Style_Transparent>false</Style_Transparent>
    <!--<TooltipReference/> Default -->
    <Style_Checkbox>false</Style_Checkbox>
    <!--<RadioGroup/> Default -->
    <ButtonDrawTemplate>
      <Normal>RedIconBackground</Normal>
      <NormalDecal>BuffIcons</NormalDecal>
    </ButtonDrawTemplate>
    <!-- 
			<SoundPressed/>
			<SoundUp/>
			<SoundFlyby/>
		-->
    <DecalOffset>
      <X>2</X>
      <Y>2</Y>
    </DecalOffset>
    <DecalSize>
      <CX>30</CX>
      <CY>30</CY>
    </DecalSize>
  </Button>
  <Button item="BW_BLOCKEDBUFF6_Button">
    <ScreenID>BBuff6</ScreenID>
    <!--<Font>3</Font> Default -->
    <RelativePosition>true</RelativePosition>
    <Location>
      <X>3</X>
      <Y>95</Y>
    </Location>
    <Size>
      <CX>34</CX>
      <CY>34</CY>
    </Size>
    <EQType>556</EQType>
    <Style_VScroll>false</Style_VScroll>
    <Style_HScroll>false</Style_HScroll>
    <Style_Transparent>false</Style_Transparent>
    <TooltipReference />
    <Style_Checkbox>false</Style_Checkbox>
    <!--<RadioGroup/> Default -->
    <ButtonDrawTemplate>
      <Normal>BlueIconBackground</Normal>
      <NormalDecal>BuffIcons</NormalDecal>
    </ButtonDrawTemplate>
    <!-- 
			<SoundPressed/>
			<SoundUp/>
			<SoundFlyby/>
		-->
    <DecalOffset>
      <X>2</X>
      <Y>2</Y>
    </DecalOffset>
    <DecalSize>
      <CX>30</CX>
      <CY>30</CY>
    </DecalSize>
  </Button>
  <Button item="BW_BLOCKEDBUFF7_Button">
    <ScreenID>BBuff7</ScreenID>
    <!--<Font>3</Font> Use defaults -->
    <RelativePosition>true</RelativePosition>
    <Location>
      <X>48</X>
      <Y>95</Y>
    </Location>
    <Size>
      <CX>34</CX>
      <CY>34</CY>
    </Size>
    <EQType>557</EQType>
    <Style_VScroll>false</Style_VScroll>
    <Style_HScroll>false</Style_HScroll>
    <Style_Transparent>false</Style_Transparent>
    <!--<TooltipReference/> Use defaults -->
    <Style_Checkbox>false</Style_Checkbox>
    <!--<RadioGroup/> Use Defaults -->
    <ButtonDrawTemplate>
      <Normal>RedIconBackground</Normal>
      <NormalDecal>BuffIcons</NormalDecal>
    </ButtonDrawTemplate>
    <!-- Use defaults
			<SoundPressed/>
			<SoundUp/>
			<SoundFlyby/>
		-->
    <DecalOffset>
      <X>2</X>
      <Y>2</Y>
    </DecalOffset>
    <DecalSize>
      <CX>30</CX>
      <CY>30</CY>
    </DecalSize>
  </Button>
  <Button item="BW_BLOCKEDBUFF8_Button">
    <ScreenID>BBuff8</ScreenID>
    <!--<Font>3</Font>Defaults-->
    <RelativePosition>true</RelativePosition>
    <Location>
      <X>93</X>
      <Y>95</Y>
    </Location>
    <Size>
      <CX>34</CX>
      <CY>34</CY>
    </Size>
    <EQType>558</EQType>
    <Style_VScroll>false</Style_VScroll>
    <Style_HScroll>false</Style_HScroll>
    <Style_Transparent>false</Style_Transparent>
    <!--<TooltipReference/> Use default -->
    <Style_Checkbox>false</Style_Checkbox>
    <!--<RadioGroup/>Use default-->
    <ButtonDrawTemplate>
      <Normal>RedIconBackground</Normal>
      <NormalDecal>BuffIcons</NormalDecal>
    </ButtonDrawTemplate>
    <!-- 
			<SoundPressed/>
			<SoundUp/>
			<SoundFlyby/>
		-->
    <DecalOffset>
      <X>2</X>
      <Y>2</Y>
    </DecalOffset>
    <DecalSize>
      <CX>30</CX>
      <CY>30</CY>
    </DecalSize>
  </Button>
  <Button item="BW_BLOCKEDBUFF9_Button">
    <ScreenID>BBuff9</ScreenID>
    <!--<Font>3</Font>Use Defaults -->
    <RelativePosition>true</RelativePosition>
    <Location>
      <X>3</X>
      <Y>141</Y>
    </Location>
    <Size>
      <CX>34</CX>
      <CY>34</CY>
    </Size>
    <EQType>559</EQType>
    <Style_VScroll>false</Style_VScroll>
    <Style_HScroll>false</Style_HScroll>
    <Style_Transparent>false</Style_Transparent>
    <!--<TooltipReference/> Use Defaults -->
    <Style_Checkbox>false</Style_Checkbox>
    <!--<RadioGroup/>  -->
    <ButtonDrawTemplate>
      <Normal>BlueIconBackground</Normal>
      <NormalDecal>BuffIcons</NormalDecal>
    </ButtonDrawTemplate>
    <DecalOffset>
      <X>2</X>
      <Y>2</Y>
    </DecalOffset>
    <DecalSize>
      <CX>30</CX>
      <CY>30</CY>
    </DecalSize>
  </Button>
  <Button item="BW_BLOCKEDBUFF10_Button">
    <ScreenID>BBuff10</ScreenID>
    <!--<Font>3</Font> -->
    <RelativePosition>true</RelativePosition>
    <Location>
      <X>48</X>
      <Y>141</Y>
    </Location>
    <Size>
      <CX>34</CX>
      <CY>34</CY>
    </Size>
    <EQType>560</EQType>
    <Style_VScroll>false</Style_VScroll>
    <Style_HScroll>false</Style_HScroll>
    <Style_Transparent>false</Style_Transparent>
    <!--<TooltipReference/>-->
    <Style_Checkbox>false</Style_Checkbox>
    <!--<RadioGroup/>-->
    <ButtonDrawTemplate>
      <Normal>RedIconBackground</Normal>
      <NormalDecal>BuffIcons</NormalDecal>
    </ButtonDrawTemplate>
    <DecalOffset>
      <X>2</X>
      <Y>2</Y>
    </DecalOffset>
    <DecalSize>
      <CX>30</CX>
      <CY>30</CY>
    </DecalSize>
  </Button>
  <Button item="BW_BLOCKEDBUFF11_Button">
    <ScreenID>BBuff11</ScreenID>
    <!--<Font>3</Font>-->
    <RelativePosition>true</RelativePosition>
    <Location>
      <X>93</X>
      <Y>141</Y>
    </Location>
    <Size>
      <CX>34</CX>
      <CY>34</CY>
    </Size>
    <EQType>561</EQType>
    <Style_VScroll>false</Style_VScroll>
    <Style_HScroll>false</Style_HScroll>
    <Style_Transparent>false</Style_Transparent>
    <!--<TooltipReference/>-->
    <Style_Checkbox>false</Style_Checkbox>
    <!--<RadioGroup/>-->
    <ButtonDrawTemplate>
      <Normal>RedIconBackground</Normal>
      <NormalDecal>BuffIcons</NormalDecal>
    </ButtonDrawTemplate>
    <DecalOffset>
      <X>2</X>
      <Y>2</Y>
    </DecalOffset>
    <DecalSize>
      <CX>30</CX>
      <CY>30</CY>
    </DecalSize>
  </Button>
  <Button item="BW_BLOCKEDBUFF12_Button">
    <ScreenID>BBuff12</ScreenID>
    <!--<Font>3</Font>-->
    <RelativePosition>true</RelativePosition>
    <Location>
      <X>3</X>
      <Y>187</Y>
    </Location>
    <Size>
      <CX>34</CX>
      <CY>34</CY>
    </Size>
    <EQType>562</EQType>
    <Style_VScroll>false</Style_VScroll>
    <Style_HScroll>false</Style_HScroll>
    <Style_Transparent>false</Style_Transparent>
    <!--<TooltipReference/>-->
    <Style_Checkbox>false</Style_Checkbox>
    <!--<RadioGroup/>-->
    <ButtonDrawTemplate>
      <Normal>BlueIconBackground</Normal>
      <NormalDecal>BuffIcons</NormalDecal>
    </ButtonDrawTemplate>
    <DecalOffset>
      <X>2</X>
      <Y>2</Y>
    </DecalOffset>
    <DecalSize>
      <CX>30</CX>
      <CY>30</CY>
    </DecalSize>
  </Button>
  <Button item="BW_BLOCKEDBUFF13_Button">
    <ScreenID>BBuff13</ScreenID>
    <!--<Font>3</Font>-->
    <RelativePosition>true</RelativePosition>
    <Location>
      <X>48</X>
      <Y>187</Y>
    </Location>
    <Size>
      <CX>34</CX>
      <CY>34</CY>
    </Size>
    <EQType>563</EQType>
    <Style_VScroll>false</Style_VScroll>
    <Style_HScroll>false</Style_HScroll>
    <Style_Transparent>false</Style_Transparent>
    <!--<TooltipReference/>-->
    <Style_Checkbox>false</Style_Checkbox>
    <!--<RadioGroup/>-->
    <ButtonDrawTemplate>
      <Normal>RedIconBackground</Normal>
      <NormalDecal>BuffIcons</NormalDecal>
    </ButtonDrawTemplate>
    <DecalOffset>
      <X>2</X>
      <Y>2</Y>
    </DecalOffset>
    <DecalSize>
      <CX>30</CX>
      <CY>30</CY>
    </DecalSize>
  </Button>
  <Button item="BW_BLOCKEDBUFF14_Button">
    <ScreenID>BBuff14</ScreenID>
    <!--<Font>3</Font>-->
    <RelativePosition>true</RelativePosition>
    <Location>
      <X>93</X>
      <Y>187</Y>
    </Location>
    <Size>
      <CX>34</CX>
      <CY>34</CY>
    </Size>
    <EQType>564</EQType>
    <Style_VScroll>false</Style_VScroll>
    <Style_HScroll>false</Style_HScroll>
    <Style_Transparent>false</Style_Transparent>
    <!--<TooltipReference/>-->
    <Style_Checkbox>false</Style_Checkbox>
    <!--<RadioGroup/>-->
    <ButtonDrawTemplate>
      <Normal>RedIconBackground</Normal>
      <NormalDecal>BuffIcons</NormalDecal>
    </ButtonDrawTemplate>
    <DecalOffset>
      <X>2</X>
      <Y>2</Y>
    </DecalOffset>
    <DecalSize>
      <CX>30</CX>
      <CY>30</CY>
    </DecalSize>
  </Button>
  <Button item="BW_BLOCKEDBUFF15_Button">
    <ScreenID>BBuff15</ScreenID>
    <!--<Font>3</Font>-->
    <RelativePosition>true</RelativePosition>
    <Location>
      <X>3</X>
      <Y>3</Y>
    </Location>
    <Size>
      <CX>34</CX>
      <CY>34</CY>
    </Size>
    <EQType>565</EQType>
    <Style_VScroll>false</Style_VScroll>
    <Style_HScroll>false</Style_HScroll>
    <Style_Transparent>false</Style_Transparent>
    <!--<TooltipReference/>   -->
    <Style_Checkbox>false</Style_Checkbox>
    <!--<RadioGroup/>   -->
    <ButtonDrawTemplate>
      <Normal>BlueIconBackground</Normal>
      <NormalDecal>BuffIcons</NormalDecal>
    </ButtonDrawTemplate>
    <DecalOffset>
      <X>2</X>
      <Y>2</Y>
    </DecalOffset>
    <DecalSize>
      <CX>30</CX>
      <CY>30</CY>
    </DecalSize>
  </Button>
  <Button item="BW_BLOCKEDBUFF16_Button">
    <ScreenID>BBuff16</ScreenID>
    <!--<Font>3</Font>-->
    <RelativePosition>true</RelativePosition>
    <Location>
      <X>3</X>
      <Y>3</Y>
    </Location>
    <Size>
      <CX>34</CX>
      <CY>34</CY>
    </Size>
    <EQType>566</EQType>
    <Style_VScroll>false</Style_VScroll>
    <Style_HScroll>false</Style_HScroll>
    <Style_Transparent>false</Style_Transparent>
    <!--<TooltipReference/>   -->
    <Style_Checkbox>false</Style_Checkbox>
    <!--<RadioGroup/>   -->
    <ButtonDrawTemplate>
      <Normal>BlueIconBackground</Normal>
      <NormalDecal>BuffIcons</NormalDecal>
    </ButtonDrawTemplate>
    <DecalOffset>
      <X>2</X>
      <Y>2</Y>
    </DecalOffset>
    <DecalSize>
      <CX>30</CX>
      <CY>30</CY>
    </DecalSize>
  </Button>
  <Button item="BW_BLOCKEDBUFF17_Button">
    <ScreenID>BBuff17</ScreenID>
    <!--<Font>3</Font>-->
    <RelativePosition>true</RelativePosition>
    <Location>
      <X>3</X>
      <Y>3</Y>
    </Location>
    <Size>
      <CX>34</CX>
      <CY>34</CY>
    </Size>
    <EQType>567</EQType>
    <Style_VScroll>false</Style_VScroll>
    <Style_HScroll>false</Style_HScroll>
    <Style_Transparent>false</Style_Transparent>
    <!--<TooltipReference/>   -->
    <Style_Checkbox>false</Style_Checkbox>
    <!--<RadioGroup/>   -->
    <ButtonDrawTemplate>
      <Normal>BlueIconBackground</Normal>
      <NormalDecal>BuffIcons</NormalDecal>
    </ButtonDrawTemplate>
    <DecalOffset>
      <X>2</X>
      <Y>2</Y>
    </DecalOffset>
    <DecalSize>
      <CX>30</CX>
      <CY>30</CY>
    </DecalSize>
  </Button>
  <Button item="BW_BLOCKEDBUFF18_Button">
    <ScreenID>BBuff18</ScreenID>
    <!--<Font>3</Font>-->
    <RelativePosition>true</RelativePosition>
    <Location>
      <X>3</X>
      <Y>3</Y>
    </Location>
    <Size>
      <CX>34</CX>
      <CY>34</CY>
    </Size>
    <EQType>568</EQType>
    <Style_VScroll>false</Style_VScroll>
    <Style_HScroll>false</Style_HScroll>
    <Style_Transparent>false</Style_Transparent>
    <!--<TooltipReference/>   -->
    <Style_Checkbox>false</Style_Checkbox>
    <!--<RadioGroup/>   -->
    <ButtonDrawTemplate>
      <Normal>BlueIconBackground</Normal>
      <NormalDecal>BuffIcons</NormalDecal>
    </ButtonDrawTemplate>
    <DecalOffset>
      <X>2</X>
      <Y>2</Y>
    </DecalOffset>
    <DecalSize>
      <CX>30</CX>
      <CY>30</CY>
    </DecalSize>
  </Button>
  <Button item="BW_BLOCKEDBUFF19_Button">
    <ScreenID>BBuff19</ScreenID>
    <!--<Font>3</Font>-->
    <RelativePosition>true</RelativePosition>
    <Location>
      <X>3</X>
      <Y>3</Y>
    </Location>
    <Size>
      <CX>34</CX>
      <CY>34</CY>
    </Size>
    <EQType>569</EQType>
    <Style_VScroll>false</Style_VScroll>
    <Style_HScroll>false</Style_HScroll>
    <Style_Transparent>false</Style_Transparent>
    <Style_Checkbox>false</Style_Checkbox>
    <ButtonDrawTemplate>
      <Normal>BlueIconBackground</Normal>
      <NormalDecal>BuffIcons</NormalDecal>
    </ButtonDrawTemplate>
    <DecalOffset>
      <X>2</X>
      <Y>2</Y>
    </DecalOffset>
    <DecalSize>
      <CX>30</CX>
      <CY>30</CY>
    </DecalSize>
  </Button>
  <Button item="BW_BLOCKEDBUFF20_Button">
    <ScreenID>BBuff20</ScreenID>
    <!--<Font>3</Font> -->
    <RelativePosition>true</RelativePosition>
    <Location>
      <X>48</X>
      <Y>141</Y>
    </Location>
    <Size>
      <CX>34</CX>
      <CY>34</CY>
    </Size>
    <EQType>570</EQType>
    <Style_VScroll>false</Style_VScroll>
    <Style_HScroll>false</Style_HScroll>
    <Style_Transparent>false</Style_Transparent>
    <!--<TooltipReference/>-->
    <Style_Checkbox>false</Style_Checkbox>
    <!--<RadioGroup/>-->
    <ButtonDrawTemplate>
      <Normal>RedIconBackground</Normal>
      <NormalDecal>BuffIcons</NormalDecal>
    </ButtonDrawTemplate>
    <DecalOffset>
      <X>2</X>
      <Y>2</Y>
    </DecalOffset>
    <DecalSize>
      <CX>30</CX>
      <CY>30</CY>
    </DecalSize>
  </Button>
  <Button item="BW_BLOCKEDBUFF21_Button">
    <ScreenID>BBuff21</ScreenID>
    <!--<Font>3</Font>-->
    <RelativePosition>true</RelativePosition>
    <Location>
      <X>93</X>
      <Y>141</Y>
    </Location>
    <Size>
      <CX>34</CX>
      <CY>34</CY>
    </Size>
    <EQType>571</EQType>
    <Style_VScroll>false</Style_VScroll>
    <Style_HScroll>false</Style_HScroll>
    <Style_Transparent>false</Style_Transparent>
    <!--<TooltipReference/>-->
    <Style_Checkbox>false</Style_Checkbox>
    <!--<RadioGroup/>-->
    <ButtonDrawTemplate>
      <Normal>RedIconBackground</Normal>
      <NormalDecal>BuffIcons</NormalDecal>
    </ButtonDrawTemplate>
    <DecalOffset>
      <X>2</X>
      <Y>2</Y>
    </DecalOffset>
    <DecalSize>
      <CX>30</CX>
      <CY>30</CY>
    </DecalSize>
  </Button>
  <Button item="BW_BLOCKEDBUFF22_Button">
    <ScreenID>BBuff22</ScreenID>
    <!--<Font>3</Font>-->
    <RelativePosition>true</RelativePosition>
    <Location>
      <X>3</X>
      <Y>187</Y>
    </Location>
    <Size>
      <CX>34</CX>
      <CY>34</CY>
    </Size>
    <EQType>572</EQType>
    <Style_VScroll>false</Style_VScroll>
    <Style_HScroll>false</Style_HScroll>
    <Style_Transparent>false</Style_Transparent>
    <!--<TooltipReference/>-->
    <Style_Checkbox>false</Style_Checkbox>
    <!--<RadioGroup/>-->
    <ButtonDrawTemplate>
      <Normal>BlueIconBackground</Normal>
      <NormalDecal>BuffIcons</NormalDecal>
    </ButtonDrawTemplate>
    <DecalOffset>
      <X>2</X>
      <Y>2</Y>
    </DecalOffset>
    <DecalSize>
      <CX>30</CX>
      <CY>30</CY>
    </DecalSize>
  </Button>
  <Button item="BW_BLOCKEDBUFF23_Button">
    <ScreenID>BBuff23</ScreenID>
    <!--<Font>3</Font>-->
    <RelativePosition>true</RelativePosition>
    <Location>
      <X>48</X>
      <Y>187</Y>
    </Location>
    <Size>
      <CX>34</CX>
      <CY>34</CY>
    </Size>
    <EQType>573</EQType>
    <Style_VScroll>false</Style_VScroll>
    <Style_HScroll>false</Style_HScroll>
    <Style_Transparent>false</Style_Transparent>
    <!--<TooltipReference/>-->
    <Style_Checkbox>false</Style_Checkbox>
    <!--<RadioGroup/>-->
    <ButtonDrawTemplate>
      <Normal>RedIconBackground</Normal>
      <NormalDecal>BuffIcons</NormalDecal>
    </ButtonDrawTemplate>
    <DecalOffset>
      <X>2</X>
      <Y>2</Y>
    </DecalOffset>
    <DecalSize>
      <CX>30</CX>
      <CY>30</CY>
    </DecalSize>
  </Button>
  <Button item="BW_BLOCKEDBUFF24_Button">
    <ScreenID>BBuff24</ScreenID>
    <!--<Font>3</Font>-->
    <RelativePosition>true</RelativePosition>
    <Location>
      <X>93</X>
      <Y>187</Y>
    </Location>
    <Size>
      <CX>34</CX>
      <CY>34</CY>
    </Size>
    <EQType>574</EQType>
    <Style_VScroll>false</Style_VScroll>
    <Style_HScroll>false</Style_HScroll>
    <Style_Transparent>false</Style_Transparent>
    <!--<TooltipReference/>-->
    <Style_Checkbox>false</Style_Checkbox>
    <!--<RadioGroup/>-->
    <ButtonDrawTemplate>
      <Normal>RedIconBackground</Normal>
      <NormalDecal>BuffIcons</NormalDecal>
    </ButtonDrawTemplate>
    <DecalOffset>
      <X>2</X>
      <Y>2</Y>
    </DecalOffset>
    <DecalSize>
      <CX>30</CX>
      <CY>30</CY>
    </DecalSize>
  </Button>
  <Button item="BW_BLOCKEDBUFF25_Button">
    <ScreenID>BBuff25</ScreenID>
    <!--<Font>3</Font>-->
    <RelativePosition>true</RelativePosition>
    <Location>
      <X>3</X>
      <Y>3</Y>
    </Location>
    <Size>
      <CX>34</CX>
      <CY>34</CY>
    </Size>
    <EQType>575</EQType>
    <Style_VScroll>false</Style_VScroll>
    <Style_HScroll>false</Style_HScroll>
    <Style_Transparent>false</Style_Transparent>
    <!--<TooltipReference/>   -->
    <Style_Checkbox>false</Style_Checkbox>
    <!--<RadioGroup/>   -->
    <ButtonDrawTemplate>
      <Normal>BlueIconBackground</Normal>
      <NormalDecal>BuffIcons</NormalDecal>
    </ButtonDrawTemplate>
    <DecalOffset>
      <X>2</X>
      <Y>2</Y>
    </DecalOffset>
    <DecalSize>
      <CX>30</CX>
      <CY>30</CY>
    </DecalSize>
  </Button>
  <Button item="BW_BLOCKEDBUFF26_Button">
    <ScreenID>BBuff26</ScreenID>
    <!--<Font>3</Font>-->
    <RelativePosition>true</RelativePosition>
    <Location>
      <X>3</X>
      <Y>3</Y>
    </Location>
    <Size>
      <CX>34</CX>
      <CY>34</CY>
    </Size>
    <EQType>576</EQType>
    <Style_VScroll>false</Style_VScroll>
    <Style_HScroll>false</Style_HScroll>
    <Style_Transparent>false</Style_Transparent>
    <!--<TooltipReference/>   -->
    <Style_Checkbox>false</Style_Checkbox>
    <!--<RadioGroup/>   -->
    <ButtonDrawTemplate>
      <Normal>BlueIconBackground</Normal>
      <NormalDecal>BuffIcons</NormalDecal>
    </ButtonDrawTemplate>
    <DecalOffset>
      <X>2</X>
      <Y>2</Y>
    </DecalOffset>
    <DecalSize>
      <CX>30</CX>
      <CY>30</CY>
    </DecalSize>
  </Button>
  <Button item="BW_BLOCKEDBUFF27_Button">
    <ScreenID>BBuff27</ScreenID>
    <!--<Font>3</Font>-->
    <RelativePosition>true</RelativePosition>
    <Location>
      <X>3</X>
      <Y>3</Y>
    </Location>
    <Size>
      <CX>34</CX>
      <CY>34</CY>
    </Size>
    <EQType>577</EQType>
    <Style_VScroll>false</Style_VScroll>
    <Style_HScroll>false</Style_HScroll>
    <Style_Transparent>false</Style_Transparent>
    <!--<TooltipReference/>   -->
    <Style_Checkbox>false</Style_Checkbox>
    <!--<RadioGroup/>   -->
    <ButtonDrawTemplate>
      <Normal>BlueIconBackground</Normal>
      <NormalDecal>BuffIcons</NormalDecal>
    </ButtonDrawTemplate>
    <DecalOffset>
      <X>2</X>
      <Y>2</Y>
    </DecalOffset>
    <DecalSize>
      <CX>30</CX>
      <CY>30</CY>
    </DecalSize>
  </Button>
  <Button item="BW_BLOCKEDBUFF28_Button">
    <ScreenID>BBuff28</ScreenID>
    <!--<Font>3</Font>-->
    <RelativePosition>true</RelativePosition>
    <Location>
      <X>3</X>
      <Y>3</Y>
    </Location>
    <Size>
      <CX>34</CX>
      <CY>34</CY>
    </Size>
    <EQType>578</EQType>
    <Style_VScroll>false</Style_VScroll>
    <Style_HScroll>false</Style_HScroll>
    <Style_Transparent>false</Style_Transparent>
    <!--<TooltipReference/>   -->
    <Style_Checkbox>false</Style_Checkbox>
    <!--<RadioGroup/>   -->
    <ButtonDrawTemplate>
      <Normal>BlueIconBackground</Normal>
      <NormalDecal>BuffIcons</NormalDecal>
    </ButtonDrawTemplate>
    <DecalOffset>
      <X>2</X>
      <Y>2</Y>
    </DecalOffset>
    <DecalSize>
      <CX>30</CX>
      <CY>30</CY>
    </DecalSize>
  </Button>
  <Button item="BW_BLOCKEDBUFF29_Button">
    <ScreenID>BBuff29</ScreenID>
    <!--<Font>3</Font>-->
    <RelativePosition>true</RelativePosition>
    <Location>
      <X>3</X>
      <Y>3</Y>
    </Location>
    <Size>
      <CX>34</CX>
      <CY>34</CY>
    </Size>
    <EQType>579</EQType>
    <Style_VScroll>false</Style_VScroll>
    <Style_HScroll>false</Style_HScroll>
    <Style_Transparent>false</Style_Transparent>
    <Style_Checkbox>false</Style_Checkbox>
    <ButtonDrawTemplate>
      <Normal>BlueIconBackground</Normal>
      <NormalDecal>BuffIcons</NormalDecal>
    </ButtonDrawTemplate>
    <DecalOffset>
      <X>2</X>
      <Y>2</Y>
    </DecalOffset>
    <DecalSize>
      <CX>30</CX>
      <CY>30</CY>
    </DecalSize>
  </Button>
  <Screen item="BlockedBuffWnd">
    <RelativePosition>false</RelativePosition>
    <Location>
      <X>200</X>
      <Y>200</Y>
    </Location>
    <Size>
      <CX>134</CX>
      <CY>395</CY>
    </Size>
    <Style_VScroll>false</Style_VScroll>
    <Style_HScroll>false</Style_HScroll>
    <Style_Transparent>false</Style_Transparent>
    <Text>Sparxx - Blocked Spells</Text>
    <DrawTemplate>WDT_Rounded</DrawTemplate>
    <Style_Titlebar>true</Style_Titlebar>
    <Style_Closebox>true</Style_Closebox>
    <Style_Minimizebox>true</Style_Minimizebox>
    <Style_Border>true</Style_Border>
    <Style_Sizable>true</Style_Sizable>
    <Pieces>BW_BLOCKEDBUFF0_Button</Pieces>
    <Pieces>BW_BLOCKEDBUFF1_Button</Pieces>
    <Pieces>BW_BLOCKEDBUFF2_Button</Pieces>
    <Pieces>BW_BLOCKEDBUFF3_Button</Pieces>
    <Pieces>BW_BLOCKEDBUFF4_Button</Pieces>
    <Pieces>BW_BLOCKEDBUFF5_Button</Pieces>
    <Pieces>BW_BLOCKEDBUFF6_Button</Pieces>
    <Pieces>BW_BLOCKEDBUFF7_Button</Pieces>
    <Pieces>BW_BLOCKEDBUFF8_Button</Pieces>
    <Pieces>BW_BLOCKEDBUFF9_Button</Pieces>
    <Pieces>BW_BLOCKEDBUFF10_Button</Pieces>
    <Pieces>BW_BLOCKEDBUFF11_Button</Pieces>
    <Pieces>BW_BLOCKEDBUFF12_Button</Pieces>
    <Pieces>BW_BLOCKEDBUFF13_Button</Pieces>
    <Pieces>BW_BLOCKEDBUFF14_Button</Pieces>
    <Pieces>BW_BLOCKEDBUFF15_Button</Pieces>
    <Pieces>BW_BLOCKEDBUFF16_Button</Pieces>
    <Pieces>BW_BLOCKEDBUFF17_Button</Pieces>
    <Pieces>BW_BLOCKEDBUFF18_Button</Pieces>
    <Pieces>BW_BLOCKEDBUFF19_Button</Pieces>
    <Pieces>BW_BLOCKEDBUFF20_Button</Pieces>
    <Pieces>BW_BLOCKEDBUFF21_Button</Pieces>
    <Pieces>BW_BLOCKEDBUFF22_Button</Pieces>
    <Pieces>BW_BLOCKEDBUFF23_Button</Pieces>
    <Pieces>BW_BLOCKEDBUFF24_Button</Pieces>
    <Pieces>BW_BLOCKEDBUFF25_Button</Pieces>
    <Pieces>BW_BLOCKEDBUFF26_Button</Pieces>
    <Pieces>BW_BLOCKEDBUFF27_Button</Pieces>
    <Pieces>BW_BLOCKEDBUFF28_Button</Pieces>
    <Pieces>BW_BLOCKEDBUFF29_Button</Pieces>
    <Pieces>BW_AddSpellToBlock</Pieces>
    <Pieces>BW_EditSpellToBlock</Pieces>
    <Font>2</Font>
  </Screen>
</XML>