<?xml version="1.0" encoding="us-ascii"?>
<XML ID="EQInterfaceDefinitionLanguage">
  <Schema xmlns="EverQuestData" xmlns:dt="EverQuestDataTypes" />

<!-- IceSy Group Window TBM 2016 -->

  <StaticAnimation item="GW_Inv_Seperator1">
    <RelativePosition>true</RelativePosition>
    <Location>
      <X>-3</X>
      <Y>61</Y>
    </Location>
    <Size>
      <CX>263</CX>
      <CY>3</CY>
    </Size>
    <Animation>A_DividerMiddle</Animation>
  </StaticAnimation>
  <StaticAnimation item="GW_Inv_Seperator3">
    <RelativePosition>true</RelativePosition>
    <Location>
      <X>-3</X>
      <Y>157</Y>
    </Location>
    <Size>
      <CX>263</CX>
      <CY>3</CY>
    </Size>
    <Animation>A_DividerMiddle</Animation>
  </StaticAnimation>
  <StaticAnimation item="GW_Inv_Seperator4">
    <RelativePosition>true</RelativePosition>
    <Location>
      <X>-3</X>
      <Y>125</Y>
    </Location>
    <Size>
      <CX>263</CX>
      <CY>3</CY>
    </Size>
    <Animation>A_DividerMiddle</Animation>
  </StaticAnimation>
  <StaticAnimation item="GW_Inv_Seperator5">
    <RelativePosition>true</RelativePosition>
    <Location>
      <X>-3</X>
      <Y>93</Y>
    </Location>
    <Size>
      <CX>263</CX>
      <CY>3</CY>
    </Size>
    <Animation>A_DividerMiddle</Animation>
  </StaticAnimation>
  <StaticAnimation item="GW_Inv_Seperator6">
    <RelativePosition>true</RelativePosition>
    <Location>
      <X>-3</X>
      <Y>29</Y>
    </Location>
    <Size>
      <CX>263</CX>
      <CY>3</CY>
    </Size>
    <Animation>A_DividerMiddle</Animation>
  </StaticAnimation>
  <Label item="GW_Player_Level">
    <ScreenID>GW_Player_Level</ScreenID>
    <Font>2</Font>
    <EQType>2</EQType>
    <TextColor>
      <R>255</R>
      <G>255</G>
      <B>255</B>
    </TextColor>
    <Size>
      <CX>20</CX>
      <CY>15</CY>
    </Size>
    <AlignCenter>false</AlignCenter>
    <Location>
      <X>2</X>
      <Y>160</Y>
    </Location>
    <Text>100</Text>
  </Label>
  <Gauge item="GW_Player_ExpGauge">
    <ScreenID>GW_Player_ExpGauge</ScreenID>
    <RelativePosition>true</RelativePosition>
    <Location>
      <X>2</X>
      <Y>173</Y>
    </Location>
    <Size>
      <CX>102</CX>
      <CY>8</CY>
    </Size>
    <GaugeOffsetY>-1</GaugeOffsetY>
    <Style_VScroll>false</Style_VScroll>
    <Style_HScroll>false</Style_HScroll>
    <Style_Transparent>false</Style_Transparent>
    <FillTint>
      <R>200</R>
      <G>80</G>
      <B>0</B>
    </FillTint>
    <LinesFillTint>
      <R>255</R>
      <G>255</G>
      <B>255</B>
    </LinesFillTint>
    <DrawLinesFill>true</DrawLinesFill>
    <EQType>4</EQType>
    <GaugeDrawTemplate>
      <Background>A_GaugeBackground</Background>
      <Fill>A_GaugeFill</Fill>
      <Lines>A_GaugeLines</Lines>
      <LinesFill>A_GaugeLinesFill</LinesFill>
      <EndCapLeft>A_GaugeEndCapLeft</EndCapLeft>
      <EndCapRight>A_GaugeEndCapRight</EndCapRight>
    </GaugeDrawTemplate>
    <GaugeOffsetX>-3</GaugeOffsetX>
    <Font>2</Font>
  </Gauge>
  <Label item="GW_Player_Exp">
    <ScreenID>GW_Player_Exp</ScreenID>
    <EQType>26</EQType>
    <Text>100</Text>
    <RelativePosition>true</RelativePosition>
    <Location>
      <X>100</X>
      <Y>170</Y>
    </Location>
    <Size>
      <CX>22</CX>
      <CY>14</CY>
    </Size>
    <Text>0</Text>
    <TextColor>
      <R>255</R>
      <G>255</G>
      <B>0</B>
    </TextColor>
    <NoWrap>true</NoWrap>
    <AlignCenter>false</AlignCenter>
    <AlignRight>true</AlignRight>
    <AlignLeft>false</AlignLeft>
    <Font>2</Font>
  </Label>
  <Label item="GW_Player_Exp_Percent_Label">
    <ScreenID>GW_Player_Exp_Percent_Label</ScreenID>
    <Font>2</Font>
    <Text>%</Text>
    <TextColor>
      <R>255</R>
      <G>255</G>
      <B>255</B>
    </TextColor>
    <Size>
      <CX>15</CX>
      <CY>15</CY>
    </Size>
    <AlignCenter>true</AlignCenter>
    <Location>
      <X>121</X>
      <Y>170</Y>
    </Location>
  </Label>
  <Gauge item="GW_Player_AltExpGauge">
    <ScreenID>GW_Player_AltExpGauge</ScreenID>
    <RelativePosition>true</RelativePosition>
    <Location>
      <X>2</X>
      <Y>193</Y>
    </Location>
    <Size>
      <CX>102</CX>
      <CY>8</CY>
    </Size>
    <GaugeOffsetY>-1</GaugeOffsetY>
    <Style_VScroll>false</Style_VScroll>
    <Style_HScroll>false</Style_HScroll>
    <Style_Transparent>false</Style_Transparent>
    <FillTint>
      <R>200</R>
      <G>80</G>
      <B>0</B>
    </FillTint>
    <LinesFillTint>
      <R>255</R>
      <G>255</G>
      <B>255</B>
    </LinesFillTint>
    <DrawLinesFill>true</DrawLinesFill>
    <EQType>5</EQType>
    <GaugeDrawTemplate>
      <Background>A_GaugeBackground</Background>
      <Fill>A_GaugeFill</Fill>
      <Lines>A_GaugeLines</Lines>
      <LinesFill>A_GaugeLinesFill</LinesFill>
      <EndCapLeft>A_GaugeEndCapLeft</EndCapLeft>
      <EndCapRight>A_GaugeEndCapRight</EndCapRight>
    </GaugeDrawTemplate>
    <GaugeOffsetX>-3</GaugeOffsetX>
    <Font>2</Font>
  </Gauge>
  <Label item="GW_Player_AAExp">
    <ScreenID>GW_Player_AAExp</ScreenID>
    <EQType>27</EQType>
    <Text>100</Text>
    <RelativePosition>true</RelativePosition>
    <Location>
      <X>87</X>
      <Y>190</Y>
    </Location>
    <Size>
      <CX>35</CX>
      <CY>14</CY>
    </Size>
    <Text>0</Text>
    <TextColor>
      <R>255</R>
      <G>255</G>
      <B>0</B>
    </TextColor>
    <NoWrap>true</NoWrap>
    <AlignCenter>false</AlignCenter>
    <AlignRight>true</AlignRight>
    <AlignLeft>false</AlignLeft>
    <Font>2</Font>
  </Label>
  <Button item="GW_AAWindow">
    <ScreenID>GW_AAWindow</ScreenID>
    <EQType>openwnd AAWindow</EQType>
    <Font>1</Font>
    <RelativePosition>true</RelativePosition>
    <Style_Checkbox>true</Style_Checkbox>
    <Location>
      <X>2</X>
      <Y>182</Y>
    </Location>
    <Size>
      <CX>16</CX>
      <CY>11</CY>
    </Size>
    <TextColor>
      <R>0</R>
      <G>255</G>
      <B>255</B>
    </TextColor>
    <DecalSize>
      <CX>40</CX>
      <CY>40</CY>
    </DecalSize>
    <ButtonDrawTemplate>
      <Normal>A_SmallBtnNormal</Normal>
      <Pressed>A_SmallBtnPressed</Pressed>
      <Flyby>A_SmallBtnFlyby</Flyby>
      <Disabled>A_SmallBtnDisabled</Disabled>
      <PressedFlyby>A_SmallBtnPressedFlyby</PressedFlyby>
    </ButtonDrawTemplate>
    <TooltipReference>AA Window</TooltipReference>
    <Text>AA</Text>
  </Button>
  <Label item="GW_UnspentAA_Label">
    <ScreenID>GW_UnspentAA_Label</ScreenID>
    <Font>2</Font>
    <Text>Unspent:</Text>
    <TextColor>
      <R>255</R>
      <G>255</G>
      <B>255</B>
    </TextColor>
    <Size>
      <CX>44</CX>
      <CY>15</CY>
    </Size>
    <AlignCenter>false</AlignCenter>
    <Location>
      <X>33</X>
      <Y>180</Y>
    </Location>
  </Label>
  <Label item="GW_UnspentAA_Total">
    <ScreenID>GW_UnspentAA_Total</ScreenID>
    <Font>2</Font>
    <Text>50</Text>
    <TextColor>
      <R>0</R>
      <G>255</G>
      <B>0</B>
    </TextColor>
    <Size>
      <CX>53</CX>
      <CY>15</CY>
    </Size>
    <AlignCenter>false</AlignCenter>
    <Location>
      <X>79</X>
      <Y>180</Y>
    </Location>
    <EQType>71</EQType>
  </Label>
  <Label item="GW_Player_AAExp_Percent">
    <ScreenID>GW_Player_AAExp_Percent</ScreenID>
    <Font>2</Font>
    <Text>%</Text>
    <TextColor>
      <R>255</R>
      <G>255</G>
      <B>255</B>
    </TextColor>
    <Size>
      <CX>15</CX>
      <CY>15</CY>
    </Size>
    <AlignCenter>true</AlignCenter>
    <Location>
      <X>121</X>
      <Y>190</Y>
    </Location>
  </Label>
  <Button item="GW_InviteButton">
    <ScreenID>InviteButton</ScreenID>
    <RelativePosition>true</RelativePosition>
    <Style_VScroll>false</Style_VScroll>
    <Style_HScroll>false</Style_HScroll>
    <Style_Transparent>false</Style_Transparent>
    <Style_Checkbox>false</Style_Checkbox>
    <Text>Invite</Text>
    <TextColor>
      <R>255</R>
      <G>255</G>
      <B>255</B>
    </TextColor>
    <ButtonDrawTemplate>
      <Normal>A_SmallBtnNormal</Normal>
      <Pressed>A_SmallBtnPressed</Pressed>
      <Flyby>A_SmallBtnFlyby</Flyby>
      <Disabled>A_SmallBtnDisabled</Disabled>
      <PressedFlyby>A_SmallBtnPressedFlyby</PressedFlyby>
    </ButtonDrawTemplate>
    <AutoStretch>false</AutoStretch>
    <TopAnchorOffset>20</TopAnchorOffset>
    <RightAnchorOffset>54</RightAnchorOffset>
    <TopAnchorToTop>false</TopAnchorToTop>
    <BottomAnchorToTop>false</BottomAnchorToTop>
    <Size>
      <CX>55</CX>
      <CY>14</CY>
    </Size>
    <Location>
      <X>135</X>
      <Y>166</Y>
    </Location>
    <Font>2</Font>
  </Button>
  <Button item="GW_DisbandButton">
    <ScreenID>DisbandButton</ScreenID>
    <RelativePosition>true</RelativePosition>
    <Style_VScroll>false</Style_VScroll>
    <Style_HScroll>false</Style_HScroll>
    <Style_Transparent>false</Style_Transparent>
    <Style_Checkbox>false</Style_Checkbox>
    <ButtonDrawTemplate>
      <Normal>A_SmallBtnNormal</Normal>
      <Pressed>A_SmallBtnPressed</Pressed>
      <Flyby>A_SmallBtnFlyby</Flyby>
      <Disabled>A_SmallBtnDisabled</Disabled>
      <PressedFlyby>A_SmallBtnPressedFlyby</PressedFlyby>
    </ButtonDrawTemplate>
    <Text>Disband</Text>
    <TextColor>
      <R>255</R>
      <G>255</G>
      <B>255</B>
    </TextColor>
    <AutoStretch>false</AutoStretch>
    <TopAnchorOffset>41</TopAnchorOffset>
    <LeftAnchorOffset>185</LeftAnchorOffset>
    <RightAnchorOffset>239</RightAnchorOffset>
    <TopAnchorToTop>false</TopAnchorToTop>
    <BottomAnchorToTop>false</BottomAnchorToTop>
    <BottomAnchorOffset>21</BottomAnchorOffset>
    <Size>
      <CX>55</CX>
      <CY>14</CY>
    </Size>
    <Location>
      <X>135</X>
      <Y>185</Y>
    </Location>
    <Font>2</Font>
  </Button>
  <Button item="GW_FollowButton">
    <ScreenID>FollowButton</ScreenID>
    <RelativePosition>true</RelativePosition>
    <Style_VScroll>false</Style_VScroll>
    <Style_HScroll>false</Style_HScroll>
    <Style_Transparent>false</Style_Transparent>
    <Style_Checkbox>false</Style_Checkbox>
    <Text>Follow</Text>
    <TextColor>
      <R>255</R>
      <G>255</G>
      <B>255</B>
    </TextColor>
    <ButtonDrawTemplate>
      <Normal>A_BtnNormal</Normal>
      <Pressed>A_BtnPressed</Pressed>
      <Flyby>A_BtnFlyby</Flyby>
      <Disabled>A_BtnDisabled</Disabled>
      <PressedFlyby>A_BtnPressedFlyby</PressedFlyby>
    </ButtonDrawTemplate>
    <AutoStretch>false</AutoStretch>
    <TopAnchorOffset>24</TopAnchorOffset>
    <RightAnchorOffset>77</RightAnchorOffset>
    <TopAnchorToTop>false</TopAnchorToTop>
    <BottomAnchorToTop>false</BottomAnchorToTop>
    <LeftAnchorOffset>23</LeftAnchorOffset>
    <BottomAnchorOffset>4</BottomAnchorOffset>
    <Size>
      <CX>55</CX>
      <CY>14</CY>
    </Size>
    <Location>
      <X>135</X>
      <Y>166</Y>
    </Location>
    <Font>2</Font>
  </Button>
  <Button item="GW_DeclineButton">
    <ScreenID>DeclineButton</ScreenID>
    <RelativePosition>true</RelativePosition>
    <Style_VScroll>false</Style_VScroll>
    <Style_HScroll>false</Style_HScroll>
    <Style_Transparent>false</Style_Transparent>
    <Style_Checkbox>false</Style_Checkbox>
    <ButtonDrawTemplate>
      <Normal>A_SmallBtnNormal</Normal>
      <Pressed>A_SmallBtnPressed</Pressed>
      <Flyby>A_SmallBtnFlyby</Flyby>
      <Disabled>A_SmallBtnDisabled</Disabled>
      <PressedFlyby>A_SmallBtnPressedFlyby</PressedFlyby>
    </ButtonDrawTemplate>
    <Text>Decline</Text>
    <TextColor>
      <R>255</R>
      <G>255</G>
      <B>255</B>
    </TextColor>
    <AutoStretch>false</AutoStretch>
    <TopAnchorOffset>65</TopAnchorOffset>
    <LeftAnchorOffset>184</LeftAnchorOffset>
    <RightAnchorOffset>238</RightAnchorOffset>
    <TopAnchorToTop>false</TopAnchorToTop>
    <BottomAnchorToTop>false</BottomAnchorToTop>
    <BottomAnchorOffset>45</BottomAnchorOffset>
    <Size>
      <CX>55</CX>
      <CY>14</CY>
    </Size>
    <Location>
      <X>135</X>
      <Y>185</Y>
    </Location>
    <Font>2</Font>
  </Button>
   <Gauge item="GW_Gauge1">
    <ScreenID>Gauge1</ScreenID>
    <Text>Party Member 1</Text>
    <TextColor>
      <R>240</R>
      <G>240</G>
      <B>240</B>
    </TextColor>
    <RelativePosition>true</RelativePosition>
    <Location>
      <X>2</X>
      <Y>2</Y>
    </Location>
    <Size>
      <CX>75</CX>
      <CY>19</CY>
    </Size>
    <TextOffsety>0</TextOffsety>
    <TextOffsetX>1</TextOffsetX>
    <GaugeOffsetY>10</GaugeOffsetY>
    <Style_VScroll>false</Style_VScroll>
    <Style_HScroll>false</Style_HScroll>
    <Style_Transparent>false</Style_Transparent>
    <FillTint>
      <R>200</R>
      <G>0</G>
      <B>0</B>
    </FillTint>
    <LinesFillTint>
      <R>220</R>
      <G>220</G>
      <B>0</B>
    </LinesFillTint>
    <DrawLinesFill>false</DrawLinesFill>
    <EQType>11</EQType>
    <GaugeDrawTemplate>
      <Background>A_GaugeBackground</Background>
      <Fill>A_GaugeFill</Fill>
      <Lines>A_GaugeLines</Lines>
      <LinesFill>A_GaugeLinesFill</LinesFill>
      <EndCapLeft>A_GaugeEndCapLeft</EndCapLeft>
      <EndCapRight>A_GaugeEndCapRight</EndCapRight>
    </GaugeDrawTemplate>
    <Font>2</Font>
    <GaugeOffsetX>-3</GaugeOffsetX>
    <TextOffsetY>-3</TextOffsetY>
  </Gauge>
  <Label item="GW_Gauge1_Percent">
    <ScreenID>GW_Gauge1_Percent</ScreenID>
    <EQType>35</EQType>
    <Text>100</Text>
    <RelativePosition>true</RelativePosition>
    <Location>
      <X>80</X>
      <Y>1</Y>
    </Location>
    <Size>
      <CX>22</CX>
      <CY>12</CY>
    </Size>
    <Text>0</Text>
    <TextColor>
      <R>249</R>
      <G>73</G>
      <B>73</B>
    </TextColor>
    <NoWrap>true</NoWrap>
    <AlignCenter>false</AlignCenter>
    <AlignRight>false</AlignRight>
    <AlignLeft>true</AlignLeft>
    <Font>1</Font>
  </Label>  
  <Gauge item="GW_PetGauge1">
    <ScreenID>PetGauge1</ScreenID>
    <TextOffsetY>-3</TextOffsetY>
    <GaugeOffsetY>10</GaugeOffsetY>
    <RelativePosition>true</RelativePosition>
    <FillTint>
      <R>200</R>
      <G>0</G>
      <B>0</B>
    </FillTint>
    <EQType>17</EQType>
    <GaugeDrawTemplate>
      <Fill>A_GaugeFill</Fill>
      <EndCapLeft>A_GaugeEndCapLeft</EndCapLeft>
      <EndCapRight>A_GaugeEndCapRight</EndCapRight>
      <Background>A_GaugeBackground</Background>
    </GaugeDrawTemplate>
    <AutoStretch>false</AutoStretch>
    <TopAnchorOffset>225</TopAnchorOffset>
    <BottomAnchorOffset>233</BottomAnchorOffset>
    <RightAnchorToLeft>false</RightAnchorToLeft>
    <LeftAnchorOffset>3</LeftAnchorOffset>
    <RightAnchorOffset>0</RightAnchorOffset>
    <GaugeOffsetX>-3</GaugeOffsetX>
    <Size>
      <CX>75</CX>
      <CY>19</CY>
    </Size>
    <Font>2</Font>
    <Location>
      <X>100</X>
      <Y>2</Y>
    </Location>
    <Text>Pet Name</Text>
    <TextColor>
      <B>255</B>
      <G>255</G>
      <R>255</R>
    </TextColor>
    <TextOffsetX>0</TextOffsetX>
  </Gauge>
  <Label item="GW_PM1_Pet_HP_Percent">
    <ScreenID>GW_PM1_Pet_HP_Percent</ScreenID>
    <EQType>40</EQType>
    <Text>100</Text>
    <RelativePosition>true</RelativePosition>
    <Location>
      <X>168</X>
      <Y>10</Y>
    </Location>
    <Size>
      <CX>22</CX>
      <CY>12</CY>
    </Size>
    <Text>0</Text>
    <TextColor>
      <R>0</R>
      <G>240</G>
      <B>0</B>
    </TextColor>
    <NoWrap>true</NoWrap>
    <AlignCenter>false</AlignCenter>
    <AlignRight>true</AlignRight>
    <AlignLeft>false</AlignLeft>
    <Font>1</Font>
  </Label>
<!--  <Label item="GW_PM1_Pet_HP_Percent_Label">
    <ScreenID>GW_PM1_Pet_HP_Percent_Label</ScreenID>
    <Font>1</Font>
    <Text>%</Text>
    <TextColor>
      <R>255</R>
      <G>255</G>
      <B>255</B>
    </TextColor>
    <Size>
      <CX>15</CX>
      <CY>12</CY>
    </Size>
    <AlignCenter>true</AlignCenter>
    <Location>
      <X>175</X>
      <Y>2</Y>
    </Location>
  </Label>-->
  <Gauge item="GW_ManaGauge1">
    <ScreenID>ManaGauge1</ScreenID>
    <TextOffsetY>-50</TextOffsetY>
    <GaugeOffsetY>-2</GaugeOffsetY>
    <RelativePosition>true</RelativePosition>
    <FillTint>
      <R>71</R>
      <G>159</G>
      <B>236</B>
      <Alpha>255</Alpha>
    </FillTint>
    <EQType>31</EQType>
    <GaugeDrawTemplate>
      <Fill>A_GaugeFill</Fill>
    </GaugeDrawTemplate>
    <AutoStretch>false</AutoStretch>
    <TopAnchorOffset>194</TopAnchorOffset>
    <BottomAnchorOffset>202</BottomAnchorOffset>
    <RightAnchorToLeft>false</RightAnchorToLeft>
    <LeftAnchorOffset>8</LeftAnchorOffset>
    <RightAnchorOffset>0</RightAnchorOffset>
    <Font>2</Font>
    <Size>
      <CX>72</CX>
      <CY>4</CY>
    </Size>
    <Location>
      <X>2</X>
      <Y>25</Y>
    </Location>
    <GaugeOffsetX>0</GaugeOffsetX>
  </Gauge>
  <Gauge item="GW_STAGauge1">
    <ScreenID>STAGauge1</ScreenID>
    <TextOffsetY>-50</TextOffsetY>
    <GaugeOffsetY>-2</GaugeOffsetY>
    <RelativePosition>true</RelativePosition>
    <FillTint>
      <R>200</R>
      <G>200</G>
      <B>0</B>
    </FillTint>
    <EQType>36</EQType>
    <GaugeDrawTemplate>
      <Fill>A_GaugeFill</Fill>
    </GaugeDrawTemplate>
    <AutoStretch>false</AutoStretch>
    <TopAnchorOffset>153</TopAnchorOffset>
    <BottomAnchorOffset>161</BottomAnchorOffset>
    <RightAnchorToLeft>false</RightAnchorToLeft>
    <LeftAnchorOffset>28</LeftAnchorOffset>
    <RightAnchorOffset>107</RightAnchorOffset>
    <GaugeOffsetX>0</GaugeOffsetX>
    <Font>2</Font>
    <Size>
      <CX>72</CX>
      <CY>4</CY>
    </Size>
    <Location>
      <X>2</X>
      <Y>21</Y>
    </Location>
  </Gauge>
    <Label item="GW_Gauge1_End_Percent">
    <ScreenID>GW_Gauge1_End_Percent</ScreenID>
    <EQType>144</EQType>
    <Text>100</Text>
    <RelativePosition>true</RelativePosition>
    <Location>
      <X>80</X>
      <Y>11</Y>
    </Location>
    <Size>
      <CX>22</CX>
      <CY>12</CY>
    </Size>
    <Text>0</Text>
    <TextColor>
      <R>238</R>
      <G>242</G>
      <B>126</B>
    </TextColor>
    <NoWrap>true</NoWrap>
    <AlignCenter>false</AlignCenter>
    <AlignRight>false</AlignRight>
    <AlignLeft>true</AlignLeft>
    <Font>1</Font>
  </Label>
  <Label item="GW_Gauge1_Mana_Percent">
    <ScreenID>GW_Gauge1_Mana_Percent</ScreenID>
    <EQType>139</EQType>
    <Text>100</Text>
    <RelativePosition>true</RelativePosition>
    <Location>
      <X>80</X>
      <Y>20</Y>
    </Location>
    <Size>
      <CX>22</CX>
      <CY>12</CY>
    </Size>
    <Text>0</Text>
    <TextColor>
      <R>71</R>
      <G>159</G>
      <B>236</B>
    </TextColor>
    <NoWrap>true</NoWrap>
    <AlignCenter>false</AlignCenter>
    <AlignRight>false</AlignRight>
    <AlignLeft>true</AlignLeft>
    <Font>1</Font>
  </Label>
  <Button item="GW_GroupRoleTank1">
    <ScreenID>GroupRoleTank1</ScreenID>
    <RelativePosition>true</RelativePosition>
    <Style_Transparent>false</Style_Transparent>
    <Style_Checkbox>false</Style_Checkbox>
    <Text>TANK</Text>
	<Font>1</Font>
    <TextColor>
      <R>255</R>
      <G>255</G>
      <B>255</B>
    </TextColor>
    <TopAnchorOffset>2</TopAnchorOffset>
    <BottomAnchorOffset>17</BottomAnchorOffset>
    <LeftAnchorOffset>60</LeftAnchorOffset>
    <RightAnchorOffset>45</RightAnchorOffset>
    <AutoStretch>false</AutoStretch>
    <LeftAnchorToLeft>false</LeftAnchorToLeft>
    <RightAnchorToLeft>false</RightAnchorToLeft>
    <Size>
      <CX>25</CX>
      <CY>11</CY>
    </Size>
    <Location>
      <X>97</X>
      <Y>20</Y>
    </Location>
  </Button>
  <Button item="GW_GroupRoleAssist1">
    <ScreenID>GroupRoleAssist1</ScreenID>
    <RelativePosition>true</RelativePosition>
    <Style_Transparent>false</Style_Transparent>
    <Style_Checkbox>false</Style_Checkbox>
    <Text>MA</Text>
	<Font>1</Font>
    <TextColor>
      <R>255</R>
      <G>255</G>
      <B>255</B>
    </TextColor>
    <TopAnchorOffset>2</TopAnchorOffset>
    <BottomAnchorOffset>17</BottomAnchorOffset>
    <LeftAnchorOffset>45</LeftAnchorOffset>
    <RightAnchorOffset>30</RightAnchorOffset>
    <AutoStretch>false</AutoStretch>
    <LeftAnchorToLeft>false</LeftAnchorToLeft>
    <RightAnchorToLeft>false</RightAnchorToLeft>
    <Size>
      <CX>15</CX>
      <CY>11</CY>
    </Size>
    <Location>
      <X>123</X>
      <Y>20</Y>
    </Location>
  </Button>
  <Button item="GW_GroupRolePuller1">
    <ScreenID>GroupRolePuller1</ScreenID>
    <RelativePosition>true</RelativePosition>
    <Style_Transparent>false</Style_Transparent>
    <Style_Checkbox>false</Style_Checkbox>
    <Text>PULL</Text>
	<Font>1</Font>
    <TextColor>
      <R>255</R>
      <G>255</G>
      <B>255</B>
    </TextColor>
    <LeftAnchorOffset>115</LeftAnchorOffset>
    <TopAnchorOffset>78</TopAnchorOffset>
    <RightAnchorOffset>106</RightAnchorOffset>
    <BottomAnchorOffset>93</BottomAnchorOffset>
    <AutoStretch>False</AutoStretch>
    <LeftAnchorToLeft>false</LeftAnchorToLeft>
    <RightAnchorToLeft>false</RightAnchorToLeft>
    <Size>
      <CX>23</CX>
      <CY>11</CY>
    </Size>
    <Location>
      <X>140</X>
      <Y>20</Y>
    </Location>
  </Button>
  <Button item="GW_GroupRoleMarkNPC1">
    <ScreenID>GroupRoleMarkNPC1</ScreenID>
    <RelativePosition>true</RelativePosition>
    <Style_Transparent>false</Style_Transparent>
    <Style_Checkbox>false</Style_Checkbox>
    <Text>MARK</Text>
	<Font>1</Font>
    <TextColor>
      <R>255</R>
      <G>255</G>
      <B>255</B>
    </TextColor>
    <TopAnchorOffset>22</TopAnchorOffset>
    <BottomAnchorOffset>29</BottomAnchorOffset>
    <LeftAnchorOffset>60</LeftAnchorOffset>
    <RightAnchorOffset>45</RightAnchorOffset>
    <AutoStretch>false</AutoStretch>
    <LeftAnchorToLeft>false</LeftAnchorToLeft>
    <RightAnchorToLeft>false</RightAnchorToLeft>
	<Size>
      <CX>26</CX>
      <CY>11</CY>
    </Size>
    <Location>
      <X>165</X>
      <Y>20</Y>
    </Location>
  </Button>
  <Gauge item="GW_Gauge2">
    <ScreenID>Gauge2</ScreenID>
    <Text>Party Member 2</Text>
    <TextColor>
      <R>240</R>
      <G>240</G>
      <B>240</B>
    </TextColor>
    <RelativePosition>true</RelativePosition>
    <Location>
      <X>2</X>
      <Y>34</Y>
    </Location>
    <Size>
      <CX>75</CX>
      <CY>19</CY>
    </Size>
    <TextOffsety>0</TextOffsety>
    <TextOffsetX>1</TextOffsetX>
    <GaugeOffsetY>10</GaugeOffsetY>
    <Style_VScroll>false</Style_VScroll>
    <Style_HScroll>false</Style_HScroll>
    <Style_Transparent>false</Style_Transparent>
    <FillTint>
      <R>200</R>
      <G>0</G>
      <B>0</B>
    </FillTint>
    <LinesFillTint>
      <R>220</R>
      <G>220</G>
      <B>0</B>
    </LinesFillTint>
    <DrawLinesFill>false</DrawLinesFill>
    <EQType>12</EQType>
    <GaugeDrawTemplate>
      <Background>A_GaugeBackground</Background>
      <Fill>A_GaugeFill</Fill>
      <Lines>A_GaugeLines</Lines>
      <LinesFill>A_GaugeLinesFill</LinesFill>
      <EndCapLeft>A_GaugeEndCapLeft</EndCapLeft>
      <EndCapRight>A_GaugeEndCapRight</EndCapRight>
    </GaugeDrawTemplate>
    <Font>2</Font>
    <GaugeOffsetX>-3</GaugeOffsetX>
    <TextOffsetY>-3</TextOffsetY>
  </Gauge>
  <Label item="GW_Gauge2_Percent">
    <ScreenID>GW_Gauge2_Percent</ScreenID>
    <EQType>36</EQType>
    <Text>100</Text>
    <RelativePosition>true</RelativePosition>
    <Location>
      <X>80</X>
      <Y>32</Y>
    </Location>
    <Size>
      <CX>22</CX>
      <CY>12</CY>
    </Size>
    <Text>0</Text>
    <TextColor>
      <R>249</R>
      <G>73</G>
      <B>73</B>
    </TextColor>
    <NoWrap>true</NoWrap>
    <AlignCenter>false</AlignCenter>
    <AlignRight>false</AlignRight>
    <AlignLeft>true</AlignLeft>
    <Font>1</Font>
  </Label>  
  <Label item="GW_Gauge2_End_Percent">
    <ScreenID>GW_Gauge2_End_Percent</ScreenID>
    <EQType>145</EQType>
    <Text>100</Text>
    <RelativePosition>true</RelativePosition>
    <Location>
      <X>80</X>
      <Y>42</Y>
    </Location>
    <Size>
      <CX>22</CX>
      <CY>12</CY>
    </Size>
    <Text>0</Text>
    <TextColor>
      <R>238</R>
      <G>242</G>
      <B>126</B>
    </TextColor>
    <NoWrap>true</NoWrap>
    <AlignCenter>false</AlignCenter>
    <AlignRight>false</AlignRight>
    <AlignLeft>true</AlignLeft>
    <Font>1</Font>
  </Label>
  <Label item="GW_Gauge2_Mana_Percent">
    <ScreenID>GW_Gauge2_Mana_Percent</ScreenID>
    <EQType>140</EQType>
    <Text>100</Text>
    <RelativePosition>true</RelativePosition>
    <Location>
      <X>80</X>
      <Y>52</Y>
    </Location>
    <Size>
      <CX>22</CX>
      <CY>12</CY>
    </Size>
    <Text>0</Text>
    <TextColor>
      <R>71</R>
      <G>159</G>
      <B>236</B>
    </TextColor>
    <NoWrap>true</NoWrap>
    <AlignCenter>false</AlignCenter>
    <AlignRight>false</AlignRight>
    <AlignLeft>true</AlignLeft>
    <Font>1</Font>
  </Label>
  <Gauge item="GW_PetGauge2">
    <ScreenID>PetGauge2</ScreenID>
    <TextOffsetY>-3</TextOffsetY>
    <GaugeOffsetY>10</GaugeOffsetY>
    <RelativePosition>true</RelativePosition>
    <FillTint>
      <R>200</R>
      <G>0</G>
      <B>0</B>
    </FillTint>
    <EQType>18</EQType>
    <GaugeDrawTemplate>
      <Fill>A_GaugeFill</Fill>
      <EndCapLeft>A_GaugeEndCapLeft</EndCapLeft>
      <EndCapRight>A_GaugeEndCapRight</EndCapRight>
      <Background>A_GaugeBackground</Background>
    </GaugeDrawTemplate>
    <AutoStretch>false</AutoStretch>
    <TopAnchorOffset>225</TopAnchorOffset>
    <BottomAnchorOffset>233</BottomAnchorOffset>
    <RightAnchorToLeft>false</RightAnchorToLeft>
    <LeftAnchorOffset>3</LeftAnchorOffset>
    <RightAnchorOffset>0</RightAnchorOffset>
    <GaugeOffsetX>-3</GaugeOffsetX>
    <Size>
      <CX>75</CX>
      <CY>19</CY>
    </Size>
    <Font>2</Font>
    <Location>
      <X>100</X>
      <Y>34</Y>
    </Location>
    <Text>Pet Name</Text>
    <TextColor>
      <B>255</B>
      <G>255</G>
      <R>255</R>
    </TextColor>
    <TextOffsetX>0</TextOffsetX>
  </Gauge>
  <Label item="GW_PM2_Pet_HP_Percent">
    <ScreenID>GW_PM2_Pet_HP_Percent</ScreenID>
    <EQType>41</EQType>
    <Text>100</Text>
    <RelativePosition>true</RelativePosition>
    <Location>
      <X>168</X>
      <Y>44</Y>
    </Location>
    <Size>
      <CX>22</CX>
      <CY>12</CY>
    </Size>
    <Text>0</Text>
    <TextColor>
      <R>0</R>
      <G>255</G>
      <B>0</B>
    </TextColor>
    <NoWrap>true</NoWrap>
    <AlignCenter>false</AlignCenter>
    <AlignRight>true</AlignRight>
    <AlignLeft>false</AlignLeft>
    <Font>1</Font>
  </Label>
<!--  <Label item="GW_PM2_Pet_HP_Percent_Label">
    <ScreenID>GW_PM2_Pet_HP_Percent_Label</ScreenID>
    <Font>1</Font>
    <Text>%</Text>
    <TextColor>
      <R>255</R>
      <G>255</G>
      <B>255</B>
    </TextColor>
    <Size>
      <CX>15</CX>
      <CY>12</CY>
    </Size>
    <AlignCenter>true</AlignCenter>
    <Location>
      <X>175</X>
      <Y>34</Y>
    </Location>
  </Label>-->
  <Gauge item="GW_ManaGauge2">
    <ScreenID>ManaGauge2</ScreenID>
    <TextOffsetY>-50</TextOffsetY>
    <GaugeOffsetY>-2</GaugeOffsetY>
    <RelativePosition>true</RelativePosition>
    <FillTint>
      <R>71</R>
      <G>159</G>
      <B>236</B>
      <Alpha>255</Alpha>
    </FillTint>
    <EQType>32</EQType>
    <GaugeDrawTemplate>
      <Fill>A_GaugeFill</Fill>
    </GaugeDrawTemplate>
    <AutoStretch>false</AutoStretch>
    <TopAnchorOffset>194</TopAnchorOffset>
    <BottomAnchorOffset>202</BottomAnchorOffset>
    <RightAnchorToLeft>false</RightAnchorToLeft>
    <LeftAnchorOffset>8</LeftAnchorOffset>
    <RightAnchorOffset>0</RightAnchorOffset>
    <Font>2</Font>
    <Size>
      <CX>72</CX>
      <CY>4</CY>
    </Size>
    <Location>
      <X>2</X>
      <Y>57</Y>
    </Location>
    <GaugeOffsetX>0</GaugeOffsetX>
  </Gauge>
  <Gauge item="GW_STAGauge2">
    <ScreenID>STAGauge2</ScreenID>
    <TextOffsetY>-50</TextOffsetY>
    <GaugeOffsetY>-2</GaugeOffsetY>
    <RelativePosition>true</RelativePosition>
    <FillTint>
      <R>200</R>
      <G>200</G>
      <B>0</B>
    </FillTint>
    <EQType>37</EQType>
    <GaugeDrawTemplate>
      <Fill>A_GaugeFill</Fill>
    </GaugeDrawTemplate>
    <AutoStretch>false</AutoStretch>
    <TopAnchorOffset>153</TopAnchorOffset>
    <BottomAnchorOffset>161</BottomAnchorOffset>
    <RightAnchorToLeft>false</RightAnchorToLeft>
    <LeftAnchorOffset>28</LeftAnchorOffset>
    <RightAnchorOffset>107</RightAnchorOffset>
    <GaugeOffsetX>0</GaugeOffsetX>
    <Font>2</Font>
    <Size>
      <CX>72</CX>
      <CY>4</CY>
    </Size>
    <Location>
      <X>2</X>
      <Y>53</Y>
    </Location>
  </Gauge>
  <Button item="GW_GroupRoleTank2">
    <ScreenID>GroupRoleTank2</ScreenID>
    <RelativePosition>true</RelativePosition>
    <Style_Transparent>false</Style_Transparent>
    <Style_Checkbox>false</Style_Checkbox>
    <Text>TANK</Text>
	<Font>1</Font>
    <TextColor>
      <R>255</R>
      <G>255</G>
      <B>255</B>
    </TextColor>
    <TopAnchorOffset>2</TopAnchorOffset>
    <BottomAnchorOffset>17</BottomAnchorOffset>
    <LeftAnchorOffset>60</LeftAnchorOffset>
    <RightAnchorOffset>45</RightAnchorOffset>
    <AutoStretch>false</AutoStretch>
    <LeftAnchorToLeft>false</LeftAnchorToLeft>
    <RightAnchorToLeft>false</RightAnchorToLeft>
    <Size>
      <CX>25</CX>
      <CY>11</CY>
    </Size>
    <Location>
      <X>97</X>
      <Y>52</Y>
    </Location>
  </Button>
  <Button item="GW_GroupRoleAssist2">
    <ScreenID>GroupRoleAssist2</ScreenID>
    <RelativePosition>true</RelativePosition>
    <Style_Transparent>false</Style_Transparent>
    <Style_Checkbox>false</Style_Checkbox>
    <Text>MA</Text>
	<Font>1</Font>
    <TextColor>
      <R>255</R>
      <G>255</G>
      <B>255</B>
    </TextColor>
    <TopAnchorOffset>2</TopAnchorOffset>
    <BottomAnchorOffset>17</BottomAnchorOffset>
    <LeftAnchorOffset>45</LeftAnchorOffset>
    <RightAnchorOffset>30</RightAnchorOffset>
    <AutoStretch>false</AutoStretch>
    <LeftAnchorToLeft>false</LeftAnchorToLeft>
    <RightAnchorToLeft>false</RightAnchorToLeft>
    <Size>
      <CX>15</CX>
      <CY>11</CY>
    </Size>
    <Location>
      <X>123</X>
      <Y>52</Y>
    </Location>
  </Button>
  <Button item="GW_GroupRolePuller2">
    <ScreenID>GroupRolePuller2</ScreenID>
    <RelativePosition>true</RelativePosition>
    <Style_Transparent>false</Style_Transparent>
    <Style_Checkbox>false</Style_Checkbox>
    <Text>PULL</Text>
	<Font>1</Font>
    <TextColor>
      <R>255</R>
      <G>255</G>
      <B>255</B>
    </TextColor>
    <LeftAnchorOffset>115</LeftAnchorOffset>
    <TopAnchorOffset>78</TopAnchorOffset>
    <RightAnchorOffset>106</RightAnchorOffset>
    <BottomAnchorOffset>93</BottomAnchorOffset>
    <AutoStretch>False</AutoStretch>
    <LeftAnchorToLeft>false</LeftAnchorToLeft>
    <RightAnchorToLeft>false</RightAnchorToLeft>
    <Size>
      <CX>23</CX>
      <CY>11</CY>
    </Size>
    <Location>
      <X>140</X>
      <Y>52</Y>
    </Location>
  </Button>
  <Button item="GW_GroupRoleMarkNPC2">
   <ScreenID>GroupRoleMarkNPC2</ScreenID>
    <RelativePosition>true</RelativePosition>
    <Style_Transparent>false</Style_Transparent>
    <Style_Checkbox>false</Style_Checkbox>
    <Text>MARK</Text>
	<Font>1</Font>
    <TextColor>
      <R>255</R>
      <G>255</G>
      <B>255</B>
    </TextColor>
    <TopAnchorOffset>54</TopAnchorOffset>
    <BottomAnchorOffset>61</BottomAnchorOffset>
    <RightAnchorOffset>45</RightAnchorOffset>
    <LeftAnchorOffset>60</LeftAnchorOffset>
    <AutoStretch>false</AutoStretch>
    <LeftAnchorToLeft>false</LeftAnchorToLeft>
    <RightAnchorToLeft>false</RightAnchorToLeft>
    <Size>
      <CX>26</CX>
      <CY>11</CY>
    </Size>
    <Location>
      <X>165</X>
      <Y>52</Y>
    </Location>
  </Button>
  <Gauge item="GW_Gauge3">
    <ScreenID>Gauge3</ScreenID>
    <Text>Party Member 3</Text>
    <TextColor>
      <R>240</R>
      <G>240</G>
      <B>240</B>
    </TextColor>
    <RelativePosition>true</RelativePosition>
    <Location>
      <X>2</X>
      <Y>66</Y>
    </Location>
    <Size>
      <CX>75</CX>
      <CY>19</CY>
    </Size>
    <TextOffsety>0</TextOffsety>
    <TextOffsetX>1</TextOffsetX>
    <GaugeOffsetY>10</GaugeOffsetY>
    <Style_VScroll>false</Style_VScroll>
    <Style_HScroll>false</Style_HScroll>
    <Style_Transparent>false</Style_Transparent>
    <FillTint>
      <R>200</R>
      <G>0</G>
      <B>0</B>
    </FillTint>
    <LinesFillTint>
      <R>220</R>
      <G>220</G>
      <B>0</B>
    </LinesFillTint>
    <DrawLinesFill>false</DrawLinesFill>
    <EQType>13</EQType>
    <GaugeDrawTemplate>
      <Background>A_GaugeBackground</Background>
      <Fill>A_GaugeFill</Fill>
      <Lines>A_GaugeLines</Lines>
      <LinesFill>A_GaugeLinesFill</LinesFill>
      <EndCapLeft>A_GaugeEndCapLeft</EndCapLeft>
      <EndCapRight>A_GaugeEndCapRight</EndCapRight>
    </GaugeDrawTemplate>
    <Font>2</Font>
    <GaugeOffsetX>-3</GaugeOffsetX>
    <TextOffsetY>-3</TextOffsetY>
  </Gauge>
  <Gauge item="GW_PetGauge3">
    <ScreenID>PetGauge3</ScreenID>
    <TextOffsetY>-3</TextOffsetY>
    <GaugeOffsetY>10</GaugeOffsetY>
    <RelativePosition>true</RelativePosition>
    <FillTint>
      <R>200</R>
      <G>0</G>
      <B>0</B>
    </FillTint>
    <EQType>19</EQType>
    <GaugeDrawTemplate>
      <Fill>A_GaugeFill</Fill>
      <EndCapLeft>A_GaugeEndCapLeft</EndCapLeft>
      <EndCapRight>A_GaugeEndCapRight</EndCapRight>
      <Background>A_GaugeBackground</Background>
    </GaugeDrawTemplate>
    <AutoStretch>false</AutoStretch>
    <TopAnchorOffset>225</TopAnchorOffset>
    <BottomAnchorOffset>233</BottomAnchorOffset>
    <RightAnchorToLeft>false</RightAnchorToLeft>
    <LeftAnchorOffset>3</LeftAnchorOffset>
    <RightAnchorOffset>0</RightAnchorOffset>
    <GaugeOffsetX>-3</GaugeOffsetX>
    <Size>
      <CX>75</CX>
      <CY>19</CY>
    </Size>
    <Font>2</Font>
    <Location>
      <X>100</X>
      <Y>66</Y>
    </Location>
    <Text>Pet Name</Text>
    <TextColor>
      <B>255</B>
      <G>255</G>
      <R>255</R>
    </TextColor>
    <TextOffsetX>0</TextOffsetX>
  </Gauge>
  <Label item="GW_PM3_Pet_HP_Percent">
    <ScreenID>GW_PM3_Pet_HP_Percent</ScreenID>
    <EQType>42</EQType>
    <Text>100</Text>
    <RelativePosition>true</RelativePosition>
    <Location>
      <X>168</X>
      <Y>75</Y>
    </Location>
    <Size>
      <CX>22</CX>
      <CY>12</CY>
    </Size>
    <Text>0</Text>
    <TextColor>
      <R>0</R>
      <G>255</G>
      <B>0</B>
    </TextColor>
    <NoWrap>true</NoWrap>
    <AlignCenter>false</AlignCenter>
    <AlignRight>true</AlignRight>
    <AlignLeft>false</AlignLeft>
    <Font>1</Font>
  </Label>
  <Label item="GW_PM3_Pet_HP_Percent_Label">
    <!--<ScreenID>GW_PM3_Pet_HP_Percent_Label</ScreenID>
    <Font>1</Font>
    <Text>%</Text>
    <TextColor>
      <R>255</R>
      <G>255</G>
      <B>255</B>
    </TextColor>
    <Size>
      <CX>15</CX>
      <CY>12</CY>
    </Size>
    <AlignCenter>true</AlignCenter>
    <Location>
      <X>175</X>
      <Y>66</Y>
    </Location>-->
  </Label>
  <Gauge item="GW_ManaGauge3">
    <ScreenID>ManaGauge3</ScreenID>
    <TextOffsetY>-50</TextOffsetY>
    <GaugeOffsetY>-2</GaugeOffsetY>
    <RelativePosition>true</RelativePosition>
    <FillTint>
      <R>71</R>
      <G>159</G>
      <B>236</B>
      <Alpha>255</Alpha>
    </FillTint>
    <EQType>33</EQType>
    <GaugeDrawTemplate>
      <Fill>A_GaugeFill</Fill>
    </GaugeDrawTemplate>
    <AutoStretch>false</AutoStretch>
    <TopAnchorOffset>194</TopAnchorOffset>
    <BottomAnchorOffset>202</BottomAnchorOffset>
    <RightAnchorToLeft>false</RightAnchorToLeft>
    <LeftAnchorOffset>8</LeftAnchorOffset>
    <RightAnchorOffset>0</RightAnchorOffset>
    <Font>2</Font>
    <Size>
      <CX>72</CX>
      <CY>4</CY>
    </Size>
    <Location>
      <X>2</X>
      <Y>89</Y>
    </Location>
    <GaugeOffsetX>0</GaugeOffsetX>
  </Gauge>
  <Gauge item="GW_STAGauge3">
    <ScreenID>STAGauge3</ScreenID>
    <TextOffsetY>-50</TextOffsetY>
    <GaugeOffsetY>-2</GaugeOffsetY>
    <RelativePosition>true</RelativePosition>
    <FillTint>
      <R>200</R>
      <G>200</G>
      <B>0</B>
    </FillTint>
    <EQType>38</EQType>
    <GaugeDrawTemplate>
      <Fill>A_GaugeFill</Fill>
    </GaugeDrawTemplate>
    <AutoStretch>false</AutoStretch>
    <TopAnchorOffset>153</TopAnchorOffset>
    <BottomAnchorOffset>161</BottomAnchorOffset>
    <RightAnchorToLeft>false</RightAnchorToLeft>
    <LeftAnchorOffset>28</LeftAnchorOffset>
    <RightAnchorOffset>107</RightAnchorOffset>
    <GaugeOffsetX>0</GaugeOffsetX>
    <Font>2</Font>
    <Size>
      <CX>72</CX>
      <CY>4</CY>
    </Size>
    <Location>
      <X>2</X>
      <Y>85</Y>
    </Location>
  </Gauge>
  <Label item="GW_Gauge3_Percent">
    <ScreenID>GW_Gauge3_Percent</ScreenID>
    <EQType>37</EQType>
    <Text>100</Text>
    <RelativePosition>true</RelativePosition>
    <Location>
      <X>80</X>
      <Y>65</Y>
    </Location>
    <Size>
      <CX>22</CX>
      <CY>12</CY>
    </Size>
    <Text>0</Text>
    <TextColor>
      <R>249</R>
      <G>73</G>
      <B>73</B>
    </TextColor>
    <NoWrap>true</NoWrap>
    <AlignCenter>false</AlignCenter>
    <AlignRight>false</AlignRight>
    <AlignLeft>true</AlignLeft>
    <Font>1</Font>
  </Label>  
  <Label item="GW_Gauge3_End_Percent">
    <ScreenID>GW_Gauge3_End_Percent</ScreenID>
    <EQType>146</EQType>
    <Text>100</Text>
    <RelativePosition>true</RelativePosition>
    <Location>
      <X>80</X>
      <Y>75</Y>
    </Location>
    <Size>
      <CX>22</CX>
      <CY>12</CY>
    </Size>
    <Text>0</Text>
    <TextColor>
      <R>238</R>
      <G>242</G>
      <B>126</B>
    </TextColor>
    <NoWrap>true</NoWrap>
    <AlignCenter>false</AlignCenter>
    <AlignRight>false</AlignRight>
    <AlignLeft>true</AlignLeft>
    <Font>1</Font>
  </Label>
  <Label item="GW_Gauge3_Mana_Percent">
    <ScreenID>GW_Gauge3_Mana_Percent</ScreenID>
    <EQType>141</EQType>
    <Text>100</Text>
    <RelativePosition>true</RelativePosition>
    <Location>
      <X>80</X>
      <Y>85</Y>
    </Location>
    <Size>
      <CX>22</CX>
      <CY>12</CY>
    </Size>
    <Text>0</Text>
    <TextColor>
      <R>71</R>
      <G>159</G>
      <B>236</B>
    </TextColor>
    <NoWrap>true</NoWrap>
    <AlignCenter>false</AlignCenter>
    <AlignRight>false</AlignRight>
    <AlignLeft>true</AlignLeft>
    <Font>1</Font>
  </Label>
    <Button item="GW_GroupRoleTank3">
    <ScreenID>GroupRoleTank3</ScreenID>
    <RelativePosition>true</RelativePosition>
    <Style_Transparent>false</Style_Transparent>
    <Style_Checkbox>false</Style_Checkbox>
    <Text>TANK</Text>
	<Font>1</Font>
    <TextColor>
      <R>255</R>
      <G>255</G>
      <B>255</B>
    </TextColor>
    <TopAnchorOffset>2</TopAnchorOffset>
    <BottomAnchorOffset>17</BottomAnchorOffset>
    <LeftAnchorOffset>60</LeftAnchorOffset>
    <RightAnchorOffset>45</RightAnchorOffset>
    <AutoStretch>false</AutoStretch>
    <LeftAnchorToLeft>false</LeftAnchorToLeft>
    <RightAnchorToLeft>false</RightAnchorToLeft>
    <Size>
      <CX>25</CX>
      <CY>11</CY>
    </Size>
    <Location>
      <X>97</X>
      <Y>85</Y>
    </Location>
  </Button>
  <Button item="GW_GroupRoleAssist3">
    <ScreenID>GroupRoleAssist3</ScreenID>
    <RelativePosition>true</RelativePosition>
    <Style_Transparent>false</Style_Transparent>
    <Style_Checkbox>false</Style_Checkbox>
    <Text>MA</Text>
	<Font>1</Font>
    <TextColor>
      <R>255</R>
      <G>255</G>
      <B>255</B>
    </TextColor>
    <TopAnchorOffset>2</TopAnchorOffset>
    <BottomAnchorOffset>17</BottomAnchorOffset>
    <LeftAnchorOffset>45</LeftAnchorOffset>
    <RightAnchorOffset>30</RightAnchorOffset>
    <AutoStretch>false</AutoStretch>
    <LeftAnchorToLeft>false</LeftAnchorToLeft>
    <RightAnchorToLeft>false</RightAnchorToLeft>
    <Size>
      <CX>15</CX>
      <CY>11</CY>
    </Size>
    <Location>
      <X>123</X>
      <Y>85</Y>
    </Location>
  </Button>
  <Button item="GW_GroupRolePuller3">
    <ScreenID>GroupRolePuller3</ScreenID>
    <RelativePosition>true</RelativePosition>
    <Style_Transparent>false</Style_Transparent>
    <Style_Checkbox>false</Style_Checkbox>
    <Text>PULL</Text>
	<Font>1</Font>
    <TextColor>
      <R>255</R>
      <G>255</G>
      <B>255</B>
    </TextColor>
    <LeftAnchorOffset>115</LeftAnchorOffset>
    <TopAnchorOffset>78</TopAnchorOffset>
    <RightAnchorOffset>106</RightAnchorOffset>
    <BottomAnchorOffset>93</BottomAnchorOffset>
    <AutoStretch>False</AutoStretch>
    <LeftAnchorToLeft>false</LeftAnchorToLeft>
    <RightAnchorToLeft>false</RightAnchorToLeft>
    <Size>
      <CX>23</CX>
      <CY>11</CY>
    </Size>
    <Location>
      <X>140</X>
      <Y>85</Y>
    </Location>
  </Button>
  <Button item="GW_GroupRoleMarkNPC3">
    <ScreenID>GroupRoleMarkNPC3</ScreenID>
    <RelativePosition>true</RelativePosition>
    <Style_Transparent>false</Style_Transparent>
    <Style_Checkbox>false</Style_Checkbox>
    <Text>MARK</Text>
	<Font>1</Font>
    <TextColor>
      <R>255</R>
      <G>255</G>
      <B>255</B>
    </TextColor>
    <TopAnchorOffset>86</TopAnchorOffset>
    <BottomAnchorOffset>93</BottomAnchorOffset>
    <RightAnchorOffset>45</RightAnchorOffset>
    <LeftAnchorOffset>60</LeftAnchorOffset>
    <AutoStretch>false</AutoStretch>
    <LeftAnchorToLeft>false</LeftAnchorToLeft>
    <RightAnchorToLeft>false</RightAnchorToLeft>
    <Size>
      <CX>26</CX>
      <CY>11</CY>
    </Size>
    <Location>
      <X>165</X>
      <Y>85</Y>
    </Location>
  </Button>
  <Gauge item="GW_Gauge4">
    <ScreenID>Gauge4</ScreenID>
    <Text>Party Member 4</Text>
    <TextColor>
      <R>240</R>
      <G>240</G>
      <B>240</B>
    </TextColor>
    <RelativePosition>true</RelativePosition>
    <Location>
      <X>2</X>
      <Y>98</Y>
    </Location>
    <Size>
      <CX>75</CX>
      <CY>19</CY>
    </Size>
    <TextOffsety>0</TextOffsety>
    <TextOffsetX>1</TextOffsetX>
    <GaugeOffsetY>10</GaugeOffsetY>
    <Style_VScroll>false</Style_VScroll>
    <Style_HScroll>false</Style_HScroll>
    <Style_Transparent>false</Style_Transparent>
    <FillTint>
      <R>200</R>
      <G>0</G>
      <B>0</B>
    </FillTint>
    <LinesFillTint>
      <R>220</R>
      <G>220</G>
      <B>0</B>
    </LinesFillTint>
    <DrawLinesFill>false</DrawLinesFill>
    <EQType>14</EQType>
    <GaugeDrawTemplate>
      <Background>A_GaugeBackground</Background>
      <Fill>A_GaugeFill</Fill>
      <Lines>A_GaugeLines</Lines>
      <LinesFill>A_GaugeLinesFill</LinesFill>
      <EndCapLeft>A_GaugeEndCapLeft</EndCapLeft>
      <EndCapRight>A_GaugeEndCapRight</EndCapRight>
    </GaugeDrawTemplate>
    <Font>2</Font>
    <GaugeOffsetX>-3</GaugeOffsetX>
    <TextOffsetY>-3</TextOffsetY>
  </Gauge>
  <Gauge item="GW_PetGauge4">
    <ScreenID>PetGauge4</ScreenID>
    <TextOffsetY>-3</TextOffsetY>
    <GaugeOffsetY>10</GaugeOffsetY>
    <RelativePosition>true</RelativePosition>
    <FillTint>
      <R>200</R>
      <G>0</G>
      <B>0</B>
    </FillTint>
    <EQType>20</EQType>
    <GaugeDrawTemplate>
      <Fill>A_GaugeFill</Fill>
      <EndCapLeft>A_GaugeEndCapLeft</EndCapLeft>
      <EndCapRight>A_GaugeEndCapRight</EndCapRight>
      <Background>A_GaugeBackground</Background>
    </GaugeDrawTemplate>
    <AutoStretch>false</AutoStretch>
    <TopAnchorOffset>225</TopAnchorOffset>
    <BottomAnchorOffset>233</BottomAnchorOffset>
    <RightAnchorToLeft>false</RightAnchorToLeft>
    <LeftAnchorOffset>3</LeftAnchorOffset>
    <RightAnchorOffset>0</RightAnchorOffset>
    <GaugeOffsetX>-3</GaugeOffsetX>
    <Size>
      <CX>75</CX>
      <CY>19</CY>
    </Size>
    <Font>2</Font>
    <Location>
      <X>100</X>
      <Y>98</Y>
    </Location>
    <Text>Pet Name</Text>
    <TextColor>
      <B>255</B>
      <G>255</G>
      <R>255</R>
    </TextColor>
    <TextOffsetX>0</TextOffsetX>
  </Gauge>
  <Label item="GW_PM4_Pet_HP_Percent">
    <ScreenID>GW_PM4_Pet_HP_Percent</ScreenID>
    <EQType>43</EQType>
    <Text>100</Text>
    <RelativePosition>true</RelativePosition>
    <Location>
      <X>168</X>
      <Y>106</Y>
    </Location>
    <Size>
      <CX>22</CX>
      <CY>12</CY>
    </Size>
    <Text>0</Text>
    <TextColor>
      <R>0</R>
      <G>255</G>
      <B>0</B>
    </TextColor>
    <NoWrap>true</NoWrap>
    <AlignCenter>false</AlignCenter>
    <AlignRight>true</AlignRight>
    <AlignLeft>false</AlignLeft>
    <Font>1</Font>
  </Label>
  <Label item="GW_PM4_Pet_HP_Percent_Label">
    <!--<ScreenID>GW_PM4_Pet_HP_Percent_Label</ScreenID>
    <Font>1</Font>
    <Text>%</Text>
    <TextColor>
      <R>255</R>
      <G>255</G>
      <B>255</B>
    </TextColor>
    <Size>
      <CX>15</CX>
      <CY>12</CY>
    </Size>
    <AlignCenter>true</AlignCenter>
    <Location>
      <X>175</X>
      <Y>98</Y>
    </Location>-->
  </Label>
  <Gauge item="GW_ManaGauge4">
    <ScreenID>ManaGauge4</ScreenID>
    <TextOffsetY>-50</TextOffsetY>
    <GaugeOffsetY>-2</GaugeOffsetY>
    <RelativePosition>true</RelativePosition>
    <FillTint>
      <R>71</R>
      <G>159</G>
      <B>236</B>
      <Alpha>255</Alpha>
    </FillTint>
    <EQType>34</EQType>
    <GaugeDrawTemplate>
      <Fill>A_GaugeFill</Fill>
    </GaugeDrawTemplate>
    <AutoStretch>false</AutoStretch>
    <TopAnchorOffset>194</TopAnchorOffset>
    <BottomAnchorOffset>202</BottomAnchorOffset>
    <RightAnchorToLeft>false</RightAnchorToLeft>
    <LeftAnchorOffset>8</LeftAnchorOffset>
    <RightAnchorOffset>0</RightAnchorOffset>
    <Font>2</Font>
    <Size>
      <CX>72</CX>
      <CY>4</CY>
    </Size>
    <Location>
      <X>2</X>
      <Y>121</Y>
    </Location>
    <GaugeOffsetX>0</GaugeOffsetX>
  </Gauge>
  <Gauge item="GW_STAGauge4">
    <ScreenID>STAGauge4</ScreenID>
    <TextOffsetY>-50</TextOffsetY>
    <GaugeOffsetY>-2</GaugeOffsetY>
    <RelativePosition>true</RelativePosition>
    <FillTint>
      <R>200</R>
      <G>200</G>
      <B>0</B>
    </FillTint>
    <EQType>39</EQType>
    <GaugeDrawTemplate>
      <Fill>A_GaugeFill</Fill>
    </GaugeDrawTemplate>
    <AutoStretch>false</AutoStretch>
    <TopAnchorOffset>153</TopAnchorOffset>
    <BottomAnchorOffset>161</BottomAnchorOffset>
    <RightAnchorToLeft>false</RightAnchorToLeft>
    <LeftAnchorOffset>28</LeftAnchorOffset>
    <RightAnchorOffset>107</RightAnchorOffset>
    <GaugeOffsetX>0</GaugeOffsetX>
    <Font>2</Font>
    <Size>
      <CX>72</CX>
      <CY>4</CY>
    </Size>
    <Location>
      <X>2</X>
      <Y>117</Y>
    </Location>
  </Gauge>
    <Label item="GW_Gauge4_Percent">
    <ScreenID>GW_Gauge4_Percent</ScreenID>
    <EQType>38</EQType>
    <Text>100</Text>
    <RelativePosition>true</RelativePosition>
    <Location>
      <X>80</X>
      <Y>96</Y>
    </Location>
    <Size>
      <CX>22</CX>
      <CY>12</CY>
    </Size>
    <Text>0</Text>
    <TextColor>
      <R>249</R>
      <G>73</G>
      <B>73</B>
    </TextColor>
    <NoWrap>true</NoWrap>
    <AlignCenter>false</AlignCenter>
    <AlignRight>false</AlignRight>
    <AlignLeft>true</AlignLeft>
    <Font>1</Font>
  </Label>  
  <Label item="GW_Gauge4_End_Percent">
    <ScreenID>GW_Gauge4_End_Percent</ScreenID>
    <EQType>147</EQType>
    <Text>100</Text>
    <RelativePosition>true</RelativePosition>
    <Location>
      <X>80</X>
      <Y>106</Y>
    </Location>
    <Size>
      <CX>22</CX>
      <CY>12</CY>
    </Size>
    <Text>0</Text>
    <TextColor>
      <R>238</R>
      <G>242</G>
      <B>126</B>
    </TextColor>
    <NoWrap>true</NoWrap>
    <AlignCenter>false</AlignCenter>
    <AlignRight>false</AlignRight>
    <AlignLeft>true</AlignLeft>
    <Font>1</Font>
  </Label>
  <Label item="GW_Gauge4_Mana_Percent">
    <ScreenID>GW_Gauge4_Mana_Percent</ScreenID>
    <EQType>142</EQType>
    <Text>100</Text>
    <RelativePosition>true</RelativePosition>
    <Location>
      <X>80</X>
      <Y>116</Y>
    </Location>
    <Size>
      <CX>22</CX>
      <CY>12</CY>
    </Size>
    <Text>0</Text>
    <TextColor>
      <R>71</R>
      <G>159</G>
      <B>236</B>
    </TextColor>
    <NoWrap>true</NoWrap>
    <AlignCenter>false</AlignCenter>
    <AlignRight>false</AlignRight>
    <AlignLeft>true</AlignLeft>
    <Font>1</Font>
  </Label>
  <Button item="GW_GroupRoleTank4">
    <ScreenID>GroupRoleTank4</ScreenID>
    <RelativePosition>true</RelativePosition>
    <Style_Transparent>false</Style_Transparent>
    <Style_Checkbox>false</Style_Checkbox>
    <Text>TANK</Text>
	<Font>1</Font>
    <TextColor>
      <R>255</R>
      <G>255</G>
      <B>255</B>
    </TextColor>
    <TopAnchorOffset>2</TopAnchorOffset>
    <BottomAnchorOffset>17</BottomAnchorOffset>
    <LeftAnchorOffset>60</LeftAnchorOffset>
    <RightAnchorOffset>45</RightAnchorOffset>
    <AutoStretch>false</AutoStretch>
    <LeftAnchorToLeft>false</LeftAnchorToLeft>
    <RightAnchorToLeft>false</RightAnchorToLeft>
    <Size>
      <CX>25</CX>
      <CY>11</CY>
    </Size>
    <Location>
      <X>97</X>
      <Y>116</Y>
    </Location>
  </Button>
  <Button item="GW_GroupRoleAssist4">
    <ScreenID>GroupRoleAssist4</ScreenID>
    <RelativePosition>true</RelativePosition>
    <Style_Transparent>false</Style_Transparent>
    <Style_Checkbox>false</Style_Checkbox>
    <Text>MA</Text>
	<Font>1</Font>
    <TextColor>
      <R>255</R>
      <G>255</G>
      <B>255</B>
    </TextColor>
    <TopAnchorOffset>2</TopAnchorOffset>
    <BottomAnchorOffset>17</BottomAnchorOffset>
    <LeftAnchorOffset>45</LeftAnchorOffset>
    <RightAnchorOffset>30</RightAnchorOffset>
    <AutoStretch>false</AutoStretch>
    <LeftAnchorToLeft>false</LeftAnchorToLeft>
    <RightAnchorToLeft>false</RightAnchorToLeft>
    <Size>
      <CX>15</CX>
      <CY>11</CY>
    </Size>
    <Location>
      <X>123</X>
      <Y>116</Y>
    </Location>
  </Button>
  <Button item="GW_GroupRolePuller4">
    <ScreenID>GroupRolePuller4</ScreenID>
    <RelativePosition>true</RelativePosition>
    <Style_Transparent>false</Style_Transparent>
    <Style_Checkbox>false</Style_Checkbox>
    <Text>PULL</Text>
	<Font>1</Font>
    <TextColor>
      <R>255</R>
      <G>255</G>
      <B>255</B>
    </TextColor>
    <LeftAnchorOffset>115</LeftAnchorOffset>
    <TopAnchorOffset>78</TopAnchorOffset>
    <RightAnchorOffset>106</RightAnchorOffset>
    <BottomAnchorOffset>93</BottomAnchorOffset>
    <AutoStretch>False</AutoStretch>
    <LeftAnchorToLeft>false</LeftAnchorToLeft>
    <RightAnchorToLeft>false</RightAnchorToLeft>
    <Size>
      <CX>23</CX>
      <CY>11</CY>
    </Size>
    <Location>
      <X>140</X>
      <Y>116</Y>
    </Location>
  </Button>
  <Button item="GW_GroupRoleMarkNPC4">
    <ScreenID>GroupRoleMarkNPC4</ScreenID>
    <RelativePosition>true</RelativePosition>
    <Style_Transparent>false</Style_Transparent>
    <Style_Checkbox>false</Style_Checkbox>
    <Text>MARK</Text>
	<Font>1</Font>
    <TextColor>
      <R>255</R>
      <G>255</G>
      <B>255</B>
    </TextColor>
    <TopAnchorOffset>118</TopAnchorOffset>
    <BottomAnchorOffset>125</BottomAnchorOffset>
    <RightAnchorOffset>45</RightAnchorOffset>
    <LeftAnchorOffset>60</LeftAnchorOffset>
    <AutoStretch>false</AutoStretch>
    <LeftAnchorToLeft>false</LeftAnchorToLeft>
    <RightAnchorToLeft>false</RightAnchorToLeft>
    <Size>
      <CX>26</CX>
      <CY>11</CY>
    </Size>
    <Location>
      <X>165</X>
      <Y>116</Y>
    </Location>
  </Button>
  <Gauge item="GW_Gauge5">
    <ScreenID>Gauge5</ScreenID>
    <Text>Party Member 5</Text>
    <TextColor>
      <R>240</R>
      <G>240</G>
      <B>240</B>
    </TextColor>
    <RelativePosition>true</RelativePosition>
    <Location>
      <X>2</X>
      <Y>130</Y>
    </Location>
    <Size>
      <CX>75</CX>
      <CY>19</CY>
    </Size>
    <TextOffsety>0</TextOffsety>
    <TextOffsetX>1</TextOffsetX>
    <GaugeOffsetY>10</GaugeOffsetY>
    <Style_VScroll>false</Style_VScroll>
    <Style_HScroll>false</Style_HScroll>
    <Style_Transparent>false</Style_Transparent>
    <FillTint>
      <R>200</R>
      <G>0</G>
      <B>0</B>
    </FillTint>
    <LinesFillTint>
      <R>220</R>
      <G>220</G>
      <B>0</B>
    </LinesFillTint>
    <DrawLinesFill>false</DrawLinesFill>
    <EQType>15</EQType>
    <GaugeDrawTemplate>
      <Background>A_GaugeBackground</Background>
      <Fill>A_GaugeFill</Fill>
      <Lines>A_GaugeLines</Lines>
      <LinesFill>A_GaugeLinesFill</LinesFill>
      <EndCapLeft>A_GaugeEndCapLeft</EndCapLeft>
      <EndCapRight>A_GaugeEndCapRight</EndCapRight>
    </GaugeDrawTemplate>
    <Font>2</Font>
    <GaugeOffsetX>-3</GaugeOffsetX>
    <TextOffsetY>-3</TextOffsetY>
  </Gauge>
  <Gauge item="GW_PetGauge5">
    <ScreenID>PetGauge5</ScreenID>
    <TextOffsetY>-3</TextOffsetY>
    <GaugeOffsetY>10</GaugeOffsetY>
    <RelativePosition>true</RelativePosition>
    <FillTint>
      <R>200</R>
      <G>0</G>
      <B>0</B>
    </FillTint>
    <EQType>21</EQType>
    <GaugeDrawTemplate>
      <Fill>A_GaugeFill</Fill>
      <EndCapLeft>A_GaugeEndCapLeft</EndCapLeft>
      <EndCapRight>A_GaugeEndCapRight</EndCapRight>
      <Background>A_GaugeBackground</Background>
    </GaugeDrawTemplate>
    <AutoStretch>false</AutoStretch>
    <TopAnchorOffset>225</TopAnchorOffset>
    <BottomAnchorOffset>233</BottomAnchorOffset>
    <RightAnchorToLeft>false</RightAnchorToLeft>
    <LeftAnchorOffset>3</LeftAnchorOffset>
    <RightAnchorOffset>0</RightAnchorOffset>
    <GaugeOffsetX>-3</GaugeOffsetX>
    <Size>
      <CX>75</CX>
      <CY>19</CY>
    </Size>
    <Font>2</Font>
    <Location>
      <X>100</X>
      <Y>130</Y>
    </Location>
    <Text>Pet Name</Text>
    <TextColor>
      <B>255</B>
      <G>255</G>
      <R>255</R>
    </TextColor>
    <TextOffsetX>0</TextOffsetX>
  </Gauge>
  <Label item="GW_PM5_Pet_HP_Percent">
    <ScreenID>GW_PM5_Pet_HP_Percent</ScreenID>
    <EQType>44</EQType>
    <Text>100</Text>
    <RelativePosition>true</RelativePosition>
    <Location>
      <X>168</X>
      <Y>139</Y>
    </Location>
    <Size>
      <CX>22</CX>
      <CY>12</CY>
    </Size>
    <Text>0</Text>
    <TextColor>
      <R>0</R>
      <G>255</G>
      <B>0</B>
    </TextColor>
    <NoWrap>true</NoWrap>
    <AlignCenter>false</AlignCenter>
    <AlignRight>true</AlignRight>
    <AlignLeft>false</AlignLeft>
    <Font>1</Font>
  </Label>
  <Label item="GW_PM5_Pet_HP_Percent_Label">
    <!--<ScreenID>GW_PM5_Pet_HP_Percent_Label</ScreenID>
    <Font>1</Font>
    <Text>%</Text>
    <TextColor>
      <R>255</R>
      <G>255</G>
      <B>255</B>
    </TextColor>
    <Size>
      <CX>15</CX>
      <CY>12</CY>
    </Size>
    <AlignCenter>true</AlignCenter>
    <Location>
      <X>175</X>
      <Y>130</Y>
    </Location>-->
  </Label>
  <Gauge item="GW_ManaGauge5">
    <ScreenID>ManaGauge5</ScreenID>
    <TextOffsetY>-50</TextOffsetY>
    <GaugeOffsetY>-2</GaugeOffsetY>
    <RelativePosition>true</RelativePosition>
    <FillTint>
      <R>71</R>
      <G>159</G>
      <B>236</B>
      <Alpha>255</Alpha>
    </FillTint>
    <EQType>35</EQType>
    <GaugeDrawTemplate>
      <Fill>A_GaugeFill</Fill>
    </GaugeDrawTemplate>
    <AutoStretch>false</AutoStretch>
    <TopAnchorOffset>194</TopAnchorOffset>
    <BottomAnchorOffset>202</BottomAnchorOffset>
    <RightAnchorToLeft>false</RightAnchorToLeft>
    <LeftAnchorOffset>8</LeftAnchorOffset>
    <RightAnchorOffset>0</RightAnchorOffset>
    <Font>2</Font>
    <Size>
      <CX>72</CX>
      <CY>4</CY>
    </Size>
    <Location>
      <X>2</X>
      <Y>153</Y>
    </Location>
    <GaugeOffsetX>0</GaugeOffsetX>
  </Gauge>
  <Gauge item="GW_STAGauge5">
    <ScreenID>STAGauge5</ScreenID>
    <TextOffsetY>-50</TextOffsetY>
    <GaugeOffsetY>-2</GaugeOffsetY>
    <RelativePosition>true</RelativePosition>
    <FillTint>
      <R>200</R>
      <G>200</G>
      <B>0</B>
    </FillTint>
    <EQType>40</EQType>
    <GaugeDrawTemplate>
      <Fill>A_GaugeFill</Fill>
    </GaugeDrawTemplate>
    <AutoStretch>false</AutoStretch>
    <TopAnchorOffset>153</TopAnchorOffset>
    <BottomAnchorOffset>161</BottomAnchorOffset>
    <RightAnchorToLeft>false</RightAnchorToLeft>
    <LeftAnchorOffset>28</LeftAnchorOffset>
    <RightAnchorOffset>107</RightAnchorOffset>
    <GaugeOffsetX>0</GaugeOffsetX>
    <Font>2</Font>
    <Size>
      <CX>72</CX>
      <CY>4</CY>
    </Size>
    <Location>
      <X>2</X>
      <Y>149</Y>
    </Location>
  </Gauge>
    <Label item="GW_Gauge5_Percent">
    <ScreenID>GW_Gauge5_Percent</ScreenID>
    <EQType>39</EQType>
    <Text>100</Text>
    <RelativePosition>true</RelativePosition>
    <Location>
      <X>80</X>
      <Y>128</Y>
    </Location>
    <Size>
      <CX>22</CX>
      <CY>12</CY>
    </Size>
    <Text>0</Text>
    <TextColor>
      <R>249</R>
      <G>73</G>
      <B>73</B>
    </TextColor>
    <NoWrap>true</NoWrap>
    <AlignCenter>false</AlignCenter>
    <AlignRight>false</AlignRight>
    <AlignLeft>true</AlignLeft>
    <Font>1</Font>
  </Label>  
  <Label item="GW_Gauge5_End_Percent">
    <ScreenID>GW_Gauge5_End_Percent</ScreenID>
    <EQType>148</EQType>
    <Text>100</Text>
    <RelativePosition>true</RelativePosition>
    <Location>
      <X>80</X>
      <Y>138</Y>
    </Location>
    <Size>
      <CX>22</CX>
      <CY>12</CY>
    </Size>
    <Text>0</Text>
    <TextColor>
      <R>238</R>
      <G>242</G>
      <B>126</B>
    </TextColor>
    <NoWrap>true</NoWrap>
    <AlignCenter>false</AlignCenter>
    <AlignRight>false</AlignRight>
    <AlignLeft>true</AlignLeft>
    <Font>1</Font>
  </Label>
  <Label item="GW_Gauge5_Mana_Percent">
    <ScreenID>GW_Gauge5_Mana_Percent</ScreenID>
    <EQType>143</EQType>
    <Text>100</Text>
    <RelativePosition>true</RelativePosition>
    <Location>
      <X>80</X>
      <Y>148</Y>
    </Location>
    <Size>
      <CX>22</CX>
      <CY>12</CY>
    </Size>
    <Text>0</Text>
    <TextColor>
      <R>71</R>
      <G>159</G>
      <B>236</B>
    </TextColor>
    <NoWrap>true</NoWrap>
    <AlignCenter>false</AlignCenter>
    <AlignRight>false</AlignRight>
    <AlignLeft>true</AlignLeft>
    <Font>1</Font>
  </Label>
  <Button item="GW_GroupRoleTank5">
    <ScreenID>GroupRoleTank5</ScreenID>
    <RelativePosition>true</RelativePosition>
    <Style_Transparent>false</Style_Transparent>
    <Style_Checkbox>false</Style_Checkbox>
    <Text>TANK</Text>
	<Font>1</Font>
    <TextColor>
      <R>255</R>
      <G>255</G>
      <B>255</B>
    </TextColor>
    <TopAnchorOffset>2</TopAnchorOffset>
    <BottomAnchorOffset>17</BottomAnchorOffset>
    <LeftAnchorOffset>60</LeftAnchorOffset>
    <RightAnchorOffset>45</RightAnchorOffset>
    <AutoStretch>false</AutoStretch>
    <LeftAnchorToLeft>false</LeftAnchorToLeft>
    <RightAnchorToLeft>false</RightAnchorToLeft>
    <Size>
      <CX>25</CX>
      <CY>11</CY>
    </Size>
    <Location>
      <X>97</X>
      <Y>148</Y>
    </Location>
  </Button>
  <Button item="GW_GroupRoleAssist5">
    <ScreenID>GroupRoleAssist5</ScreenID>
    <RelativePosition>true</RelativePosition>
    <Style_Transparent>false</Style_Transparent>
    <Style_Checkbox>false</Style_Checkbox>
    <Text>MA</Text>
	<Font>1</Font>
    <TextColor>
      <R>255</R>
      <G>255</G>
      <B>255</B>
    </TextColor>
    <TopAnchorOffset>2</TopAnchorOffset>
    <BottomAnchorOffset>17</BottomAnchorOffset>
    <LeftAnchorOffset>45</LeftAnchorOffset>
    <RightAnchorOffset>30</RightAnchorOffset>
    <AutoStretch>false</AutoStretch>
    <LeftAnchorToLeft>false</LeftAnchorToLeft>
    <RightAnchorToLeft>false</RightAnchorToLeft>
    <Size>
      <CX>15</CX>
      <CY>11</CY>
    </Size>
    <Location>
      <X>123</X>
      <Y>148</Y>
    </Location>
  </Button>
  <Button item="GW_GroupRolePuller5">
    <ScreenID>GroupRolePuller5</ScreenID>
    <RelativePosition>true</RelativePosition>
    <Style_Transparent>false</Style_Transparent>
    <Style_Checkbox>false</Style_Checkbox>
    <Text>PULL</Text>
	<Font>1</Font>
    <TextColor>
      <R>255</R>
      <G>255</G>
      <B>255</B>
    </TextColor>
    <LeftAnchorOffset>115</LeftAnchorOffset>
    <TopAnchorOffset>78</TopAnchorOffset>
    <RightAnchorOffset>106</RightAnchorOffset>
    <BottomAnchorOffset>93</BottomAnchorOffset>
    <AutoStretch>False</AutoStretch>
    <LeftAnchorToLeft>false</LeftAnchorToLeft>
    <RightAnchorToLeft>false</RightAnchorToLeft>
    <Size>
      <CX>23</CX>
      <CY>11</CY>
    </Size>
    <Location>
      <X>140</X>
      <Y>148</Y>
    </Location>
  </Button>
  <Button item="GW_GroupRoleMarkNPC5">
    <ScreenID>GroupRoleMarkNPC5</ScreenID>
    <RelativePosition>true</RelativePosition>
    <Style_Transparent>false</Style_Transparent>
    <Style_Checkbox>false</Style_Checkbox>
    <Text>MARK</Text>
	<Font>1</Font>
    <TextColor>
      <R>255</R>
      <G>255</G>
      <B>255</B>
    </TextColor>
    <TopAnchorOffset>150</TopAnchorOffset>
    <BottomAnchorOffset>157</BottomAnchorOffset>
    <RightAnchorOffset>45</RightAnchorOffset>
    <LeftAnchorOffset>60</LeftAnchorOffset>
    <AutoStretch>false</AutoStretch>
    <LeftAnchorToLeft>false</LeftAnchorToLeft>
    <RightAnchorToLeft>false</RightAnchorToLeft>
    <Size>
      <CX>26</CX>
      <CY>11</CY>
    </Size>
    <Location>
      <X>165</X>
      <Y>148</Y>
    </Location>
  </Button>
  <Button item="GW_LFGButton">
    <ScreenID>LFGButton</ScreenID>
    <RelativePosition>true</RelativePosition>
    <Location>
      <X>126</X>
      <Y>116</Y>
    </Location>
    <Size>
      <CX>1</CX>
      <CY>1</CY>
    </Size>
    <Style_Checkbox>false</Style_Checkbox>
    <ButtonDrawTemplate />
  </Button>
  <Button item="GW_Voice1">
    <EQType>voicechat/GroupActivityButton 0</EQType>
    <RelativePosition>true</RelativePosition>
    <Style_Transparent>false</Style_Transparent>
    <Style_Checkbox>false</Style_Checkbox>
    <ButtonDrawTemplate>
      <Normal>A_Speaker</Normal>
    </ButtonDrawTemplate>
    <AutoStretch>false</AutoStretch>
    <TopAnchorOffset>2</TopAnchorOffset>
    <BottomAnchorOffset>17</BottomAnchorOffset>
    <LeftAnchorOffset>15</LeftAnchorOffset>
    <LeftAnchorToLeft>false</LeftAnchorToLeft>
    <RightAnchorToLeft>false</RightAnchorToLeft>
    <DecalSize>
      <CX>15</CX>
      <CY>15</CY>
    </DecalSize>
    <Size>
      <CX>8</CX>
      <CY>9</CY>
    </Size>
    <Location>
      <X>190</X>
      <Y>21</Y>
    </Location>
    <Font>2</Font>
  </Button>
  <Button item="GW_Voice2">
    <EQType>voicechat/GroupActivityButton 1</EQType>
    <RelativePosition>true</RelativePosition>
    <Style_Transparent>false</Style_Transparent>
    <Style_Checkbox>false</Style_Checkbox>
    <ButtonDrawTemplate>
      <Normal>A_Speaker</Normal>
    </ButtonDrawTemplate>
    <AutoStretch>false</AutoStretch>
    <TopAnchorOffset>2</TopAnchorOffset>
    <BottomAnchorOffset>17</BottomAnchorOffset>
    <LeftAnchorOffset>15</LeftAnchorOffset>
    <LeftAnchorToLeft>false</LeftAnchorToLeft>
    <RightAnchorToLeft>false</RightAnchorToLeft>
    <DecalSize>
      <CX>15</CX>
      <CY>15</CY>
    </DecalSize>
    <Size>
      <CX>8</CX>
      <CY>9</CY>
    </Size>
    <Location>
      <X>190</X>
      <Y>53</Y>
    </Location>
    <Font>2</Font>
  </Button>
  <Button item="GW_Voice3">
    <EQType>voicechat/GroupActivityButton 2</EQType>
    <RelativePosition>true</RelativePosition>
    <Style_Transparent>false</Style_Transparent>
    <Style_Checkbox>false</Style_Checkbox>
    <ButtonDrawTemplate>
      <Normal>A_Speaker</Normal>
    </ButtonDrawTemplate>
    <AutoStretch>false</AutoStretch>
    <TopAnchorOffset>2</TopAnchorOffset>
    <BottomAnchorOffset>17</BottomAnchorOffset>
    <LeftAnchorOffset>15</LeftAnchorOffset>
    <LeftAnchorToLeft>false</LeftAnchorToLeft>
    <RightAnchorToLeft>false</RightAnchorToLeft>
    <DecalSize>
      <CX>15</CX>
      <CY>15</CY>
    </DecalSize>
    <Size>
      <CX>8</CX>
      <CY>9</CY>
    </Size>
    <Location>
      <X>190</X>
      <Y>85</Y>
    </Location>
    <Font>2</Font>
  </Button>
  <Button item="GW_Voice4">
    <EQType>voicechat/GroupActivityButton 3</EQType>
    <RelativePosition>true</RelativePosition>
    <Style_Transparent>false</Style_Transparent>
    <Style_Checkbox>false</Style_Checkbox>
    <ButtonDrawTemplate>
      <Normal>A_Speaker</Normal>
    </ButtonDrawTemplate>
    <AutoStretch>false</AutoStretch>
    <TopAnchorOffset>2</TopAnchorOffset>
    <BottomAnchorOffset>17</BottomAnchorOffset>
    <LeftAnchorOffset>15</LeftAnchorOffset>
    <LeftAnchorToLeft>false</LeftAnchorToLeft>
    <RightAnchorToLeft>false</RightAnchorToLeft>
    <DecalSize>
      <CX>15</CX>
      <CY>15</CY>
    </DecalSize>
    <Size>
      <CX>8</CX>
      <CY>9</CY>
    </Size>
    <Location>
      <X>190</X>
      <Y>117</Y>
    </Location>
    <Font>2</Font>
  </Button>
  <Button item="GW_Voice5">
    <EQType>voicechat/GroupActivityButton 4</EQType>
    <RelativePosition>true</RelativePosition>
    <Style_Transparent>false</Style_Transparent>
    <Style_Checkbox>false</Style_Checkbox>
    <ButtonDrawTemplate>
      <Normal>A_Speaker</Normal>
    </ButtonDrawTemplate>
    <AutoStretch>false</AutoStretch>
    <TopAnchorOffset>2</TopAnchorOffset>
    <BottomAnchorOffset>17</BottomAnchorOffset>
    <LeftAnchorOffset>15</LeftAnchorOffset>
    <LeftAnchorToLeft>false</LeftAnchorToLeft>
    <RightAnchorToLeft>false</RightAnchorToLeft>
    <DecalSize>
      <CX>15</CX>
      <CY>15</CY>
    </DecalSize>
    <Size>
      <CX>8</CX>
      <CY>9</CY>
    </Size>
    <Location>
      <X>200</X>
      <Y>149</Y>
    </Location>
    <Font>2</Font>
  </Button>
  <Label item="GW_AggroPctPlayer1">
    <ScreenID>GW_AggroPctPlayer1</ScreenID>
    <Font>2</Font>
    <RelativePosition>true</RelativePosition>
    <Text>100</Text>
    <TextColor>
      <R>255</R>
      <G>255</G>
      <B>255</B>
    </TextColor>
    <Size>
      <CX>19</CX>
      <CY>15</CY>
    </Size>
    <AlignCenter>false</AlignCenter>
    <Location>
      <X>76</X>
      <Y>14</Y>
    </Location>
    <EQType>309</EQType>
    <AlignRight>true</AlignRight>
  </Label>
  <Label item="GW_AggroPctPlayer2">
    <ScreenID>GW_AggroPctPlayer2</ScreenID>
    <Font>2</Font>
    <RelativePosition>true</RelativePosition>
    <Text>100</Text>
    <TextColor>
      <R>255</R>
      <G>255</G>
      <B>255</B>
    </TextColor>
    <Size>
      <CX>19</CX>
      <CY>15</CY>
    </Size>
    <AlignCenter>false</AlignCenter>
    <Location>
      <X>76</X>
      <Y>46</Y>
    </Location>
    <EQType>310</EQType>
    <AlignRight>true</AlignRight>
  </Label>
  <Label item="GW_AggroPctPlayer3">
    <ScreenID>GW_AggroPctPlayer3</ScreenID>
    <Font>2</Font>
    <RelativePosition>true</RelativePosition>
    <Text>100</Text>
    <TextColor>
      <R>255</R>
      <G>255</G>
      <B>255</B>
    </TextColor>
    <Size>
      <CX>19</CX>
      <CY>15</CY>
    </Size>
    <AlignCenter>false</AlignCenter>
    <Location>
      <X>76</X>
      <Y>77</Y>
    </Location>
    <EQType>311</EQType>
    <AlignRight>true</AlignRight>
  </Label>
  <Label item="GW_AggroPctPlayer4">
    <ScreenID>GW_AggroPctPlayer4</ScreenID>
    <Font>2</Font>
    <RelativePosition>true</RelativePosition>
    <Text>100</Text>
    <TextColor>
      <R>255</R>
      <G>255</G>
      <B>255</B>
    </TextColor>
    <Size>
      <CX>19</CX>
      <CY>15</CY>
    </Size>
    <AlignCenter>false</AlignCenter>
    <Location>
      <X>76</X>
      <Y>110</Y>
    </Location>
    <EQType>312</EQType>
    <AlignRight>true</AlignRight>
  </Label>
  <Label item="GW_AggroPctPlayer5">
    <ScreenID>GW_AggroPctPlayer5</ScreenID>
    <Font>2</Font>
    <RelativePosition>true</RelativePosition>
    <Text>100</Text>
    <TextColor>
      <R>255</R>
      <G>255</G>
      <B>255</B>
    </TextColor>
    <Size>
      <CX>19</CX>
      <CY>15</CY>
    </Size>
    <AlignCenter>false</AlignCenter>
    <Location>
      <X>76</X>
      <Y>142</Y>
    </Location>
    <EQType>313</EQType>
    <AlignRight>true</AlignRight>
  </Label>
  <Screen item="GroupWindow">
    <ScreenID />
    <RelativePosition>false</RelativePosition>
    <Location>
      <X>200</X>
      <Y>200</Y>
    </Location>
    <Size>
      <CX>200</CX>
      <CY>213</CY>
    </Size>
    <Text>Group</Text>
    <Style_VScroll>false</Style_VScroll>
    <Style_HScroll>false</Style_HScroll>
    <Style_Transparent>false</Style_Transparent>
    <Style_Titlebar>False</Style_Titlebar>
    <Style_Closebox>false</Style_Closebox>
    <Style_Minimizebox>false</Style_Minimizebox>
    <Style_Border>true</Style_Border>
    <Style_Sizable>False</Style_Sizable>
    <DrawTemplate>WDT_RoundedNoTitle</DrawTemplate>
    <Pieces>GW_AggroPctPlayer1</Pieces>
    <Pieces>GW_AggroPctPlayer2</Pieces>
    <Pieces>GW_AggroPctPlayer3</Pieces>
    <Pieces>GW_AggroPctPlayer4</Pieces>
    <Pieces>GW_AggroPctPlayer5</Pieces>
    <Pieces>GW_Gauge1</Pieces>
    <Pieces>GW_Gauge2</Pieces>
    <Pieces>GW_Gauge3</Pieces>
    <Pieces>GW_Gauge4</Pieces>
    <Pieces>GW_Gauge5</Pieces>
    <Pieces>GW_Gauge1_Percent</Pieces>
    <Pieces>GW_Gauge2_Percent</Pieces>
	<Pieces>GW_Gauge3_Percent</Pieces>
	<Pieces>GW_Gauge4_Percent</Pieces>
	<Pieces>GW_Gauge5_Percent</Pieces>
    <Pieces>GW_PetGauge1</Pieces>
    <Pieces>GW_PetGauge2</Pieces>
    <Pieces>GW_PetGauge3</Pieces>
    <Pieces>GW_PetGauge4</Pieces>
    <Pieces>GW_PetGauge5</Pieces>
    <Pieces>GW_ManaGauge1</Pieces>
    <Pieces>GW_ManaGauge2</Pieces>
    <Pieces>GW_ManaGauge3</Pieces>
    <Pieces>GW_ManaGauge4</Pieces>
    <Pieces>GW_ManaGauge5</Pieces>
	<Pieces>GW_Gauge1_Mana_Percent</Pieces>
	<Pieces>GW_Gauge2_Mana_Percent</Pieces>
	<Pieces>GW_Gauge3_Mana_Percent</Pieces>
	<Pieces>GW_Gauge4_Mana_Percent</Pieces>
	<Pieces>GW_Gauge5_Mana_Percent</Pieces>
    <Pieces>GW_STAGauge1</Pieces>
    <Pieces>GW_STAGauge2</Pieces>
    <Pieces>GW_STAGauge3</Pieces>
    <Pieces>GW_STAGauge4</Pieces>
    <Pieces>GW_STAGauge5</Pieces>
	<Pieces>GW_Gauge1_End_Percent</Pieces>
    <Pieces>GW_Gauge2_End_Percent</Pieces>
    <Pieces>GW_Gauge3_End_Percent</Pieces>
    <Pieces>GW_Gauge4_End_Percent</Pieces>
    <Pieces>GW_Gauge5_End_Percent</Pieces>
    <Pieces>GW_PM1_Pet_HP_Percent</Pieces>
    <Pieces>GW_PM2_Pet_HP_Percent</Pieces>
    <Pieces>GW_PM3_Pet_HP_Percent</Pieces>
    <Pieces>GW_PM4_Pet_HP_Percent</Pieces>
    <Pieces>GW_PM5_Pet_HP_Percent</Pieces>
    <!--<Pieces>GW_PM1_Pet_HP_Percent_Label</Pieces>-->
    <!--<Pieces>GW_PM2_Pet_HP_Percent_Label</Pieces>-->
    <!--<Pieces>GW_PM3_Pet_HP_Percent_Label</Pieces>-->
    <!--<Pieces>GW_PM4_Pet_HP_Percent_Label</Pieces>-->
    <Pieces>GW_PM5_Pet_HP_Percent_Label</Pieces>
    <Pieces>GW_LFGButton</Pieces>
    <Pieces>GW_Voice1</Pieces>
    <Pieces>GW_Voice2</Pieces>
    <Pieces>GW_Voice3</Pieces>
    <Pieces>GW_Voice4</Pieces>
    <Pieces>GW_Voice5</Pieces>
    <Pieces>GW_GroupRoleTank1</Pieces>
    <Pieces>GW_GroupRoleAssist1</Pieces>
    <Pieces>GW_GroupRolePuller1</Pieces>
    <Pieces>GW_GroupRoleMarkNPC1</Pieces>
    <Pieces>GW_GroupRoleTank2</Pieces>
    <Pieces>GW_GroupRoleAssist2</Pieces>
    <Pieces>GW_GroupRolePuller2</Pieces>
    <Pieces>GW_GroupRoleMarkNPC2</Pieces>
    <Pieces>GW_GroupRoleTank3</Pieces>
    <Pieces>GW_GroupRoleAssist3</Pieces>
    <Pieces>GW_GroupRolePuller3</Pieces>
    <Pieces>GW_GroupRoleMarkNPC3</Pieces>
    <Pieces>GW_GroupRoleTank4</Pieces>
    <Pieces>GW_GroupRoleAssist4</Pieces>
    <Pieces>GW_GroupRolePuller4</Pieces>
    <Pieces>GW_GroupRoleMarkNPC4</Pieces>
    <Pieces>GW_GroupRoleTank5</Pieces>
    <Pieces>GW_GroupRoleAssist5</Pieces>
    <Pieces>GW_GroupRolePuller5</Pieces>
    <Pieces>GW_GroupRoleMarkNPC5</Pieces>
    <Pieces>GW_InviteButton</Pieces>
    <Pieces>GW_DisbandButton</Pieces>
    <Pieces>GW_FollowButton</Pieces>
    <Pieces>GW_DeclineButton</Pieces>
    <Pieces>GW_Inv_Seperator1</Pieces>
    <Pieces>GW_Inv_Seperator3</Pieces>
    <Pieces>GW_Inv_Seperator4</Pieces>
    <Pieces>GW_Inv_Seperator5</Pieces>
    <Pieces>GW_Inv_Seperator6</Pieces>
    <Pieces>GW_Player_Level</Pieces>
    <Pieces>GW_Player_ExpGauge</Pieces>
    <Pieces>GW_Player_Exp</Pieces>
    <Pieces>GW_Player_Exp_Percent_Label</Pieces>
    <Pieces>GW_Player_AltExpGauge</Pieces>
    <Pieces>GW_Player_AAExp</Pieces>
    <Pieces>GW_AAWindow</Pieces>
    <Pieces>GW_UnspentAA_Label</Pieces>
    <Pieces>GW_UnspentAA_Total</Pieces>
    <Pieces>GW_Player_AAExp_Percent</Pieces>
    <Font>2</Font>
  </Screen>
</XML>