<?xml version = "1.11"?>
<XML ID = "EQInterfaceDefinitionLanguage">
	<Schema xmlns = "EverQuestData" xmlns:dt = "EverQuestDataTypes"/>

<!-- Modified by Heartz in 2011 -->

	<Ui2DAnimation item = "SDBW_Mine_ClearNine">
		<Cycle>false</Cycle>
		<Frames>
			<Texture>window_pieces05.tga</Texture>
			<Location>
				<X>38</X>
				<Y>234</Y>
			</Location>
			<Size>
				<CX>4</CX>
				<CY>9</CY>
			</Size>
		</Frames>
	</Ui2DAnimation>

	<WindowDrawTemplate item = "WDT_SDBW_SDTinyBuffs">
		<VSBTemplate></VSBTemplate>
		<HSBTemplate></HSBTemplate>
		<CloseBox></CloseBox>
		<QMarkBox></QMarkBox>
		<MinimizeBox></MinimizeBox>
		<MaximizeBox></MaximizeBox>
		<TileBox></TileBox>
		<Border>
			<OverlapLeft>0</OverlapLeft>
			<OverlapTop>9</OverlapTop>
			<OverlapRight>0</OverlapRight>
			<OverlapBottom>0</OverlapBottom>
		</Border>
		<Titlebar>
			<Right>SDBW_Mine_ClearNine</Right>
			<Left>SDBW_Mine_ClearNine</Left>
			<Middle>SDBW_Mine_ClearNine</Middle>
			<OverlapLeft>0</OverlapLeft>
			<OverlapTop>0</OverlapTop>
			<OverlapRight>0</OverlapRight>
			<OverlapBottom>0</OverlapBottom>
		</Titlebar>
	</WindowDrawTemplate>


	<Label item ="SDBW_Buff0_Place">
		<ScreenID>SDBuff0Place</ScreenID>
		<Font>1</Font>
		<RelativePosition>true</RelativePosition>
		<Location>
			<X>2</X>
			<Y>1</Y>
		</Location>
		<Size>
			<CX>10</CX>
			<CY>10</CY>
		</Size>
		<Text>1</Text>
		<TextColor>
			<R>0</R>
			<G>128</G>
			<B>128</B>
		</TextColor>
		<NoWrap>true</NoWrap>
		<AlignCenter>true</AlignCenter>
		<AlignRight>false</AlignRight>
	</Label>

	<Label item ="SDBW_Buff1_Place">
		<ScreenID>SDBuff1Place</ScreenID>
		<Font>1</Font>
		<RelativePosition>true</RelativePosition>
		<Location>
			<X>2</X>
			<Y>14</Y>
		</Location>
		<Size>
			<CX>10</CX>
			<CY>10</CY>
		</Size>
		<Text>2</Text>
		<TextColor>
			<R>0</R>
			<G>128</G>
			<B>128</B>
		</TextColor>
		<NoWrap>true</NoWrap>
		<AlignCenter>true</AlignCenter>
		<AlignRight>false</AlignRight>
	</Label>

	<Label item ="SDBW_Buff2_Place">
		<ScreenID>SDBuff2Place</ScreenID>
		<Font>1</Font>
		<RelativePosition>true</RelativePosition>
		<Location>
			<X>2</X>
			<Y>27</Y>
		</Location>
		<Size>
			<CX>10</CX>
			<CY>10</CY>
		</Size>
		<Text>3</Text>
		<TextColor>
			<R>0</R>
			<G>128</G>
			<B>128</B>
		</TextColor>
		<NoWrap>true</NoWrap>
		<AlignCenter>true</AlignCenter>
		<AlignRight>false</AlignRight>
	</Label>

	<Label item ="SDBW_Buff3_Place">
		<ScreenID>SDBuff3Place</ScreenID>
		<Font>1</Font>
		<RelativePosition>true</RelativePosition>
		<Location>
			<X>2</X>
			<Y>40</Y>
		</Location>
		<Size>
			<CX>10</CX>
			<CY>10</CY>
		</Size>
		<Text>4</Text>
		<TextColor>
			<R>0</R>
			<G>128</G>
			<B>128</B>
		</TextColor>
		<NoWrap>true</NoWrap>
		<AlignCenter>true</AlignCenter>
		<AlignRight>false</AlignRight>
	</Label>

	<Label item ="SDBW_Buff4_Place">
		<ScreenID>SDBuff4Place</ScreenID>
		<Font>1</Font>
		<RelativePosition>true</RelativePosition>
		<Location>
			<X>2</X>
			<Y>53</Y>
		</Location>
		<Size>
			<CX>10</CX>
			<CY>10</CY>
		</Size>
		<Text>5</Text>
		<TextColor>
			<R>0</R>
			<G>128</G>
			<B>128</B>
		</TextColor>
		<NoWrap>true</NoWrap>
		<AlignCenter>true</AlignCenter>
		<AlignRight>false</AlignRight>
	</Label>

	<Label item ="SDBW_Buff5_Place">
		<ScreenID>SDBuff5Place</ScreenID>
		<Font>1</Font>
		<RelativePosition>true</RelativePosition>
		<Location>
			<X>2</X>
			<Y>66</Y>
		</Location>
		<Size>
			<CX>10</CX>
			<CY>10</CY>
		</Size>
		<Text>6</Text>
		<TextColor>
			<R>0</R>
			<G>128</G>
			<B>128</B>
		</TextColor>
		<NoWrap>true</NoWrap>
		<AlignCenter>true</AlignCenter>
		<AlignRight>false</AlignRight>
	</Label>

	<Label item ="SDBW_Buff6_Place">
		<ScreenID>SDBuff6Place</ScreenID>
		<Font>1</Font>
		<RelativePosition>true</RelativePosition>
		<Location>
			<X>2</X>
			<Y>79</Y>
		</Location>
		<Size>
			<CX>10</CX>
			<CY>10</CY>
		</Size>
		<Text>7</Text>
		<TextColor>
			<R>0</R>
			<G>128</G>
			<B>128</B>
		</TextColor>
		<NoWrap>true</NoWrap>
		<AlignCenter>true</AlignCenter>
		<AlignRight>false</AlignRight>
	</Label>

	<Label item ="SDBW_Buff7_Place">
		<ScreenID>SDBuff7Place</ScreenID>
		<Font>1</Font>
		<RelativePosition>true</RelativePosition>
		<Location>
			<X>2</X>
			<Y>92</Y>
		</Location>
		<Size>
			<CX>10</CX>
			<CY>10</CY>
		</Size>
		<Text>8</Text>
		<TextColor>
			<R>0</R>
			<G>128</G>
			<B>128</B>
		</TextColor>
		<NoWrap>true</NoWrap>
		<AlignCenter>true</AlignCenter>
		<AlignRight>false</AlignRight>
	</Label>

	<Label item ="SDBW_Buff8_Place">
		<ScreenID>SDBuff8Place</ScreenID>
		<Font>1</Font>
		<RelativePosition>true</RelativePosition>
		<Location>
			<X>2</X>
			<Y>105</Y>
		</Location>
		<Size>
			<CX>10</CX>
			<CY>10</CY>
		</Size>
		<Text>9</Text>
		<TextColor>
			<R>0</R>
			<G>128</G>
			<B>128</B>
		</TextColor>
		<NoWrap>true</NoWrap>
		<AlignCenter>true</AlignCenter>
		<AlignRight>false</AlignRight>
	</Label>

	<Label item ="SDBW_Buff9_Place">
		<ScreenID>SDBuff9Place</ScreenID>
		<Font>1</Font>
		<RelativePosition>true</RelativePosition>
		<Location>
			<X>2</X>
			<Y>118</Y>
		</Location>
		<Size>
			<CX>10</CX>
			<CY>10</CY>
		</Size>
		<Text>10</Text>
		<TextColor>
			<R>0</R>
			<G>128</G>
			<B>128</B>
		</TextColor>
		<NoWrap>true</NoWrap>
		<AlignCenter>true</AlignCenter>
		<AlignRight>false</AlignRight>
	</Label>

	<Label item ="SDBW_Buff10_Place">
		<ScreenID>SDBuff10Place</ScreenID>
		<Font>1</Font>
		<RelativePosition>true</RelativePosition>
		<Location>
			<X>2</X>
			<Y>131</Y>
		</Location>
		<Size>
			<CX>10</CX>
			<CY>10</CY>
		</Size>
		<Text>11</Text>
		<TextColor>
			<R>0</R>
			<G>128</G>
			<B>128</B>
		</TextColor>
		<NoWrap>true</NoWrap>
		<AlignCenter>true</AlignCenter>
		<AlignRight>false</AlignRight>
	</Label>

	<Label item ="SDBW_Buff11_Place">
		<ScreenID>SDBuff11Place</ScreenID>
		<Font>1</Font>
		<RelativePosition>true</RelativePosition>
		<Location>
			<X>2</X>
			<Y>144</Y>
		</Location>
		<Size>
			<CX>10</CX>
			<CY>10</CY>
		</Size>
		<Text>12</Text>
		<TextColor>
			<R>0</R>
			<G>128</G>
			<B>128</B>
		</TextColor>
		<NoWrap>true</NoWrap>
		<AlignCenter>true</AlignCenter>
		<AlignRight>false</AlignRight>
	</Label>

	<Label item ="SDBW_Buff12_Place">
		<ScreenID>SDBuff12Place</ScreenID>
		<Font>1</Font>
		<RelativePosition>true</RelativePosition>
		<Location>
			<X>2</X>
			<Y>157</Y>
		</Location>
		<Size>
			<CX>10</CX>
			<CY>10</CY>
		</Size>
		<Text>13</Text>
		<TextColor>
			<R>0</R>
			<G>128</G>
			<B>128</B>
		</TextColor>
		<NoWrap>true</NoWrap>
		<AlignCenter>true</AlignCenter>
		<AlignRight>false</AlignRight>
	</Label>

	<Label item ="SDBW_Buff13_Place">
		<ScreenID>SDBuff13Place</ScreenID>
		<Font>1</Font>
		<RelativePosition>true</RelativePosition>
		<Location>
			<X>2</X>
			<Y>170</Y>
		</Location>
		<Size>
			<CX>10</CX>
			<CY>10</CY>
		</Size>
		<Text>14</Text>
		<TextColor>
			<R>0</R>
			<G>128</G>
			<B>128</B>
		</TextColor>
		<NoWrap>true</NoWrap>
		<AlignCenter>true</AlignCenter>
		<AlignRight>false</AlignRight>
	</Label>

	<Label item ="SDBW_Buff14_Place">
		<ScreenID>SDBuff14Place</ScreenID>
		<Font>1</Font>
		<RelativePosition>true</RelativePosition>
		<Location>
			<X>2</X>
			<Y>183</Y>
		</Location>
		<Size>
			<CX>10</CX>
			<CY>10</CY>
		</Size>
		<Text>15</Text>
		<TextColor>
			<R>0</R>
			<G>128</G>
			<B>128</B>
		</TextColor>
		<NoWrap>true</NoWrap>
		<AlignCenter>true</AlignCenter>
		<AlignRight>false</AlignRight>
	</Label>

	<Label item ="SDBW_Buff15_Place">
		<ScreenID>SDBuff15Place</ScreenID>
		<Font>1</Font>
		<RelativePosition>true</RelativePosition>
		<Location>
			<X>2</X>
			<Y>196</Y>
		</Location>
		<Size>
			<CX>10</CX>
			<CY>10</CY>
		</Size>
		<Text>16</Text>
		<TextColor>
			<R>0</R>
			<G>128</G>
			<B>128</B>
		</TextColor>
		<NoWrap>true</NoWrap>
		<AlignCenter>true</AlignCenter>
		<AlignRight>false</AlignRight>
	</Label>

	<Label item ="SDBW_Buff16_Place">
		<ScreenID>SDBuff16Place</ScreenID>
		<Font>1</Font>
		<RelativePosition>true</RelativePosition>
		<Location>
			<X>2</X>
			<Y>209</Y>
		</Location>
		<Size>
			<CX>10</CX>
			<CY>10</CY>
		</Size>
		<Text>17</Text>
		<TextColor>
			<R>0</R>
			<G>128</G>
			<B>128</B>
		</TextColor>
		<NoWrap>true</NoWrap>
		<AlignCenter>true</AlignCenter>
		<AlignRight>false</AlignRight>
	</Label>

	<Label item ="SDBW_Buff17_Place">
		<ScreenID>SDBuff17Place</ScreenID>
		<Font>1</Font>
		<RelativePosition>true</RelativePosition>
		<Location>
			<X>2</X>
			<Y>222</Y>
		</Location>
		<Size>
			<CX>10</CX>
			<CY>10</CY>
		</Size>
		<Text>18</Text>
		<TextColor>
			<R>0</R>
			<G>128</G>
			<B>128</B>
		</TextColor>
		<NoWrap>true</NoWrap>
		<AlignCenter>true</AlignCenter>
		<AlignRight>false</AlignRight>
	</Label>

	<Label item ="SDBW_Buff18_Place">
		<ScreenID>SDBuff18Place</ScreenID>
		<Font>1</Font>
		<RelativePosition>true</RelativePosition>
		<Location>
			<X>2</X>
			<Y>235</Y>
		</Location>
		<Size>
			<CX>10</CX>
			<CY>10</CY>
		</Size>
		<Text>19</Text>
		<TextColor>
			<R>0</R>
			<G>128</G>
			<B>128</B>
		</TextColor>
		<NoWrap>true</NoWrap>
		<AlignCenter>true</AlignCenter>
		<AlignRight>false</AlignRight>
	</Label>

	<Label item ="SDBW_Buff19_Place">
		<ScreenID>SDBuff19Place</ScreenID>
		<Font>1</Font>
		<RelativePosition>true</RelativePosition>
		<Location>
			<X>2</X>
			<Y>248</Y>
		</Location>
		<Size>
			<CX>10</CX>
			<CY>10</CY>
		</Size>
		<Text>20</Text>
		<TextColor>
			<R>0</R>
			<G>128</G>
			<B>128</B>
		</TextColor>
		<NoWrap>true</NoWrap>
		<AlignCenter>true</AlignCenter>
		<AlignRight>false</AlignRight>
	</Label>


	<Button item = "SDBW_Buff0_Button">
		<ScreenID>Buff0</ScreenID>
		<Font>2</Font>
		<RelativePosition>true</RelativePosition>
		<Size>
			<CX>33</CX>
			<CY>13</CY>
		</Size>
		<Style_VScroll>false</Style_VScroll>
		<Style_HScroll>false</Style_HScroll>
		<Style_Transparent>false</Style_Transparent>
		<Style_Checkbox>false</Style_Checkbox>
		<ButtonDrawTemplate>
			<Normal>BlueIconBackground</Normal>
			<NormalDecal>BuffIcons</NormalDecal>
		</ButtonDrawTemplate>
		<!--  
			<SoundPressed/>
			<SoundUp/>
			<SoundFlyby/>
		-->
		<DecalOffset>
			<X>0</X>
			<Y>0</Y>
		</DecalOffset>
		<DecalSize>
			<CX>13</CX>
			<CY>13</CY>
		</DecalSize>
	</Button>

	<Button item = "SDBW_Buff1_Button">
		<ScreenID>Buff1</ScreenID>
		<Font>2</Font>
		<RelativePosition>true</RelativePosition>
		<Size>
			<CX>33</CX>
			<CY>13</CY>
		</Size>
		<Style_VScroll>false</Style_VScroll>
		<Style_HScroll>false</Style_HScroll>
		<Style_Transparent>false</Style_Transparent>
		<Style_Checkbox>false</Style_Checkbox>
		<ButtonDrawTemplate>
			<Normal>BlueIconBackground</Normal>
			<NormalDecal>BuffIcons</NormalDecal>
		</ButtonDrawTemplate>
		<!--  		
			<SoundPressed/>
			<SoundUp/>
			<SoundFlyby/>
		-->
		<DecalOffset>
			<X>0</X>
			<Y>0</Y>
		</DecalOffset>
		<DecalSize>
			<CX>13</CX>
			<CY>13</CY>
		</DecalSize>
	</Button>

	<Button item = "SDBW_Buff2_Button">
		<ScreenID>Buff2</ScreenID>
		<Font>2</Font>
		<RelativePosition>true</RelativePosition>
		<Size>
			<CX>33</CX>
			<CY>13</CY>
		</Size>
		<Style_VScroll>false</Style_VScroll>
		<Style_HScroll>false</Style_HScroll>
		<Style_Transparent>false</Style_Transparent>
		<Style_Checkbox>false</Style_Checkbox>
		<ButtonDrawTemplate>
			<Normal>BlueIconBackground</Normal>
			<NormalDecal>BuffIcons</NormalDecal>
		</ButtonDrawTemplate>
		<!--  
			<SoundPressed/>
			<SoundUp/>
			<SoundFlyby/>
		-->
		<DecalOffset>
			<X>0</X>
			<Y>0</Y>
		</DecalOffset>
		<DecalSize>
			<CX>13</CX>
			<CY>13</CY>
		</DecalSize>
	</Button>

	<Button item = "SDBW_Buff3_Button">
		<ScreenID>Buff3</ScreenID>
		<Font>2</Font>
		<RelativePosition>true</RelativePosition>
		<Size>
			<CX>33</CX>
			<CY>13</CY>
		</Size>
		<Style_VScroll>false</Style_VScroll>
		<Style_HScroll>false</Style_HScroll>
		<Style_Transparent>false</Style_Transparent>
		<Style_Checkbox>false</Style_Checkbox>
		<ButtonDrawTemplate>
			<Normal>BlueIconBackground</Normal>
			<NormalDecal>BuffIcons</NormalDecal>
		</ButtonDrawTemplate>
		<!-- Default and not used		
			<SoundPressed/>
			<SoundUp/>
			<SoundFlyby/>
		-->
		<DecalOffset>
			<X>0</X>
			<Y>0</Y>
		</DecalOffset>
		<DecalSize>
			<CX>13</CX>
			<CY>13</CY>
		</DecalSize>
	</Button>

	<Button item = "SDBW_Buff4_Button">
		<ScreenID>Buff4</ScreenID>
		<Font>2</Font>
		<RelativePosition>true</RelativePosition>
		<Size>
			<CX>33</CX>
			<CY>13</CY>
		</Size>
		<Style_VScroll>false</Style_VScroll>
		<Style_HScroll>false</Style_HScroll>
		<Style_Transparent>false</Style_Transparent>
		<Style_Checkbox>false</Style_Checkbox>
		<ButtonDrawTemplate>
			<Normal>BlueIconBackground</Normal>
			<NormalDecal>BuffIcons</NormalDecal>
		</ButtonDrawTemplate>
		<!--Default
			<SoundPressed/>
			<SoundUp/>
			<SoundFlyby/>
		-->
		<DecalOffset>
			<X>0</X>
			<Y>0</Y>
		</DecalOffset>
		<DecalSize>
			<CX>13</CX>
			<CY>13</CY>
		</DecalSize>
	</Button>

	<Button item = "SDBW_Buff5_Button">
		<ScreenID>Buff5</ScreenID>
		<Font>2</Font>
		<RelativePosition>true</RelativePosition>
		<Size>
			<CX>33</CX>
			<CY>13</CY>
		</Size>
		<Style_VScroll>false</Style_VScroll>
		<Style_HScroll>false</Style_HScroll>
		<Style_Transparent>false</Style_Transparent>
		<Style_Checkbox>false</Style_Checkbox>
		<ButtonDrawTemplate>
			<Normal>BlueIconBackground</Normal>
			<NormalDecal>BuffIcons</NormalDecal>
		</ButtonDrawTemplate>
		<!-- 
			<SoundPressed/>
			<SoundUp/>
			<SoundFlyby/>
		-->
		<DecalOffset>
			<X>0</X>
			<Y>0</Y>
		</DecalOffset>
		<DecalSize>
			<CX>13</CX>
			<CY>13</CY>
		</DecalSize>
	</Button>

	<Button item = "SDBW_Buff6_Button">
		<ScreenID>Buff6</ScreenID>
		<Font>2</Font>
		<RelativePosition>true</RelativePosition>
		<Size>
			<CX>33</CX>
			<CY>13</CY>
		</Size>
		<Style_VScroll>false</Style_VScroll>
		<Style_HScroll>false</Style_HScroll>
		<Style_Transparent>false</Style_Transparent>
		<Style_Checkbox>false</Style_Checkbox>
		<ButtonDrawTemplate>
			<Normal>BlueIconBackground</Normal>
			<NormalDecal>BuffIcons</NormalDecal>
		</ButtonDrawTemplate>
		<!-- 
			<SoundPressed/>
			<SoundUp/>
			<SoundFlyby/>
		-->
		<DecalOffset>
			<X>0</X>
			<Y>0</Y>
		</DecalOffset>
		<DecalSize>
			<CX>13</CX>
			<CY>13</CY>
		</DecalSize>
	</Button>

	<Button item = "SDBW_Buff7_Button">
		<ScreenID>Buff7</ScreenID>
		<Font>2</Font>
		<RelativePosition>true</RelativePosition>
		<Size>
			<CX>33</CX>
			<CY>13</CY>
		</Size>
		<Style_VScroll>false</Style_VScroll>
		<Style_HScroll>false</Style_HScroll>
		<Style_Transparent>false</Style_Transparent>
		<Style_Checkbox>false</Style_Checkbox>
		<ButtonDrawTemplate>
			<Normal>BlueIconBackground</Normal>
			<NormalDecal>BuffIcons</NormalDecal>
		</ButtonDrawTemplate>
		<!-- 
			<SoundPressed/>
			<SoundUp/>
			<SoundFlyby/>
		-->
		<DecalOffset>
			<X>0</X>
			<Y>0</Y>
		</DecalOffset>
		<DecalSize>
			<CX>13</CX>
			<CY>13</CY>
		</DecalSize>
	</Button>

	<Button item = "SDBW_Buff8_Button">
		<ScreenID>Buff8</ScreenID>
		<Font>2</Font>
		<RelativePosition>true</RelativePosition>
		<Size>
			<CX>33</CX>
			<CY>13</CY>
		</Size>
		<Style_VScroll>false</Style_VScroll>
		<Style_HScroll>false</Style_HScroll>
		<Style_Transparent>false</Style_Transparent>
		<Style_Checkbox>false</Style_Checkbox>
		<ButtonDrawTemplate>
			<Normal>BlueIconBackground</Normal>
			<NormalDecal>BuffIcons</NormalDecal>
		</ButtonDrawTemplate>
		<!-- 
			<SoundPressed/>
			<SoundUp/>
			<SoundFlyby/>
		-->
		<DecalOffset>
			<X>0</X>
			<Y>0</Y>
		</DecalOffset>
		<DecalSize>
			<CX>13</CX>
			<CY>13</CY>
		</DecalSize>
	</Button>

	<Button item = "SDBW_Buff9_Button">
		<ScreenID>Buff9</ScreenID>
		<Font>2</Font>
		<RelativePosition>true</RelativePosition>
		<Size>
			<CX>33</CX>
			<CY>13</CY>
		</Size>
		<Style_VScroll>false</Style_VScroll>
		<Style_HScroll>false</Style_HScroll>
		<Style_Transparent>false</Style_Transparent>
		<Style_Checkbox>false</Style_Checkbox>
		<ButtonDrawTemplate>
			<Normal>BlueIconBackground</Normal>
			<NormalDecal>BuffIcons</NormalDecal>
		</ButtonDrawTemplate>
		<!-- 
			<SoundPressed/>
			<SoundUp/>
			<SoundFlyby/>
		-->
		<DecalOffset>
			<X>0</X>
			<Y>0</Y>
		</DecalOffset>
		<DecalSize>
			<CX>13</CX>
			<CY>13</CY>
		</DecalSize>
	</Button>

	<Button item = "SDBW_Buff10_Button">
		<ScreenID>Buff10</ScreenID>
		<Font>2</Font>
		<RelativePosition>true</RelativePosition>
		<Size>
			<CX>33</CX>
			<CY>13</CY>
		</Size>
		<Style_VScroll>false</Style_VScroll>
		<Style_HScroll>false</Style_HScroll>
		<Style_Transparent>false</Style_Transparent>
		<Style_Checkbox>false</Style_Checkbox>
		<ButtonDrawTemplate>
			<Normal>BlueIconBackground</Normal>
			<NormalDecal>BuffIcons</NormalDecal>
		</ButtonDrawTemplate>
		<!-- 
			<SoundPressed/>
			<SoundUp/>
			<SoundFlyby/>
		-->
		<DecalOffset>
			<X>0</X>
			<Y>0</Y>
		</DecalOffset>
		<DecalSize>
			<CX>13</CX>
			<CY>13</CY>
		</DecalSize>
	</Button>

	<Button item = "SDBW_Buff11_Button">
		<ScreenID>Buff11</ScreenID>
		<Font>2</Font>
		<RelativePosition>true</RelativePosition>
		<Size>
			<CX>33</CX>
			<CY>13</CY>
		</Size>
		<Style_VScroll>false</Style_VScroll>
		<Style_HScroll>false</Style_HScroll>
		<Style_Transparent>false</Style_Transparent>
		<Style_Checkbox>false</Style_Checkbox>
		<ButtonDrawTemplate>
			<Normal>BlueIconBackground</Normal>
			<NormalDecal>BuffIcons</NormalDecal>
		</ButtonDrawTemplate>
		<!-- 
			<SoundPressed/>
			<SoundUp/>
			<SoundFlyby/>
		-->
		<DecalOffset>
			<X>0</X>
			<Y>0</Y>
		</DecalOffset>
		<DecalSize>
			<CX>13</CX>
			<CY>13</CY>
		</DecalSize>
	</Button>

	<Button item = "SDBW_Buff12_Button">
		<ScreenID>Buff12</ScreenID>
		<Font>2</Font>
		<RelativePosition>true</RelativePosition>
		<Size>
			<CX>33</CX>
			<CY>13</CY>
		</Size>
		<Style_VScroll>false</Style_VScroll>
		<Style_HScroll>false</Style_HScroll>
		<Style_Transparent>false</Style_Transparent>
		<Style_Checkbox>false</Style_Checkbox>
		<ButtonDrawTemplate>
			<Normal>BlueIconBackground</Normal>
			<NormalDecal>BuffIcons</NormalDecal>
		</ButtonDrawTemplate>
		<!-- 
			<SoundPressed/>
			<SoundUp/>
			<SoundFlyby/>
		-->
		<DecalOffset>
			<X>0</X>
			<Y>0</Y>
		</DecalOffset>
		<DecalSize>
			<CX>13</CX>
			<CY>13</CY>
		</DecalSize>
	</Button>

	<Button item = "SDBW_Buff13_Button">
		<ScreenID>Buff13</ScreenID>
		<Font>2</Font>
		<RelativePosition>true</RelativePosition>
		<Size>
			<CX>33</CX>
			<CY>13</CY>
		</Size>
		<Style_VScroll>false</Style_VScroll>
		<Style_HScroll>false</Style_HScroll>
		<Style_Transparent>false</Style_Transparent>
		<Style_Checkbox>false</Style_Checkbox>
		<ButtonDrawTemplate>
			<Normal>BlueIconBackground</Normal>
			<NormalDecal>BuffIcons</NormalDecal>
		</ButtonDrawTemplate>
		<!-- 
			<SoundPressed/>
			<SoundUp/>
			<SoundFlyby/>
		-->
		<DecalOffset>
			<X>0</X>
			<Y>0</Y>
		</DecalOffset>
		<DecalSize>
			<CX>13</CX>
			<CY>13</CY>
		</DecalSize>
	</Button>

	<Button item = "SDBW_Buff14_Button">
		<ScreenID>Buff14</ScreenID>
		<Font>2</Font>
		<RelativePosition>true</RelativePosition>
		<Size>
			<CX>33</CX>
			<CY>13</CY>
		</Size>
		<Style_VScroll>false</Style_VScroll>
		<Style_HScroll>false</Style_HScroll>
		<Style_Transparent>false</Style_Transparent>
		<Style_Checkbox>false</Style_Checkbox>
		<ButtonDrawTemplate>
			<Normal>BlueIconBackground</Normal>
			<NormalDecal>BuffIcons</NormalDecal>
		</ButtonDrawTemplate>
		<!-- 
			<SoundPressed/>
			<SoundUp/>
			<SoundFlyby/>
		-->
		<DecalOffset>
			<X>0</X>
			<Y>0</Y>
		</DecalOffset>
		<DecalSize>
			<CX>13</CX>
			<CY>13</CY>
		</DecalSize>
	</Button>

	<Button item = "SDBW_Buff15_Button">
		<ScreenID>Buff15</ScreenID>
		<Font>2</Font>
		<RelativePosition>true</RelativePosition>
		<Size>
			<CX>33</CX>
			<CY>13</CY>
		</Size>
		<Style_VScroll>false</Style_VScroll>
		<Style_HScroll>false</Style_HScroll>
		<Style_Transparent>false</Style_Transparent>
		<Style_Checkbox>false</Style_Checkbox>
		<ButtonDrawTemplate>
			<Normal>BlueIconBackground</Normal>
			<NormalDecal>BuffIcons</NormalDecal>
		</ButtonDrawTemplate>
		<!-- 
			<SoundPressed/>
			<SoundUp/>
			<SoundFlyby/>
		-->
		<DecalOffset>
			<X>0</X>
			<Y>0</Y>
		</DecalOffset>
		<DecalSize>
			<CX>13</CX>
			<CY>13</CY>
		</DecalSize>
	</Button>

	<Button item = "SDBW_Buff16_Button">
		<ScreenID>Buff16</ScreenID>
		<Font>2</Font>
		<RelativePosition>true</RelativePosition>
		<Size>
			<CX>33</CX>
			<CY>13</CY>
		</Size>
		<Style_VScroll>false</Style_VScroll>
		<Style_HScroll>false</Style_HScroll>
		<Style_Transparent>false</Style_Transparent>
		<Style_Checkbox>false</Style_Checkbox>
		<ButtonDrawTemplate>
			<Normal>BlueIconBackground</Normal>
			<NormalDecal>BuffIcons</NormalDecal>
		</ButtonDrawTemplate>
		<!-- 
			<SoundPressed/>
			<SoundUp/>
			<SoundFlyby/>
		-->
		<DecalOffset>
			<X>0</X>
			<Y>0</Y>
		</DecalOffset>
		<DecalSize>
			<CX>13</CX>
			<CY>13</CY>
		</DecalSize>
	</Button>

	<Button item = "SDBW_Buff17_Button">
		<ScreenID>Buff17</ScreenID>
		<Font>2</Font>
		<RelativePosition>true</RelativePosition>
		<Size>
			<CX>33</CX>
			<CY>13</CY>
		</Size>
		<Style_VScroll>false</Style_VScroll>
		<Style_HScroll>false</Style_HScroll>
		<Style_Transparent>false</Style_Transparent>
		<Style_Checkbox>false</Style_Checkbox>
		<ButtonDrawTemplate>
			<Normal>BlueIconBackground</Normal>
			<NormalDecal>BuffIcons</NormalDecal>
		</ButtonDrawTemplate>
		<!-- 
			<SoundPressed/>
			<SoundUp/>
			<SoundFlyby/>
		-->
		<DecalOffset>
			<X>0</X>
			<Y>0</Y>
		</DecalOffset>
		<DecalSize>
			<CX>13</CX>
			<CY>13</CY>
		</DecalSize>
	</Button>

	<Button item = "SDBW_Buff18_Button">
		<ScreenID>Buff18</ScreenID>
		<Font>2</Font>
		<RelativePosition>true</RelativePosition>
		<Size>
			<CX>33</CX>
			<CY>13</CY>
		</Size>
		<Style_VScroll>false</Style_VScroll>
		<Style_HScroll>false</Style_HScroll>
		<Style_Transparent>false</Style_Transparent>
		<Style_Checkbox>false</Style_Checkbox>
		<ButtonDrawTemplate>
			<Normal>BlueIconBackground</Normal>
			<NormalDecal>BuffIcons</NormalDecal>
		</ButtonDrawTemplate>
		<!-- 
			<SoundPressed/>
			<SoundUp/>
			<SoundFlyby/>
		-->
		<DecalOffset>
			<X>0</X>
			<Y>0</Y>
		</DecalOffset>
		<DecalSize>
			<CX>13</CX>
			<CY>13</CY>
		</DecalSize>
	</Button>

	<Button item = "SDBW_Buff19_Button">
		<ScreenID>Buff19</ScreenID>
		<Font>2</Font>
		<RelativePosition>true</RelativePosition>
		<Size>
			<CX>33</CX>
			<CY>13</CY>
		</Size>
		<Style_VScroll>false</Style_VScroll>
		<Style_HScroll>false</Style_HScroll>
		<Style_Transparent>false</Style_Transparent>
		<Style_Checkbox>false</Style_Checkbox>
		<ButtonDrawTemplate>
			<Normal>BlueIconBackground</Normal>
			<NormalDecal>BuffIcons</NormalDecal>
		</ButtonDrawTemplate>
		<!-- 
			<SoundPressed/>
			<SoundUp/>
			<SoundFlyby/>
		-->
		<DecalOffset>
			<X>0</X>
			<Y>0</Y>
		</DecalOffset>
		<DecalSize>
			<CX>13</CX>
			<CY>13</CY>
		</DecalSize>
	</Button>

	<TileLayoutBox item="SDBW_Buttons">
		<RelativePosition>true</RelativePosition>
		<AutoStretch>true</AutoStretch>
		<LeftAnchorOffset>0</LeftAnchorOffset>
		<TopAnchorOffset>0</TopAnchorOffset>
		<RightAnchorOffset>1</RightAnchorOffset>
		<BottomAnchorOffset>0</BottomAnchorOffset>
		<TopAnchorToTop>true</TopAnchorToTop>
		<BottomAnchorToTop>false</BottomAnchorToTop>
		<RightAnchorToLeft>false</RightAnchorToLeft>
		<LeftAnchorToLeft>true</LeftAnchorToLeft>
		<Style_Transparent>true</Style_Transparent>
		<Spacing>0</Spacing>
		<SecondarySpacing>0</SecondarySpacing>
		<HorizontalFirst>false</HorizontalFirst>
		<AnchorToTop>true</AnchorToTop>
		<AnchorToLeft>false</AnchorToLeft>
		<FirstPieceTemplate>true</FirstPieceTemplate>
		<Pieces>SDBW_Buff0_Button</Pieces>
		<Pieces>SDBW_Buff1_Button</Pieces>
		<Pieces>SDBW_Buff2_Button</Pieces>
		<Pieces>SDBW_Buff3_Button</Pieces>
		<Pieces>SDBW_Buff4_Button</Pieces>
		<Pieces>SDBW_Buff5_Button</Pieces>
		<Pieces>SDBW_Buff6_Button</Pieces>
		<Pieces>SDBW_Buff7_Button</Pieces>
		<Pieces>SDBW_Buff8_Button</Pieces>
		<Pieces>SDBW_Buff9_Button</Pieces>
		<Pieces>SDBW_Buff10_Button</Pieces>
		<Pieces>SDBW_Buff11_Button</Pieces>
		<Pieces>SDBW_Buff12_Button</Pieces>
		<Pieces>SDBW_Buff13_Button</Pieces>
		<Pieces>SDBW_Buff14_Button</Pieces>
		<Pieces>SDBW_Buff15_Button</Pieces>
		<Pieces>SDBW_Buff16_Button</Pieces>
		<Pieces>SDBW_Buff17_Button</Pieces>
		<Pieces>SDBW_Buff18_Button</Pieces>
		<Pieces>SDBW_Buff19_Button</Pieces>
	</TileLayoutBox>

	<Screen item = "ShortDurationBuffWindow">
		<!--<ScreenID/>-->
		<!--<Text>Songs</Text>-->
		<!--<Text>_...........</Text>-->
		<Text>.....___</Text>
		<RelativePosition>false</RelativePosition>
		<Location>
			<X>200</X>
			<Y>158</Y>
		</Location>
		<Size>
			<CX>34</CX>
			<CY>270</CY>
		</Size>
		<Style_VScroll>false</Style_VScroll>
		<Style_HScroll>false</Style_HScroll>
		<Style_Transparent>true</Style_Transparent>
		<!--<TooltipReference/> -->
		<DrawTemplate>WDT_SDBW_SDTinyBuffs</DrawTemplate>
		<Style_Titlebar>true</Style_Titlebar>
		<Style_Closebox>false</Style_Closebox>
		<Style_Minimizebox>false</Style_Minimizebox>
		<Style_Maximizebox>false</Style_Maximizebox>
		<Style_Qmarkbox>false</Style_Qmarkbox>
		<Style_Border>false</Style_Border>
		<Style_Sizable>false</Style_Sizable>
<!-- the 'button' pieces are the actual buff icons -->
<!-- the 'place' pieces are the background numbers -->
<!-- delete the 'place' lines if you do not want to see the background numbers -->
		<Pieces>SDBW_Buff0_Place</Pieces>
		<Pieces>SDBW_Buff1_Place</Pieces>
		<Pieces>SDBW_Buff2_Place</Pieces>
		<Pieces>SDBW_Buff3_Place</Pieces>
		<Pieces>SDBW_Buff4_Place</Pieces>
		<Pieces>SDBW_Buff5_Place</Pieces>
		<Pieces>SDBW_Buff6_Place</Pieces>
		<Pieces>SDBW_Buff7_Place</Pieces>
		<Pieces>SDBW_Buff8_Place</Pieces>
		<Pieces>SDBW_Buff9_Place</Pieces>
		<Pieces>SDBW_Buff10_Place</Pieces>
		<Pieces>SDBW_Buff11_Place</Pieces>
		<Pieces>SDBW_Buff12_Place</Pieces>
		<Pieces>SDBW_Buff13_Place</Pieces>
		<Pieces>SDBW_Buff14_Place</Pieces>
		<Pieces>SDBW_Buff15_Place</Pieces>
		<Pieces>SDBW_Buff16_Place</Pieces>
		<Pieces>SDBW_Buff17_Place</Pieces>
		<Pieces>SDBW_Buff18_Place</Pieces>
		<Pieces>SDBW_Buff19_Place</Pieces>
		<Pieces>TileLayoutBox:SDBW_Buttons</Pieces>
<!--
		<Pieces>SDBW_Buff0_Button</Pieces>
		<Pieces>SDBW_Buff1_Button</Pieces>
		<Pieces>SDBW_Buff2_Button</Pieces>
		<Pieces>SDBW_Buff3_Button</Pieces>
		<Pieces>SDBW_Buff4_Button</Pieces>
		<Pieces>SDBW_Buff5_Button</Pieces>
		<Pieces>SDBW_Buff6_Button</Pieces>
		<Pieces>SDBW_Buff7_Button</Pieces>
		<Pieces>SDBW_Buff8_Button</Pieces>
		<Pieces>SDBW_Buff9_Button</Pieces>
		<Pieces>SDBW_Buff10_Button</Pieces>
		<Pieces>SDBW_Buff11_Button</Pieces>
		<Pieces>SDBW_Buff12_Button</Pieces>
		<Pieces>SDBW_Buff13_Button</Pieces>
		<Pieces>SDBW_Buff14_Button</Pieces>
		<Pieces>SDBW_Buff15_Button</Pieces>
		<Pieces>SDBW_Buff16_Button</Pieces>
		<Pieces>SDBW_Buff17_Button</Pieces>
		<Pieces>SDBW_Buff18_Button</Pieces>
		<Pieces>SDBW_Buff19_Button</Pieces>
-->
	</Screen>

</XML>
