<?xml version="1.0" encoding="us-ascii"?>
<XML ID="EQInterfaceDefinitionLanguage">
  <Schema xmlns="EverQuestData" xmlns:dt="EverQuestDataTypes" />
  <Button item="BW_AddSpellToBlockFromPet">
    <ScreenID>BW_AddSpellToBlockFromPet</ScreenID>
    <!--<Font>3</Font>-->
    <RelativePosition>true</RelativePosition>
    <RelativePosition>true</RelativePosition>
    <AutoStretch>true</AutoStretch>
    <LeftAnchorOffset>7</LeftAnchorOffset>
    <TopAnchorOffset>30</TopAnchorOffset>
    <RightAnchorOffset>110</RightAnchorOffset>
    <BottomAnchorOffset>10</BottomAnchorOffset>
    <TopAnchorToTop>false</TopAnchorToTop>
    <BottomAnchorToTop>false</BottomAnchorToTop>
    <LeftAnchorToLeft>true</LeftAnchorToLeft>
    <RightAnchorToLeft>true</RightAnchorToLeft>
    <!--<Location>
			<X>-1</X>
			<Y>-1</Y>
		</Location> -->
    <Size>
      <CX>60</CX>
      <CY>24</CY>
    </Size>
    <Style_Transparent>false</Style_Transparent>
    <!--<TooltipReference/>-->
    <Style_Checkbox>false</Style_Checkbox>
    <!--<RadioGroup/>-->
    <Text>Add by name</Text>
    <TextColor>
      <R>255</R>
      <G>255</G>
      <B>255</B>
    </TextColor>
    <ButtonDrawTemplate>
      <Normal>A_BtnNormal</Normal>
      <Pressed>A_BtnPressed</Pressed>
      <Flyby>A_BtnFlyby</Flyby>
      <Disabled>A_BtnDisabled</Disabled>
      <PressedFlyby>A_BtnPressedFlyby</PressedFlyby>
    </ButtonDrawTemplate>
  </Button>
  <Editbox item="BW_EditSpellToBlockFromPet">
    <ScreenID>BW_EditSpellToBlockFromPet</ScreenID>
    <DrawTemplate>WDT_Inner</DrawTemplate>
    <RelativePosition>true</RelativePosition>
    <RelativePosition>true</RelativePosition>
    <AutoStretch>true</AutoStretch>
    <LeftAnchorOffset>120</LeftAnchorOffset>
    <TopAnchorOffset>30</TopAnchorOffset>
    <RightAnchorOffset>260</RightAnchorOffset>
    <BottomAnchorOffset>10</BottomAnchorOffset>
    <TopAnchorToTop>false</TopAnchorToTop>
    <BottomAnchorToTop>false</BottomAnchorToTop>
    <LeftAnchorToLeft>true</LeftAnchorToLeft>
    <RightAnchorToLeft>true</RightAnchorToLeft>
    <Size>
      <CX>150</CX>
      <CY>20</CY>
    </Size>
    <TextColor>
      <R>255</R>
      <G>255</G>
      <B>255</B>
    </TextColor>
    <Style_Border>true</Style_Border>
    <TooltipReference>Enter a name for this label here.</TooltipReference>
  </Editbox>
  <Button item="BW_BLOCKEDPETBUFF0_Button">
    <ScreenID>BPBuff0</ScreenID>
    <!--<Font>3</Font>-->
    <RelativePosition>true</RelativePosition>
    <Location>
      <X>3</X>
      <Y>3</Y>
    </Location>
    <Size>
      <CX>34</CX>
      <CY>34</CY>
    </Size>
    <EQType>650</EQType>
    <Style_VScroll>false</Style_VScroll>
    <Style_HScroll>false</Style_HScroll>
    <Style_Transparent>false</Style_Transparent>
    <!--<TooltipReference/>   -->
    <Style_Checkbox>false</Style_Checkbox>
    <!--<RadioGroup/>   -->
    <ButtonDrawTemplate>
      <Normal>BlueIconBackground</Normal>
      <NormalDecal>BuffIcons</NormalDecal>
    </ButtonDrawTemplate>
    <!--  
			<SoundPressed/>
			<SoundUp/>
			<SoundFlyby/>
		-->
    <DecalOffset>
      <X>2</X>
      <Y>2</Y>
    </DecalOffset>
    <DecalSize>
      <CX>30</CX>
      <CY>30</CY>
    </DecalSize>
  </Button>
  <Button item="BW_BLOCKEDPETBUFF1_Button">
    <ScreenID>BPBuff1</ScreenID>
    <!--<Font>3</Font>   -->
    <RelativePosition>true</RelativePosition>
    <Location>
      <X>48</X>
      <Y>3</Y>
    </Location>
    <Size>
      <CX>34</CX>
      <CY>34</CY>
    </Size>
    <EQType>651</EQType>
    <Style_VScroll>false</Style_VScroll>
    <Style_HScroll>false</Style_HScroll>
    <Style_Transparent>false</Style_Transparent>
    <!--<TooltipReference/>   -->
    <Style_Checkbox>false</Style_Checkbox>
    <RadioGroup />
    <ButtonDrawTemplate>
      <Normal>RedIconBackground</Normal>
      <NormalDecal>BuffIcons</NormalDecal>
    </ButtonDrawTemplate>
    <!--  		
			<SoundPressed/>
			<SoundUp/>
			<SoundFlyby/>
		-->
    <DecalOffset>
      <X>2</X>
      <Y>2</Y>
    </DecalOffset>
    <DecalSize>
      <CX>30</CX>
      <CY>30</CY>
    </DecalSize>
  </Button>
  <Button item="BW_BLOCKEDPETBUFF2_Button">
    <ScreenID>BPBuff2</ScreenID>
    <!--<Font>3</Font>   -->
    <RelativePosition>true</RelativePosition>
    <Location>
      <X>93</X>
      <Y>3</Y>
    </Location>
    <Size>
      <CX>34</CX>
      <CY>34</CY>
    </Size>
    <EQType>652</EQType>
    <Style_VScroll>false</Style_VScroll>
    <Style_HScroll>false</Style_HScroll>
    <Style_Transparent>false</Style_Transparent>
    <!--<TooltipReference/>   -->
    <Style_Checkbox>false</Style_Checkbox>
    <RadioGroup />
    <ButtonDrawTemplate>
      <Normal>RedIconBackground</Normal>
      <NormalDecal>BuffIcons</NormalDecal>
    </ButtonDrawTemplate>
    <!--  
			<SoundPressed/>
			<SoundUp/>
			<SoundFlyby/>
		-->
    <DecalOffset>
      <X>2</X>
      <Y>2</Y>
    </DecalOffset>
    <DecalSize>
      <CX>30</CX>
      <CY>30</CY>
    </DecalSize>
  </Button>
  <Button item="BW_BLOCKEDPETBUFF3_Button">
    <ScreenID>BPBuff3</ScreenID>
    <!--<Font>3</Font>   -->
    <RelativePosition>true</RelativePosition>
    <Location>
      <X>3</X>
      <Y>49</Y>
    </Location>
    <Size>
      <CX>34</CX>
      <CY>34</CY>
    </Size>
    <EQType>653</EQType>
    <Style_VScroll>false</Style_VScroll>
    <Style_HScroll>false</Style_HScroll>
    <Style_Transparent>false</Style_Transparent>
    <!--<TooltipReference/>   -->
    <Style_Checkbox>false</Style_Checkbox>
    <RadioGroup />
    <ButtonDrawTemplate>
      <Normal>BlueIconBackground</Normal>
      <NormalDecal>BuffIcons</NormalDecal>
    </ButtonDrawTemplate>
    <!-- Default and not used		
			<SoundPressed/>
			<SoundUp/>
			<SoundFlyby/>
		-->
    <DecalOffset>
      <X>2</X>
      <Y>2</Y>
    </DecalOffset>
    <DecalSize>
      <CX>30</CX>
      <CY>30</CY>
    </DecalSize>
  </Button>
  <Button item="BW_BLOCKEDPETBUFF4_Button">
    <ScreenID>BPBuff4</ScreenID>
    <!--<Font>3</Font> Default -->
    <RelativePosition>true</RelativePosition>
    <Location>
      <X>48</X>
      <Y>49</Y>
    </Location>
    <Size>
      <CX>34</CX>
      <CY>34</CY>
    </Size>
    <EQType>654</EQType>
    <Style_VScroll>false</Style_VScroll>
    <Style_HScroll>false</Style_HScroll>
    <Style_Transparent>false</Style_Transparent>
    <TooltipReference />
    <Style_Checkbox>false</Style_Checkbox>
    <!--<RadioGroup/> Default -->
    <ButtonDrawTemplate>
      <Normal>RedIconBackground</Normal>
      <NormalDecal>BuffIcons</NormalDecal>
    </ButtonDrawTemplate>
    <!--Default
			<SoundPressed/>
			<SoundUp/>
			<SoundFlyby/>
		-->
    <DecalOffset>
      <X>2</X>
      <Y>2</Y>
    </DecalOffset>
    <DecalSize>
      <CX>30</CX>
      <CY>30</CY>
    </DecalSize>
  </Button>
  <Button item="BW_BLOCKEDPETBUFF5_Button">
    <ScreenID>BPBuff5</ScreenID>
    <!--<Font>3</Font> Defautl -->
    <RelativePosition>true</RelativePosition>
    <Location>
      <X>93</X>
      <Y>49</Y>
    </Location>
    <Size>
      <CX>34</CX>
      <CY>34</CY>
    </Size>
    <EQType>655</EQType>
    <Style_VScroll>false</Style_VScroll>
    <Style_HScroll>false</Style_HScroll>
    <Style_Transparent>false</Style_Transparent>
    <!--<TooltipReference/> Default -->
    <Style_Checkbox>false</Style_Checkbox>
    <!--<RadioGroup/> Default -->
    <ButtonDrawTemplate>
      <Normal>RedIconBackground</Normal>
      <NormalDecal>BuffIcons</NormalDecal>
    </ButtonDrawTemplate>
    <!-- 
			<SoundPressed/>
			<SoundUp/>
			<SoundFlyby/>
		-->
    <DecalOffset>
      <X>2</X>
      <Y>2</Y>
    </DecalOffset>
    <DecalSize>
      <CX>30</CX>
      <CY>30</CY>
    </DecalSize>
  </Button>
  <Button item="BW_BLOCKEDPETBUFF6_Button">
    <ScreenID>BPBuff6</ScreenID>
    <!--<Font>3</Font> Default -->
    <RelativePosition>true</RelativePosition>
    <Location>
      <X>3</X>
      <Y>95</Y>
    </Location>
    <Size>
      <CX>34</CX>
      <CY>34</CY>
    </Size>
    <EQType>656</EQType>
    <Style_VScroll>false</Style_VScroll>
    <Style_HScroll>false</Style_HScroll>
    <Style_Transparent>false</Style_Transparent>
    <TooltipReference />
    <Style_Checkbox>false</Style_Checkbox>
    <!--<RadioGroup/> Default -->
    <ButtonDrawTemplate>
      <Normal>BlueIconBackground</Normal>
      <NormalDecal>BuffIcons</NormalDecal>
    </ButtonDrawTemplate>
    <!-- 
			<SoundPressed/>
			<SoundUp/>
			<SoundFlyby/>
		-->
    <DecalOffset>
      <X>2</X>
      <Y>2</Y>
    </DecalOffset>
    <DecalSize>
      <CX>30</CX>
      <CY>30</CY>
    </DecalSize>
  </Button>
  <Button item="BW_BLOCKEDPETBUFF7_Button">
    <ScreenID>BPBuff7</ScreenID>
    <!--<Font>3</Font> Use defaults -->
    <RelativePosition>true</RelativePosition>
    <Location>
      <X>48</X>
      <Y>95</Y>
    </Location>
    <Size>
      <CX>34</CX>
      <CY>34</CY>
    </Size>
    <EQType>657</EQType>
    <Style_VScroll>false</Style_VScroll>
    <Style_HScroll>false</Style_HScroll>
    <Style_Transparent>false</Style_Transparent>
    <!--<TooltipReference/> Use defaults -->
    <Style_Checkbox>false</Style_Checkbox>
    <!--<RadioGroup/> Use Defaults -->
    <ButtonDrawTemplate>
      <Normal>RedIconBackground</Normal>
      <NormalDecal>BuffIcons</NormalDecal>
    </ButtonDrawTemplate>
    <!-- Use defaults
			<SoundPressed/>
			<SoundUp/>
			<SoundFlyby/>
		-->
    <DecalOffset>
      <X>2</X>
      <Y>2</Y>
    </DecalOffset>
    <DecalSize>
      <CX>30</CX>
      <CY>30</CY>
    </DecalSize>
  </Button>
  <Button item="BW_BLOCKEDPETBUFF8_Button">
    <ScreenID>BPBuff8</ScreenID>
    <!--<Font>3</Font>Defaults-->
    <RelativePosition>true</RelativePosition>
    <Location>
      <X>93</X>
      <Y>95</Y>
    </Location>
    <Size>
      <CX>34</CX>
      <CY>34</CY>
    </Size>
    <EQType>658</EQType>
    <Style_VScroll>false</Style_VScroll>
    <Style_HScroll>false</Style_HScroll>
    <Style_Transparent>false</Style_Transparent>
    <!--<TooltipReference/> Use default -->
    <Style_Checkbox>false</Style_Checkbox>
    <!--<RadioGroup/>Use default-->
    <ButtonDrawTemplate>
      <Normal>RedIconBackground</Normal>
      <NormalDecal>BuffIcons</NormalDecal>
    </ButtonDrawTemplate>
    <!-- 
			<SoundPressed/>
			<SoundUp/>
			<SoundFlyby/>
		-->
    <DecalOffset>
      <X>2</X>
      <Y>2</Y>
    </DecalOffset>
    <DecalSize>
      <CX>30</CX>
      <CY>30</CY>
    </DecalSize>
  </Button>
  <Button item="BW_BLOCKEDPETBUFF9_Button">
    <ScreenID>BPBuff9</ScreenID>
    <!--<Font>3</Font>Use Defaults -->
    <RelativePosition>true</RelativePosition>
    <Location>
      <X>3</X>
      <Y>141</Y>
    </Location>
    <Size>
      <CX>34</CX>
      <CY>34</CY>
    </Size>
    <EQType>659</EQType>
    <Style_VScroll>false</Style_VScroll>
    <Style_HScroll>false</Style_HScroll>
    <Style_Transparent>false</Style_Transparent>
    <!--<TooltipReference/> Use Defaults -->
    <Style_Checkbox>false</Style_Checkbox>
    <!--<RadioGroup/>  -->
    <ButtonDrawTemplate>
      <Normal>BlueIconBackground</Normal>
      <NormalDecal>BuffIcons</NormalDecal>
    </ButtonDrawTemplate>
    <DecalOffset>
      <X>2</X>
      <Y>2</Y>
    </DecalOffset>
    <DecalSize>
      <CX>30</CX>
      <CY>30</CY>
    </DecalSize>
  </Button>
  <Button item="BW_BLOCKEDPETBUFF10_Button">
    <ScreenID>BPBuff10</ScreenID>
    <!--<Font>3</Font> -->
    <RelativePosition>true</RelativePosition>
    <Location>
      <X>48</X>
      <Y>141</Y>
    </Location>
    <Size>
      <CX>34</CX>
      <CY>34</CY>
    </Size>
    <EQType>660</EQType>
    <Style_VScroll>false</Style_VScroll>
    <Style_HScroll>false</Style_HScroll>
    <Style_Transparent>false</Style_Transparent>
    <!--<TooltipReference/>-->
    <Style_Checkbox>false</Style_Checkbox>
    <!--<RadioGroup/>-->
    <ButtonDrawTemplate>
      <Normal>RedIconBackground</Normal>
      <NormalDecal>BuffIcons</NormalDecal>
    </ButtonDrawTemplate>
    <DecalOffset>
      <X>2</X>
      <Y>2</Y>
    </DecalOffset>
    <DecalSize>
      <CX>30</CX>
      <CY>30</CY>
    </DecalSize>
  </Button>
  <Button item="BW_BLOCKEDPETBUFF11_Button">
    <ScreenID>BPBuff11</ScreenID>
    <!--<Font>3</Font>-->
    <RelativePosition>true</RelativePosition>
    <Location>
      <X>93</X>
      <Y>141</Y>
    </Location>
    <Size>
      <CX>34</CX>
      <CY>34</CY>
    </Size>
    <EQType>661</EQType>
    <Style_VScroll>false</Style_VScroll>
    <Style_HScroll>false</Style_HScroll>
    <Style_Transparent>false</Style_Transparent>
    <!--<TooltipReference/>-->
    <Style_Checkbox>false</Style_Checkbox>
    <!--<RadioGroup/>-->
    <ButtonDrawTemplate>
      <Normal>RedIconBackground</Normal>
      <NormalDecal>BuffIcons</NormalDecal>
    </ButtonDrawTemplate>
    <DecalOffset>
      <X>2</X>
      <Y>2</Y>
    </DecalOffset>
    <DecalSize>
      <CX>30</CX>
      <CY>30</CY>
    </DecalSize>
  </Button>
  <Button item="BW_BLOCKEDPETBUFF12_Button">
    <ScreenID>BPBuff12</ScreenID>
    <!--<Font>3</Font>-->
    <RelativePosition>true</RelativePosition>
    <Location>
      <X>3</X>
      <Y>187</Y>
    </Location>
    <Size>
      <CX>34</CX>
      <CY>34</CY>
    </Size>
    <EQType>662</EQType>
    <Style_VScroll>false</Style_VScroll>
    <Style_HScroll>false</Style_HScroll>
    <Style_Transparent>false</Style_Transparent>
    <!--<TooltipReference/>-->
    <Style_Checkbox>false</Style_Checkbox>
    <!--<RadioGroup/>-->
    <ButtonDrawTemplate>
      <Normal>BlueIconBackground</Normal>
      <NormalDecal>BuffIcons</NormalDecal>
    </ButtonDrawTemplate>
    <DecalOffset>
      <X>2</X>
      <Y>2</Y>
    </DecalOffset>
    <DecalSize>
      <CX>30</CX>
      <CY>30</CY>
    </DecalSize>
  </Button>
  <Button item="BW_BLOCKEDPETBUFF13_Button">
    <ScreenID>BPBuff13</ScreenID>
    <!--<Font>3</Font>-->
    <RelativePosition>true</RelativePosition>
    <Location>
      <X>48</X>
      <Y>187</Y>
    </Location>
    <Size>
      <CX>34</CX>
      <CY>34</CY>
    </Size>
    <EQType>663</EQType>
    <Style_VScroll>false</Style_VScroll>
    <Style_HScroll>false</Style_HScroll>
    <Style_Transparent>false</Style_Transparent>
    <!--<TooltipReference/>-->
    <Style_Checkbox>false</Style_Checkbox>
    <!--<RadioGroup/>-->
    <ButtonDrawTemplate>
      <Normal>RedIconBackground</Normal>
      <NormalDecal>BuffIcons</NormalDecal>
    </ButtonDrawTemplate>
    <DecalOffset>
      <X>2</X>
      <Y>2</Y>
    </DecalOffset>
    <DecalSize>
      <CX>30</CX>
      <CY>30</CY>
    </DecalSize>
  </Button>
  <Button item="BW_BLOCKEDPETBUFF14_Button">
    <ScreenID>BPBuff14</ScreenID>
    <!--<Font>3</Font>-->
    <RelativePosition>true</RelativePosition>
    <Location>
      <X>93</X>
      <Y>187</Y>
    </Location>
    <Size>
      <CX>34</CX>
      <CY>34</CY>
    </Size>
    <EQType>664</EQType>
    <Style_VScroll>false</Style_VScroll>
    <Style_HScroll>false</Style_HScroll>
    <Style_Transparent>false</Style_Transparent>
    <!--<TooltipReference/>-->
    <Style_Checkbox>false</Style_Checkbox>
    <!--<RadioGroup/>-->
    <ButtonDrawTemplate>
      <Normal>RedIconBackground</Normal>
      <NormalDecal>BuffIcons</NormalDecal>
    </ButtonDrawTemplate>
    <DecalOffset>
      <X>2</X>
      <Y>2</Y>
    </DecalOffset>
    <DecalSize>
      <CX>30</CX>
      <CY>30</CY>
    </DecalSize>
  </Button>
  <Button item="BW_BLOCKEDPETBUFF15_Button">
    <ScreenID>BPBuff15</ScreenID>
    <!--<Font>3</Font>-->
    <RelativePosition>true</RelativePosition>
    <Location>
      <X>3</X>
      <Y>3</Y>
    </Location>
    <Size>
      <CX>34</CX>
      <CY>34</CY>
    </Size>
    <EQType>665</EQType>
    <Style_VScroll>false</Style_VScroll>
    <Style_HScroll>false</Style_HScroll>
    <Style_Transparent>false</Style_Transparent>
    <!--<TooltipReference/>   -->
    <Style_Checkbox>false</Style_Checkbox>
    <!--<RadioGroup/>   -->
    <ButtonDrawTemplate>
      <Normal>BlueIconBackground</Normal>
      <NormalDecal>BuffIcons</NormalDecal>
    </ButtonDrawTemplate>
    <!--  
			<SoundPressed/>
			<SoundUp/>
			<SoundFlyby/>
		-->
    <DecalOffset>
      <X>2</X>
      <Y>2</Y>
    </DecalOffset>
    <DecalSize>
      <CX>30</CX>
      <CY>30</CY>
    </DecalSize>
  </Button>
  <Button item="BW_BLOCKEDPETBUFF16_Button">
    <ScreenID>BPBuff16</ScreenID>
    <!--<Font>3</Font>-->
    <RelativePosition>true</RelativePosition>
    <Location>
      <X>3</X>
      <Y>3</Y>
    </Location>
    <Size>
      <CX>34</CX>
      <CY>34</CY>
    </Size>
    <EQType>666</EQType>
    <Style_VScroll>false</Style_VScroll>
    <Style_HScroll>false</Style_HScroll>
    <Style_Transparent>false</Style_Transparent>
    <!--<TooltipReference/>   -->
    <Style_Checkbox>false</Style_Checkbox>
    <!--<RadioGroup/>   -->
    <ButtonDrawTemplate>
      <Normal>BlueIconBackground</Normal>
      <NormalDecal>BuffIcons</NormalDecal>
    </ButtonDrawTemplate>
    <!--  
			<SoundPressed/>
			<SoundUp/>
			<SoundFlyby/>
		-->
    <DecalOffset>
      <X>2</X>
      <Y>2</Y>
    </DecalOffset>
    <DecalSize>
      <CX>30</CX>
      <CY>30</CY>
    </DecalSize>
  </Button>
  <Button item="BW_BLOCKEDPETBUFF17_Button">
    <ScreenID>BPBuff17</ScreenID>
    <!--<Font>3</Font>-->
    <RelativePosition>true</RelativePosition>
    <Location>
      <X>3</X>
      <Y>3</Y>
    </Location>
    <Size>
      <CX>34</CX>
      <CY>34</CY>
    </Size>
    <EQType>667</EQType>
    <Style_VScroll>false</Style_VScroll>
    <Style_HScroll>false</Style_HScroll>
    <Style_Transparent>false</Style_Transparent>
    <!--<TooltipReference/>   -->
    <Style_Checkbox>false</Style_Checkbox>
    <!--<RadioGroup/>   -->
    <ButtonDrawTemplate>
      <Normal>BlueIconBackground</Normal>
      <NormalDecal>BuffIcons</NormalDecal>
    </ButtonDrawTemplate>
    <!--  
			<SoundPressed/>
			<SoundUp/>
			<SoundFlyby/>
		-->
    <DecalOffset>
      <X>2</X>
      <Y>2</Y>
    </DecalOffset>
    <DecalSize>
      <CX>30</CX>
      <CY>30</CY>
    </DecalSize>
  </Button>
  <Button item="BW_BLOCKEDPETBUFF18_Button">
    <ScreenID>BPBuff18</ScreenID>
    <!--<Font>3</Font>-->
    <RelativePosition>true</RelativePosition>
    <Location>
      <X>3</X>
      <Y>3</Y>
    </Location>
    <Size>
      <CX>34</CX>
      <CY>34</CY>
    </Size>
    <EQType>668</EQType>
    <Style_VScroll>false</Style_VScroll>
    <Style_HScroll>false</Style_HScroll>
    <Style_Transparent>false</Style_Transparent>
    <!--<TooltipReference/>   -->
    <Style_Checkbox>false</Style_Checkbox>
    <!--<RadioGroup/>   -->
    <ButtonDrawTemplate>
      <Normal>BlueIconBackground</Normal>
      <NormalDecal>BuffIcons</NormalDecal>
    </ButtonDrawTemplate>
    <!--  
			<SoundPressed/>
			<SoundUp/>
			<SoundFlyby/>
		-->
    <DecalOffset>
      <X>2</X>
      <Y>2</Y>
    </DecalOffset>
    <DecalSize>
      <CX>30</CX>
      <CY>30</CY>
    </DecalSize>
  </Button>
  <Button item="BW_BLOCKEDPETBUFF19_Button">
    <ScreenID>BPBuff19</ScreenID>
    <!--<Font>3</Font>-->
    <RelativePosition>true</RelativePosition>
    <Location>
      <X>3</X>
      <Y>3</Y>
    </Location>
    <Size>
      <CX>34</CX>
      <CY>34</CY>
    </Size>
    <EQType>669</EQType>
    <Style_VScroll>false</Style_VScroll>
    <Style_HScroll>false</Style_HScroll>
    <Style_Transparent>false</Style_Transparent>
    <Style_Checkbox>false</Style_Checkbox>
    <ButtonDrawTemplate>
      <Normal>BlueIconBackground</Normal>
      <NormalDecal>BuffIcons</NormalDecal>
    </ButtonDrawTemplate>
    <DecalOffset>
      <X>2</X>
      <Y>2</Y>
    </DecalOffset>
    <DecalSize>
      <CX>30</CX>
      <CY>30</CY>
    </DecalSize>
  </Button>
  <Button item="BW_BLOCKEDPETBUFF20_Button">
    <ScreenID>BPBuff20</ScreenID>
    <!--<Font>3</Font> -->
    <RelativePosition>true</RelativePosition>
    <Location>
      <X>48</X>
      <Y>141</Y>
    </Location>
    <Size>
      <CX>34</CX>
      <CY>34</CY>
    </Size>
    <EQType>670</EQType>
    <Style_VScroll>false</Style_VScroll>
    <Style_HScroll>false</Style_HScroll>
    <Style_Transparent>false</Style_Transparent>
    <!--<TooltipReference/>-->
    <Style_Checkbox>false</Style_Checkbox>
    <!--<RadioGroup/>-->
    <ButtonDrawTemplate>
      <Normal>RedIconBackground</Normal>
      <NormalDecal>BuffIcons</NormalDecal>
    </ButtonDrawTemplate>
    <DecalOffset>
      <X>2</X>
      <Y>2</Y>
    </DecalOffset>
    <DecalSize>
      <CX>30</CX>
      <CY>30</CY>
    </DecalSize>
  </Button>
  <Button item="BW_BLOCKEDPETBUFF21_Button">
    <ScreenID>BPBuff21</ScreenID>
    <!--<Font>3</Font>-->
    <RelativePosition>true</RelativePosition>
    <Location>
      <X>93</X>
      <Y>141</Y>
    </Location>
    <Size>
      <CX>34</CX>
      <CY>34</CY>
    </Size>
    <EQType>671</EQType>
    <Style_VScroll>false</Style_VScroll>
    <Style_HScroll>false</Style_HScroll>
    <Style_Transparent>false</Style_Transparent>
    <!--<TooltipReference/>-->
    <Style_Checkbox>false</Style_Checkbox>
    <!--<RadioGroup/>-->
    <ButtonDrawTemplate>
      <Normal>RedIconBackground</Normal>
      <NormalDecal>BuffIcons</NormalDecal>
    </ButtonDrawTemplate>
    <DecalOffset>
      <X>2</X>
      <Y>2</Y>
    </DecalOffset>
    <DecalSize>
      <CX>30</CX>
      <CY>30</CY>
    </DecalSize>
  </Button>
  <Button item="BW_BLOCKEDPETBUFF22_Button">
    <ScreenID>BPBuff22</ScreenID>
    <!--<Font>3</Font>-->
    <RelativePosition>true</RelativePosition>
    <Location>
      <X>3</X>
      <Y>187</Y>
    </Location>
    <Size>
      <CX>34</CX>
      <CY>34</CY>
    </Size>
    <EQType>672</EQType>
    <Style_VScroll>false</Style_VScroll>
    <Style_HScroll>false</Style_HScroll>
    <Style_Transparent>false</Style_Transparent>
    <!--<TooltipReference/>-->
    <Style_Checkbox>false</Style_Checkbox>
    <!--<RadioGroup/>-->
    <ButtonDrawTemplate>
      <Normal>BlueIconBackground</Normal>
      <NormalDecal>BuffIcons</NormalDecal>
    </ButtonDrawTemplate>
    <DecalOffset>
      <X>2</X>
      <Y>2</Y>
    </DecalOffset>
    <DecalSize>
      <CX>30</CX>
      <CY>30</CY>
    </DecalSize>
  </Button>
  <Button item="BW_BLOCKEDPETBUFF23_Button">
    <ScreenID>BPBuff23</ScreenID>
    <!--<Font>3</Font>-->
    <RelativePosition>true</RelativePosition>
    <Location>
      <X>48</X>
      <Y>187</Y>
    </Location>
    <Size>
      <CX>34</CX>
      <CY>34</CY>
    </Size>
    <EQType>673</EQType>
    <Style_VScroll>false</Style_VScroll>
    <Style_HScroll>false</Style_HScroll>
    <Style_Transparent>false</Style_Transparent>
    <!--<TooltipReference/>-->
    <Style_Checkbox>false</Style_Checkbox>
    <!--<RadioGroup/>-->
    <ButtonDrawTemplate>
      <Normal>RedIconBackground</Normal>
      <NormalDecal>BuffIcons</NormalDecal>
    </ButtonDrawTemplate>
    <DecalOffset>
      <X>2</X>
      <Y>2</Y>
    </DecalOffset>
    <DecalSize>
      <CX>30</CX>
      <CY>30</CY>
    </DecalSize>
  </Button>
  <Button item="BW_BLOCKEDPETBUFF24_Button">
    <ScreenID>BPBuff24</ScreenID>
    <!--<Font>3</Font>-->
    <RelativePosition>true</RelativePosition>
    <Location>
      <X>93</X>
      <Y>187</Y>
    </Location>
    <Size>
      <CX>34</CX>
      <CY>34</CY>
    </Size>
    <EQType>674</EQType>
    <Style_VScroll>false</Style_VScroll>
    <Style_HScroll>false</Style_HScroll>
    <Style_Transparent>false</Style_Transparent>
    <!--<TooltipReference/>-->
    <Style_Checkbox>false</Style_Checkbox>
    <!--<RadioGroup/>-->
    <ButtonDrawTemplate>
      <Normal>RedIconBackground</Normal>
      <NormalDecal>BuffIcons</NormalDecal>
    </ButtonDrawTemplate>
    <DecalOffset>
      <X>2</X>
      <Y>2</Y>
    </DecalOffset>
    <DecalSize>
      <CX>30</CX>
      <CY>30</CY>
    </DecalSize>
  </Button>
  <Button item="BW_BLOCKEDPETBUFF25_Button">
    <ScreenID>BPBuff25</ScreenID>
    <!--<Font>3</Font>-->
    <RelativePosition>true</RelativePosition>
    <Location>
      <X>3</X>
      <Y>3</Y>
    </Location>
    <Size>
      <CX>34</CX>
      <CY>34</CY>
    </Size>
    <EQType>675</EQType>
    <Style_VScroll>false</Style_VScroll>
    <Style_HScroll>false</Style_HScroll>
    <Style_Transparent>false</Style_Transparent>
    <!--<TooltipReference/>   -->
    <Style_Checkbox>false</Style_Checkbox>
    <!--<RadioGroup/>   -->
    <ButtonDrawTemplate>
      <Normal>BlueIconBackground</Normal>
      <NormalDecal>BuffIcons</NormalDecal>
    </ButtonDrawTemplate>
    <!--  
			<SoundPressed/>
			<SoundUp/>
			<SoundFlyby/>
		-->
    <DecalOffset>
      <X>2</X>
      <Y>2</Y>
    </DecalOffset>
    <DecalSize>
      <CX>30</CX>
      <CY>30</CY>
    </DecalSize>
  </Button>
  <Button item="BW_BLOCKEDPETBUFF26_Button">
    <ScreenID>BPBuff26</ScreenID>
    <!--<Font>3</Font>-->
    <RelativePosition>true</RelativePosition>
    <Location>
      <X>3</X>
      <Y>3</Y>
    </Location>
    <Size>
      <CX>34</CX>
      <CY>34</CY>
    </Size>
    <EQType>676</EQType>
    <Style_VScroll>false</Style_VScroll>
    <Style_HScroll>false</Style_HScroll>
    <Style_Transparent>false</Style_Transparent>
    <!--<TooltipReference/>   -->
    <Style_Checkbox>false</Style_Checkbox>
    <!--<RadioGroup/>   -->
    <ButtonDrawTemplate>
      <Normal>BlueIconBackground</Normal>
      <NormalDecal>BuffIcons</NormalDecal>
    </ButtonDrawTemplate>
    <!--  
			<SoundPressed/>
			<SoundUp/>
			<SoundFlyby/>
		-->
    <DecalOffset>
      <X>2</X>
      <Y>2</Y>
    </DecalOffset>
    <DecalSize>
      <CX>30</CX>
      <CY>30</CY>
    </DecalSize>
  </Button>
  <Button item="BW_BLOCKEDPETBUFF27_Button">
    <ScreenID>BPBuff27</ScreenID>
    <!--<Font>3</Font>-->
    <RelativePosition>true</RelativePosition>
    <Location>
      <X>3</X>
      <Y>3</Y>
    </Location>
    <Size>
      <CX>34</CX>
      <CY>34</CY>
    </Size>
    <EQType>677</EQType>
    <Style_VScroll>false</Style_VScroll>
    <Style_HScroll>false</Style_HScroll>
    <Style_Transparent>false</Style_Transparent>
    <!--<TooltipReference/>   -->
    <Style_Checkbox>false</Style_Checkbox>
    <!--<RadioGroup/>   -->
    <ButtonDrawTemplate>
      <Normal>BlueIconBackground</Normal>
      <NormalDecal>BuffIcons</NormalDecal>
    </ButtonDrawTemplate>
    <!--  
			<SoundPressed/>
			<SoundUp/>
			<SoundFlyby/>
		-->
    <DecalOffset>
      <X>2</X>
      <Y>2</Y>
    </DecalOffset>
    <DecalSize>
      <CX>30</CX>
      <CY>30</CY>
    </DecalSize>
  </Button>
  <Button item="BW_BLOCKEDPETBUFF28_Button">
    <ScreenID>BPBuff28</ScreenID>
    <!--<Font>3</Font>-->
    <RelativePosition>true</RelativePosition>
    <Location>
      <X>3</X>
      <Y>3</Y>
    </Location>
    <Size>
      <CX>34</CX>
      <CY>34</CY>
    </Size>
    <EQType>678</EQType>
    <Style_VScroll>false</Style_VScroll>
    <Style_HScroll>false</Style_HScroll>
    <Style_Transparent>false</Style_Transparent>
    <!--<TooltipReference/>   -->
    <Style_Checkbox>false</Style_Checkbox>
    <!--<RadioGroup/>   -->
    <ButtonDrawTemplate>
      <Normal>BlueIconBackground</Normal>
      <NormalDecal>BuffIcons</NormalDecal>
    </ButtonDrawTemplate>
    <!--  
			<SoundPressed/>
			<SoundUp/>
			<SoundFlyby/>
		-->
    <DecalOffset>
      <X>2</X>
      <Y>2</Y>
    </DecalOffset>
    <DecalSize>
      <CX>30</CX>
      <CY>30</CY>
    </DecalSize>
  </Button>
  <Button item="BW_BLOCKEDPETBUFF29_Button">
    <ScreenID>BPBuff29</ScreenID>
    <!--<Font>3</Font>-->
    <RelativePosition>true</RelativePosition>
    <Location>
      <X>3</X>
      <Y>3</Y>
    </Location>
    <Size>
      <CX>34</CX>
      <CY>34</CY>
    </Size>
    <EQType>679</EQType>
    <Style_VScroll>false</Style_VScroll>
    <Style_HScroll>false</Style_HScroll>
    <Style_Transparent>false</Style_Transparent>
    <Style_Checkbox>false</Style_Checkbox>
    <ButtonDrawTemplate>
      <Normal>BlueIconBackground</Normal>
      <NormalDecal>BuffIcons</NormalDecal>
    </ButtonDrawTemplate>
    <DecalOffset>
      <X>2</X>
      <Y>2</Y>
    </DecalOffset>
    <DecalSize>
      <CX>30</CX>
      <CY>30</CY>
    </DecalSize>
  </Button>
  <Screen item="BlockedPetBuffWnd">
    <RelativePosition>false</RelativePosition>
    <Location>
      <X>200</X>
      <Y>200</Y>
    </Location>
    <Size>
      <CX>134</CX>
      <CY>395</CY>
    </Size>
    <Style_VScroll>false</Style_VScroll>
    <Style_HScroll>false</Style_HScroll>
    <Style_Transparent>false</Style_Transparent>
    <Text>Sparxx - Blocked Pet Spells</Text>
    <DrawTemplate>WDT_Rounded</DrawTemplate>
    <Style_Titlebar>true</Style_Titlebar>
    <Style_Closebox>true</Style_Closebox>
    <Style_Minimizebox>true</Style_Minimizebox>
    <Style_Border>true</Style_Border>
    <Style_Sizable>true</Style_Sizable>
    <Pieces>BW_BLOCKEDPETBUFF0_Button</Pieces>
    <Pieces>BW_BLOCKEDPETBUFF1_Button</Pieces>
    <Pieces>BW_BLOCKEDPETBUFF2_Button</Pieces>
    <Pieces>BW_BLOCKEDPETBUFF3_Button</Pieces>
    <Pieces>BW_BLOCKEDPETBUFF4_Button</Pieces>
    <Pieces>BW_BLOCKEDPETBUFF5_Button</Pieces>
    <Pieces>BW_BLOCKEDPETBUFF6_Button</Pieces>
    <Pieces>BW_BLOCKEDPETBUFF7_Button</Pieces>
    <Pieces>BW_BLOCKEDPETBUFF8_Button</Pieces>
    <Pieces>BW_BLOCKEDPETBUFF9_Button</Pieces>
    <Pieces>BW_BLOCKEDPETBUFF10_Button</Pieces>
    <Pieces>BW_BLOCKEDPETBUFF11_Button</Pieces>
    <Pieces>BW_BLOCKEDPETBUFF12_Button</Pieces>
    <Pieces>BW_BLOCKEDPETBUFF13_Button</Pieces>
    <Pieces>BW_BLOCKEDPETBUFF14_Button</Pieces>
    <Pieces>BW_BLOCKEDPETBUFF15_Button</Pieces>
    <Pieces>BW_BLOCKEDPETBUFF16_Button</Pieces>
    <Pieces>BW_BLOCKEDPETBUFF17_Button</Pieces>
    <Pieces>BW_BLOCKEDPETBUFF18_Button</Pieces>
    <Pieces>BW_BLOCKEDPETBUFF19_Button</Pieces>
    <Pieces>BW_BLOCKEDPETBUFF20_Button</Pieces>
    <Pieces>BW_BLOCKEDPETBUFF21_Button</Pieces>
    <Pieces>BW_BLOCKEDPETBUFF22_Button</Pieces>
    <Pieces>BW_BLOCKEDPETBUFF23_Button</Pieces>
    <Pieces>BW_BLOCKEDPETBUFF24_Button</Pieces>
    <Pieces>BW_BLOCKEDPETBUFF25_Button</Pieces>
    <Pieces>BW_BLOCKEDPETBUFF26_Button</Pieces>
    <Pieces>BW_BLOCKEDPETBUFF27_Button</Pieces>
    <Pieces>BW_BLOCKEDPETBUFF28_Button</Pieces>
    <Pieces>BW_BLOCKEDPETBUFF29_Button</Pieces>
    <Pieces>BW_AddSpellToBlockFromPet</Pieces>
    <Pieces>BW_EditSpellToBlockFromPet</Pieces>
    <Font>2</Font>
  </Screen>
</XML>