<?xml version="1.0" encoding="us-ascii"?>
<XML ID="EQInterfaceDefinitionLanguage">
  <Schema xmlns="EverQuestData" xmlns:dt="EverQuestDataTypes" />
  <Editbox item="CW_ChatInput">
    <ScreenID>CWChatInput</ScreenID>
    <DrawTemplate>WDT_Inner</DrawTemplate>
    <RelativePosition>true</RelativePosition>
    <AutoStretch>true</AutoStretch>
    <LeftAnchorOffset>1</LeftAnchorOffset>
    <TopAnchorOffset>21</TopAnchorOffset>
    <RightAnchorOffset>2</RightAnchorOffset>
    <BottomAnchorOffset>1</BottomAnchorOffset>
    <TopAnchorToTop>false</TopAnchorToTop>
    <RightAnchorToLeft>false</RightAnchorToLeft>
    <BottomAnchorToTop>false</BottomAnchorToTop>
    <Style_Transparent>true</Style_Transparent>
    <Font>3</Font>
  </Editbox>
  <STMLbox item="CW_ChatOutput">
    <ScreenID>CWChatOutput</ScreenID>
    <DrawTemplate>WDT_Inner</DrawTemplate>
    <RelativePosition>true</RelativePosition>
    <Style_VScroll>true</Style_VScroll>
    <AutoStretch>true</AutoStretch>
    <LeftAnchorOffset>1</LeftAnchorOffset>
    <TopAnchorOffset>0</TopAnchorOffset>
    <RightAnchorOffset>1</RightAnchorOffset>
    <BottomAnchorOffset>22</BottomAnchorOffset>
    <RightAnchorToLeft>false</RightAnchorToLeft>
    <BottomAnchorToTop>false</BottomAnchorToTop>
    <Style_Border>true</Style_Border>
    <Style_Transparent>true</Style_Transparent>
  </STMLbox>
  <Screen item="ChatWindow">
    <RelativePosition>false</RelativePosition>
    <Location>
      <X>200</X>
      <Y>200</Y>
    </Location>
    <Size>
      <CX>421</CX>
      <CY>200</CY>
    </Size>
    <Style_VScroll>false</Style_VScroll>
    <Style_HScroll>false</Style_HScroll>
    <Style_Transparent>false</Style_Transparent>
    <DrawTemplate>WDT_Rounded</DrawTemplate>
    <Style_Titlebar>true</Style_Titlebar>
    <Style_Closebox>true</Style_Closebox>
    <Style_Minimizebox>true</Style_Minimizebox>
    <Style_Border>true</Style_Border>
    <Style_Sizable>true</Style_Sizable>
    <Pieces>CW_ChatOutput</Pieces>
    <Pieces>CW_ChatInput</Pieces>
    <Font>2</Font>
    <Text>Sparxx</Text>
  </Screen>
</XML>