<?xml version="1.0" encoding="us-ascii"?>
<XML ID="EQInterfaceDefinitionLanguage">
  <Schema xmlns="EverQuestData" xmlns:dt="EverQuestDataTypes" />
  <Listbox item="PvpStats_KillsList">
    <ScreenID>PvpStats_KillsList</ScreenID>
    <DrawTemplate>WDT_Inner</DrawTemplate>
    <RelativePosition>true</RelativePosition>
    <AutoStretch>true</AutoStretch>
    <LeftAnchorOffset>5</LeftAnchorOffset>
    <TopAnchorOffset>242</TopAnchorOffset>
    <RightAnchorOffset>5</RightAnchorOffset>
    <BottomAnchorOffset>46</BottomAnchorOffset>
    <TopAnchorToTop>true</TopAnchorToTop>
    <BottomAnchorToTop>false</BottomAnchorToTop>
    <LeftAnchorToLeft>true</LeftAnchorToLeft>
    <RightAnchorToLeft>false</RightAnchorToLeft>
    <TextColor>
      <R>255</R>
      <G>255</G>
      <B>255</B>
    </TextColor>
    <Style_Border>true</Style_Border>
    <Style_VScroll>true</Style_VScroll>
    <Columns>
      <Width>90</Width>
      <Heading>Name</Heading>
    </Columns>
    <Columns>
      <Width>40</Width>
      <Heading>Level</Heading>
    </Columns>
    <Columns>
      <Width>60</Width>
      <Heading>Race</Heading>
    </Columns>
    <Columns>
      <Width>60</Width>
      <Heading>Class</Heading>
    </Columns>
    <Columns>
      <Width>60</Width>
      <Heading>Zone</Heading>
    </Columns>
    <Columns>
      <Width>50</Width>
      <Heading>Points</Heading>
    </Columns>
    <Columns>
      <Width>150</Width>
      <Heading>Time</Heading>
    </Columns>
  </Listbox>
  <Listbox item="PvpStats_LastKillList">
    <ScreenID>PvpStats_LastKillList</ScreenID>
    <DrawTemplate>WDT_Inner</DrawTemplate>
    <RelativePosition>true</RelativePosition>
    <AutoStretch>true</AutoStretch>
    <LeftAnchorOffset>5</LeftAnchorOffset>
    <TopAnchorOffset>93</TopAnchorOffset>
    <RightAnchorOffset>5</RightAnchorOffset>
    <BottomAnchorOffset>143</BottomAnchorOffset>
    <TopAnchorToTop>true</TopAnchorToTop>
    <BottomAnchorToTop>true</BottomAnchorToTop>
    <LeftAnchorToLeft>true</LeftAnchorToLeft>
    <RightAnchorToLeft>false</RightAnchorToLeft>
    <TextColor>
      <R>255</R>
      <G>255</G>
      <B>255</B>
    </TextColor>
    <Style_Border>true</Style_Border>
    <Style_VScroll>false</Style_VScroll>
    <Columns>
      <Width>90</Width>
      <Heading>Name</Heading>
    </Columns>
    <Columns>
      <Width>40</Width>
      <Heading>Level</Heading>
    </Columns>
    <Columns>
      <Width>60</Width>
      <Heading>Race</Heading>
    </Columns>
    <Columns>
      <Width>60</Width>
      <Heading>Class</Heading>
    </Columns>
    <Columns>
      <Width>60</Width>
      <Heading>Zone</Heading>
    </Columns>
    <Columns>
      <Width>50</Width>
      <Heading>Points</Heading>
    </Columns>
    <Columns>
      <Width>150</Width>
      <Heading>Time</Heading>
    </Columns>
  </Listbox>
  <Listbox item="PvpStats_LastDeathList">
    <ScreenID>PvpStats_LastDeathList</ScreenID>
    <DrawTemplate>WDT_Inner</DrawTemplate>
    <RelativePosition>true</RelativePosition>
    <AutoStretch>true</AutoStretch>
    <LeftAnchorOffset>5</LeftAnchorOffset>
    <TopAnchorOffset>168</TopAnchorOffset>
    <RightAnchorOffset>5</RightAnchorOffset>
    <BottomAnchorOffset>218</BottomAnchorOffset>
    <TopAnchorToTop>true</TopAnchorToTop>
    <BottomAnchorToTop>true</BottomAnchorToTop>
    <LeftAnchorToLeft>true</LeftAnchorToLeft>
    <RightAnchorToLeft>false</RightAnchorToLeft>
    <TextColor>
      <R>255</R>
      <G>255</G>
      <B>255</B>
    </TextColor>
    <Style_Border>true</Style_Border>
    <Style_VScroll>false</Style_VScroll>
    <Columns>
      <Width>90</Width>
      <Heading>Name</Heading>
    </Columns>
    <Columns>
      <Width>40</Width>
      <Heading>Level</Heading>
    </Columns>
    <Columns>
      <Width>60</Width>
      <Heading>Race</Heading>
    </Columns>
    <Columns>
      <Width>60</Width>
      <Heading>Class</Heading>
    </Columns>
    <Columns>
      <Width>60</Width>
      <Heading>Zone</Heading>
    </Columns>
    <Columns>
      <Width>50</Width>
      <Heading>Points</Heading>
    </Columns>
    <Columns>
      <Width>150</Width>
      <Heading>Time</Heading>
    </Columns>
  </Listbox>
  <Label item="PvpStats_AvailableLabel">
    <ScreenID>PvpStats_AvailableLabel</ScreenID>
    <Location>
      <X>89</X>
      <Y>5</Y>
    </Location>
    <Size>
      <CX>180</CX>
      <CY>14</CY>
    </Size>
    <Text>PvP Points Available:</Text>
    <TextColor>
      <R>255</R>
      <G>255</G>
      <B>255</B>
    </TextColor>
    <NoWrap>true</NoWrap>
    <AlignCenter>false</AlignCenter>
    <AlignRight>false</AlignRight>
  </Label>
  <Label item="PvpStats_AvailableValue">
    <ScreenID>PvpStats_AvailableValue</ScreenID>
    <Location>
      <X>204</X>
      <Y>5</Y>
    </Location>
    <Size>
      <CX>49</CX>
      <CY>14</CY>
    </Size>
    <Text>0</Text>
    <TextColor>
      <R>0</R>
      <G>255</G>
      <B>0</B>
    </TextColor>
    <NoWrap>true</NoWrap>
    <AlignCenter>true</AlignCenter>
    <AlignRight>false</AlignRight>
  </Label>
  <Label item="PvpStats_TotalPointsLabel">
    <ScreenID>PvpStats_TotalPointsLabel</ScreenID>
    <Location>
      <X>299</X>
      <Y>5</Y>
    </Location>
    <Size>
      <CX>138</CX>
      <CY>14</CY>
    </Size>
    <Text>Total PvP Points:</Text>
    <TextColor>
      <R>255</R>
      <G>255</G>
      <B>255</B>
    </TextColor>
    <NoWrap>true</NoWrap>
    <AlignCenter>false</AlignCenter>
    <AlignRight>false</AlignRight>
  </Label>
  <Label item="PvpStats_YourKillsLabel">
    <ScreenID>PvpStats_YourKillsLabel</ScreenID>
    <Location>
      <X>314</X>
      <Y>26</Y>
    </Location>
    <Size>
      <CX>71</CX>
      <CY>14</CY>
    </Size>
    <Text>Kills:</Text>
    <TextColor>
      <R>255</R>
      <G>255</G>
      <B>255</B>
    </TextColor>
    <NoWrap>true</NoWrap>
    <AlignCenter>false</AlignCenter>
    <AlignRight>false</AlignRight>
  </Label>
  <Label item="PvpStats_YourDeathsLabel">
    <ScreenID>PvpStats_YourDeathsLabel</ScreenID>
    <Location>
      <X>431</X>
      <Y>26</Y>
    </Location>
    <Size>
      <CX>76</CX>
      <CY>14</CY>
    </Size>
    <Text>Deaths:</Text>
    <TextColor>
      <R>255</R>
      <G>255</G>
      <B>255</B>
    </TextColor>
    <NoWrap>true</NoWrap>
    <AlignCenter>false</AlignCenter>
    <AlignRight>false</AlignRight>
  </Label>
  <Label item="PvpStats_YourCurrentStreakLabel">
    <ScreenID>PvpStats_YourCurrentStreakLabel</ScreenID>
    <RelativePosition>true</RelativePosition>
    <Text>Current Streak:</Text>
    <TextColor>
      <R>255</R>
      <G>255</G>
      <B>255</B>
    </TextColor>
    <NoWrap>true</NoWrap>
    <AlignCenter>false</AlignCenter>
    <AlignRight>false</AlignRight>
    <Location>
      <X>48</X>
      <Y>48</Y>
    </Location>
    <Size>
      <CX>150</CX>
      <CY>22</CY>
    </Size>
  </Label>
  <Label item="PvpStats_YourKillStreakLabel">
    <ScreenID>PvpStats_YourKillStreakLabel</ScreenID>
    <RelativePosition>true</RelativePosition>
    <AutoStretch>false</AutoStretch>
    <LeftAnchorOffset>0</LeftAnchorOffset>
    <TopAnchorOffset>0</TopAnchorOffset>
    <RightAnchorOffset>0</RightAnchorOffset>
    <BottomAnchorOffset>0</BottomAnchorOffset>
    <TopAnchorToTop>true</TopAnchorToTop>
    <BottomAnchorToTop>true</BottomAnchorToTop>
    <LeftAnchorToLeft>true</LeftAnchorToLeft>
    <RightAnchorToLeft>true</RightAnchorToLeft>
    <Text>Best Kill Streak:</Text>
    <TextColor>
      <R>255</R>
      <G>255</G>
      <B>255</B>
    </TextColor>
    <NoWrap>true</NoWrap>
    <AlignCenter>false</AlignCenter>
    <AlignRight>false</AlignRight>
    <Size>
      <CX>150</CX>
      <CY>22</CY>
    </Size>
    <Location>
      <X>208</X>
      <Y>48</Y>
    </Location>
  </Label>
  <Label item="PvpStats_YourDeathStreakLabel">
    <ScreenID>PvpStats_YourDeathStreakLabel</ScreenID>
    <RelativePosition>true</RelativePosition>
    <AutoStretch>false</AutoStretch>
    <LeftAnchorOffset>0</LeftAnchorOffset>
    <TopAnchorOffset>0</TopAnchorOffset>
    <RightAnchorOffset>0</RightAnchorOffset>
    <BottomAnchorOffset>0</BottomAnchorOffset>
    <TopAnchorToTop>false</TopAnchorToTop>
    <BottomAnchorToTop>true</BottomAnchorToTop>
    <LeftAnchorToLeft>true</LeftAnchorToLeft>
    <RightAnchorToLeft>true</RightAnchorToLeft>
    <Text>Worst Death Streak:</Text>
    <TextColor>
      <R>255</R>
      <G>255</G>
      <B>255</B>
    </TextColor>
    <NoWrap>true</NoWrap>
    <AlignCenter>false</AlignCenter>
    <AlignRight>false</AlignRight>
    <Size>
      <CX>158</CX>
      <CY>22</CY>
    </Size>
    <Location>
      <X>360</X>
      <Y>48</Y>
    </Location>
  </Label>
  <Label item="PvpStats_LastKillLabel">
    <ScreenID>PvpStats_LastKillLabel</ScreenID>
    <Location>
      <X>5</X>
      <Y>75</Y>
    </Location>
    <Size>
      <CX>180</CX>
      <CY>14</CY>
    </Size>
    <Text>Last Kill</Text>
    <TextColor>
      <R>255</R>
      <G>255</G>
      <B>255</B>
    </TextColor>
    <NoWrap>true</NoWrap>
    <AlignCenter>false</AlignCenter>
    <AlignRight>false</AlignRight>
  </Label>
  <Label item="PvpStats_LastDeathLabel">
    <ScreenID>PvpStats_LastDeathLabel</ScreenID>
    <Location>
      <X>5</X>
      <Y>148</Y>
    </Location>
    <Size>
      <CX>180</CX>
      <CY>14</CY>
    </Size>
    <Text>Last Death</Text>
    <TextColor>
      <R>255</R>
      <G>255</G>
      <B>255</B>
    </TextColor>
    <NoWrap>true</NoWrap>
    <AlignCenter>false</AlignCenter>
    <AlignRight>false</AlignRight>
  </Label>
  <Label item="PvpStats_Last24HourKillsLabel">
    <ScreenID>PvpStats_Last24HourKillsLabel</ScreenID>
    <Location>
      <X>5</X>
      <Y>223</Y>
    </Location>
    <Size>
      <CX>180</CX>
      <CY>14</CY>
    </Size>
    <Text>Kills last 24 hours</Text>
    <TextColor>
      <R>255</R>
      <G>255</G>
      <B>255</B>
    </TextColor>
    <NoWrap>true</NoWrap>
    <AlignCenter>false</AlignCenter>
    <AlignRight>false</AlignRight>
  </Label>
  <Label item="PvpStats_YourVitalityLabel">
    <ScreenID>PvpStats_YourVitalityLabel</ScreenID>
    <Location>
      <X>173</X>
      <Y>26</Y>
    </Location>
    <Size>
      <CX>86</CX>
      <CY>14</CY>
    </Size>
    <Text>Vitality</Text>
    <TextColor>
      <R>255</R>
      <G>255</G>
      <B>255</B>
    </TextColor>
    <NoWrap>true</NoWrap>
    <AlignCenter>false</AlignCenter>
    <AlignRight>false</AlignRight>
  </Label>
  <Label item="PvpStats_YourInfamyLevelLabel">
    <ScreenID>PvpStats_YourInfamyLevelLabel</ScreenID>
    <Location>
      <X>41</X>
      <Y>26</Y>
    </Location>
    <Size>
      <CX>94</CX>
      <CY>14</CY>
    </Size>
    <Text>Infamy:</Text>
    <TextColor>
      <R>255</R>
      <G>255</G>
      <B>255</B>
    </TextColor>
    <NoWrap>true</NoWrap>
    <AlignCenter>false</AlignCenter>
    <AlignRight>false</AlignRight>
  </Label>
  <!-- Done Button -->
  <Button item="PvpStats_RefreshButton">
    <ScreenID>PvpStats_RefreshButton</ScreenID>
    <LeftAnchorOffset>30</LeftAnchorOffset>
    <TopAnchorOffset>40</TopAnchorOffset>
    <RightAnchorOffset>150</RightAnchorOffset>
    <BottomAnchorOffset>5</BottomAnchorOffset>
    <TopAnchorToTop>false</TopAnchorToTop>
    <BottomAnchorToTop>false</BottomAnchorToTop>
    <LeftAnchorToLeft>true</LeftAnchorToLeft>
    <RightAnchorToLeft>true</RightAnchorToLeft>
    <Style_VScroll>false</Style_VScroll>
    <Style_HScroll>false</Style_HScroll>
    <Style_Transparent>false</Style_Transparent>
    <Style_Checkbox>false</Style_Checkbox>
    <Text>Refresh</Text>
    <TextColor>
      <R>255</R>
      <G>255</G>
      <B>255</B>
    </TextColor>
    <Template>BDT_Normal</Template>
    <RelativePosition>true</RelativePosition>
    <AutoStretch>true</AutoStretch>
  </Button>
  <!-- Done Button -->
  <Button item="PvpStats_LeaderboardButton">
    <ScreenID>PvpStats_LeaderboardButton</ScreenID>
    <LeftAnchorOffset>180</LeftAnchorOffset>
    <TopAnchorOffset>40</TopAnchorOffset>
    <RightAnchorOffset>300</RightAnchorOffset>
    <BottomAnchorOffset>5</BottomAnchorOffset>
    <TopAnchorToTop>false</TopAnchorToTop>
    <BottomAnchorToTop>false</BottomAnchorToTop>
    <LeftAnchorToLeft>true</LeftAnchorToLeft>
    <RightAnchorToLeft>true</RightAnchorToLeft>
    <Style_VScroll>false</Style_VScroll>
    <Style_HScroll>false</Style_HScroll>
    <Style_Transparent>false</Style_Transparent>
    <Style_Checkbox>false</Style_Checkbox>
    <Text>Leaderboard</Text>
    <TextColor>
      <R>255</R>
      <G>255</G>
      <B>255</B>
    </TextColor>
    <Template>BDT_Normal</Template>
    <AutoStretch>true</AutoStretch>
  </Button>
  <!-- Done Button -->
  <Button item="PvpStats_DoneButton">
    <ScreenID>PvpStats_DoneButton</ScreenID>
    <LeftAnchorOffset>330</LeftAnchorOffset>
    <TopAnchorOffset>40</TopAnchorOffset>
    <RightAnchorOffset>450</RightAnchorOffset>
    <BottomAnchorOffset>5</BottomAnchorOffset>
    <TopAnchorToTop>false</TopAnchorToTop>
    <BottomAnchorToTop>false</BottomAnchorToTop>
    <LeftAnchorToLeft>true</LeftAnchorToLeft>
    <RightAnchorToLeft>true</RightAnchorToLeft>
    <Style_VScroll>false</Style_VScroll>
    <Style_HScroll>false</Style_HScroll>
    <Style_Transparent>false</Style_Transparent>
    <Style_Checkbox>false</Style_Checkbox>
    <Text>Done</Text>
    <TextColor>
      <R>255</R>
      <G>255</G>
      <B>255</B>
    </TextColor>
    <Template>BDT_Normal</Template>
    <AutoStretch>true</AutoStretch>
  </Button>
  <!-- The PvP Stats Window -->
  <Screen item="PvPStatsWnd">
    <RelativePosition>false</RelativePosition>
    <Location>
      <X>200</X>
      <Y>200</Y>
    </Location>
    <Size>
      <CX>555</CX>
      <CY>400</CY>
    </Size>
    <Style_VScroll>false</Style_VScroll>
    <Style_HScroll>false</Style_HScroll>
    <Style_Transparent>false</Style_Transparent>
    <Text>Sparxx - PvP Stats</Text>
    <DrawTemplate>WDT_Rounded</DrawTemplate>
    <Style_Titlebar>true</Style_Titlebar>
    <Style_Qmarkbox>true</Style_Qmarkbox>
    <Style_Closebox>true</Style_Closebox>
    <Style_Minimizebox>true</Style_Minimizebox>
    <Style_Border>true</Style_Border>
    <Style_Sizable>true</Style_Sizable>
    <Pieces>PvpStats_KillsList</Pieces>
    <Pieces>PvpStats_AvailableLabel</Pieces>
    <Pieces>PvpStats_AvailableValue</Pieces>
    <Pieces>PvpStats_RefreshButton</Pieces>
    <Pieces>PvpStats_LeaderboardButton</Pieces>
    <Pieces>PvpStats_DoneButton</Pieces>
    <Pieces>PvpStats_YourCurrentStreakLabel</Pieces>
    <Pieces>PvpStats_YourKillStreakLabel</Pieces>
    <Pieces>PvpStats_YourDeathStreakLabel</Pieces>
    <Pieces>PvpStats_LastKillList</Pieces>
    <Pieces>PvpStats_LastDeathList</Pieces>
    <Pieces>PvpStats_LastKillLabel</Pieces>
    <Pieces>PvpStats_LastDeathLabel</Pieces>
    <Pieces>PvpStats_Last24HourKillsLabel</Pieces>
    <Pieces>PvpStats_TotalPointsLabel</Pieces>
    <Pieces>PvpStats_YourKillsLabel</Pieces>
    <Pieces>PvpStats_YourDeathsLabel</Pieces>
    <Pieces>PvpStats_YourVitalityLabel</Pieces>
    <Pieces>PvpStats_YourInfamyLevelLabel</Pieces>
    <Font>2</Font>
  </Screen>
</XML>