<?xml version="1.0" encoding="us-ascii"?>
<XML ID="EQInterfaceDefinitionLanguage">
  <Schema xmlns="EverQuestData" xmlns:dt="EverQuestDataTypes" />
  <InvSlot item="CopyOfInventory Right 5">
    <ScreenID>Inv_Right5</ScreenID>
    <!--<Font>3</Font>-->
    <RelativePosition>true</RelativePosition>
    <Location>
      <X>328</X>
      <Y>22</Y>
    </Location>
    <Size>
      <CX>19</CX>
      <CY>19</CY>
    </Size>
    <Background>A_RecessedBox</Background>
    <EQType>32</EQType>
    <Style_VScroll>false</Style_VScroll>
    <Style_HScroll>false</Style_HScroll>
    <Style_Transparent>false</Style_Transparent>
    <!--<TooltipReference/>-->
  </InvSlot>
  <InvSlot item="CopyOfInventory Right 4">
    <ScreenID>Inv_Right4</ScreenID>
    <!--<Font>3</Font>-->
    <RelativePosition>true</RelativePosition>
    <Location>
      <X>328</X>
      <Y>2</Y>
    </Location>
    <Size>
      <CX>19</CX>
      <CY>19</CY>
    </Size>
    <Background>A_RecessedBox</Background>
    <EQType>31</EQType>
    <Style_VScroll>false</Style_VScroll>
    <Style_HScroll>false</Style_HScroll>
    <Style_Transparent>false</Style_Transparent>
    <!--<TooltipReference/>-->
  </InvSlot>
  <InvSlot item="CopyOfInventory Right 3">
    <ScreenID>Inv_Right3</ScreenID>
    <!--<Font>3</Font>-->
    <RelativePosition>true</RelativePosition>
    <Location>
      <X>308</X>
      <Y>22</Y>
    </Location>
    <Size>
      <CX>19</CX>
      <CY>19</CY>
    </Size>
    <Background>A_RecessedBox</Background>
    <EQType>30</EQType>
    <Style_VScroll>false</Style_VScroll>
    <Style_HScroll>false</Style_HScroll>
    <Style_Transparent>false</Style_Transparent>
    <!--<TooltipReference/>-->
  </InvSlot>
  <InvSlot item="CopyOfInventory Right 2">
    <ScreenID>Inventory Right 2</ScreenID>
    <!--<Font>3</Font>-->
    <RelativePosition>true</RelativePosition>
    <Location>
      <X>308</X>
      <Y>2</Y>
    </Location>
    <Size>
      <CX>19</CX>
      <CY>19</CY>
    </Size>
    <Background>A_RecessedBox</Background>
    <EQType>29</EQType>
    <Style_VScroll>false</Style_VScroll>
    <Style_HScroll>false</Style_HScroll>
    <Style_Transparent>false</Style_Transparent>
    <!--<TooltipReference/>-->
  </InvSlot>
  <InvSlot item="CopyOfInventory Right 1">
    <ScreenID>Inv_Rightt1</ScreenID>
    <!--<Font>3</Font>-->
    <RelativePosition>true</RelativePosition>
    <Location>
      <X>288</X>
      <Y>22</Y>
    </Location>
    <Size>
      <CX>19</CX>
      <CY>19</CY>
    </Size>
    <Background>A_RecessedBox</Background>
    <EQType>28</EQType>
    <Style_VScroll>false</Style_VScroll>
    <Style_HScroll>false</Style_HScroll>
    <Style_Transparent>false</Style_Transparent>
    <!--<TooltipReference/>-->
  </InvSlot>
  <InvSlot item="CopyOfInventory Left 5">
    <ScreenID>Inv_Left5</ScreenID>
    <!--<Font>3</Font>-->
    <RelativePosition>true</RelativePosition>
    <Location>
      <X>288</X>
      <Y>2</Y>
    </Location>
    <Size>
      <CX>19</CX>
      <CY>19</CY>
    </Size>
    <Background>A_RecessedBox</Background>
    <EQType>27</EQType>
    <Style_VScroll>false</Style_VScroll>
    <Style_HScroll>false</Style_HScroll>
    <Style_Transparent>false</Style_Transparent>
    <!--<TooltipReference/>-->
  </InvSlot>
  <InvSlot item="CopyOfInventory Left 4">
    <ScreenID>Inv_Left4</ScreenID>
    <!--<Font>3</Font>-->
    <RelativePosition>true</RelativePosition>
    <Location>
      <X>268</X>
      <Y>22</Y>
    </Location>
    <Size>
      <CX>19</CX>
      <CY>19</CY>
    </Size>
    <Background>A_RecessedBox</Background>
    <EQType>26</EQType>
    <Style_VScroll>false</Style_VScroll>
    <Style_HScroll>false</Style_HScroll>
    <Style_Transparent>false</Style_Transparent>
    <!--<TooltipReference/>-->
  </InvSlot>
  <InvSlot item="CopyOfInventory Left 3">
    <ScreenID>Inv_Left3</ScreenID>
    <!--<Font>3</Font>-->
    <RelativePosition>true</RelativePosition>
    <Location>
      <X>268</X>
      <Y>2</Y>
    </Location>
    <Size>
      <CX>19</CX>
      <CY>19</CY>
    </Size>
    <Background>A_RecessedBox</Background>
    <EQType>25</EQType>
    <Style_VScroll>false</Style_VScroll>
    <Style_HScroll>false</Style_HScroll>
    <Style_Transparent>false</Style_Transparent>
    <!--<TooltipReference/>-->
  </InvSlot>
  <InvSlot item="CopyOfInventory Left 2">
    <ScreenID>Inv_Left2</ScreenID>
    <!--<Font>3</Font>-->
    <RelativePosition>true</RelativePosition>
    <Location>
      <X>248</X>
      <Y>22</Y>
    </Location>
    <Size>
      <CX>19</CX>
      <CY>19</CY>
    </Size>
    <Background>A_RecessedBox</Background>
    <EQType>24</EQType>
    <Style_VScroll>false</Style_VScroll>
    <Style_HScroll>false</Style_HScroll>
    <Style_Transparent>false</Style_Transparent>
    <!--<TooltipReference/>-->
  </InvSlot>
  <InvSlot item="CopyOfInventory Left 1">
    <ScreenID>Inv_Left1</ScreenID>
    <!--<Font>3</Font>-->
    <RelativePosition>true</RelativePosition>
    <Location>
      <X>248</X>
      <Y>2</Y>
    </Location>
    <Size>
      <CX>19</CX>
      <CY>19</CY>
    </Size>
    <Background>A_RecessedBox</Background>
    <EQType>23</EQType>
    <Style_VScroll>false</Style_VScroll>
    <Style_HScroll>false</Style_HScroll>
    <Style_Transparent>false</Style_Transparent>
    <!--<TooltipReference/>-->
  </InvSlot>
  <InvSlot item="CopyOfCharm">
    <ScreenID>Charm</ScreenID>
    <!--<Font>3</Font>-->
    <RelativePosition>true</RelativePosition>
    <Location>
      <X>227</X>
      <Y>2</Y>
    </Location>
    <Size>
      <CX>19</CX>
      <CY>19</CY>
    </Size>
    <Background>A_InvCharm</Background>
    <EQType>0</EQType>
    <Style_VScroll>false</Style_VScroll>
    <Style_HScroll>false</Style_HScroll>
    <Style_Transparent>false</Style_Transparent>
    <!--<TooltipReference/>-->
  </InvSlot>
  <InvSlot item="CopyOfAmmo">
    <ScreenID>Ammo</ScreenID>
    <!--<Font>3</Font>-->
    <RelativePosition>true</RelativePosition>
    <Location>
      <X>227</X>
      <Y>22</Y>
    </Location>
    <Size>
      <CX>19</CX>
      <CY>19</CY>
    </Size>
    <Background>A_InvAmmo</Background>
    <EQType>22</EQType>
    <Style_VScroll>false</Style_VScroll>
    <Style_HScroll>false</Style_HScroll>
    <Style_Transparent>false</Style_Transparent>
    <!--<TooltipReference/>-->
  </InvSlot>
  <InvSlot item="CopyOfWaist">
    <ScreenID>Waist</ScreenID>
    <!--<Font>3</Font>-->
    <RelativePosition>true</RelativePosition>
    <Location>
      <X>161</X>
      <Y>22</Y>
    </Location>
    <Size>
      <CX>19</CX>
      <CY>19</CY>
    </Size>
    <Background>A_InvWaist</Background>
    <EQType>20</EQType>
    <Style_VScroll>false</Style_VScroll>
    <Style_HScroll>false</Style_HScroll>
    <Style_Transparent>false</Style_Transparent>
    <!--<TooltipReference/>-->
  </InvSlot>
  <InvSlot item="CopyOfFeet">
    <ScreenID>Feet</ScreenID>
    <!--<Font>3</Font>-->
    <RelativePosition>true</RelativePosition>
    <Location>
      <X>139</X>
      <Y>22</Y>
    </Location>
    <Size>
      <CX>19</CX>
      <CY>19</CY>
    </Size>
    <Background>A_InvFeet</Background>
    <EQType>19</EQType>
    <Style_VScroll>false</Style_VScroll>
    <Style_HScroll>false</Style_HScroll>
    <Style_Transparent>false</Style_Transparent>
    <!--<TooltipReference/>-->
  </InvSlot>
  <InvSlot item="CopyOfLegs">
    <ScreenID>Legs</ScreenID>
    <!--<Font>3</Font>-->
    <RelativePosition>true</RelativePosition>
    <Location>
      <X>117</X>
      <Y>22</Y>
    </Location>
    <Size>
      <CX>19</CX>
      <CY>19</CY>
    </Size>
    <Background>A_InvLegs</Background>
    <EQType>18</EQType>
    <Style_VScroll>false</Style_VScroll>
    <Style_HScroll>false</Style_HScroll>
    <Style_Transparent>false</Style_Transparent>
    <!--<TooltipReference/>-->
  </InvSlot>
  <InvSlot item="CopyOfChest">
    <ScreenID>Chestt</ScreenID>
    <!--<Font>3</Font>-->
    <RelativePosition>true</RelativePosition>
    <Location>
      <X>139</X>
      <Y>2</Y>
    </Location>
    <Size>
      <CX>19</CX>
      <CY>19</CY>
    </Size>
    <Background>A_InvChest</Background>
    <EQType>17</EQType>
    <Style_VScroll>false</Style_VScroll>
    <Style_HScroll>false</Style_HScroll>
    <Style_Transparent>false</Style_Transparent>
    <!--<TooltipReference/>-->
  </InvSlot>
  <InvSlot item="CopyOfRight Finger">
    <ScreenID>Right_Finger</ScreenID>
    <!--<Font>3</Font>-->
    <RelativePosition>true</RelativePosition>
    <Location>
      <X>183</X>
      <Y>22</Y>
    </Location>
    <Size>
      <CX>19</CX>
      <CY>19</CY>
    </Size>
    <Background>A_InvRing</Background>
    <EQType>16</EQType>
    <Style_VScroll>false</Style_VScroll>
    <Style_HScroll>false</Style_HScroll>
    <Style_Transparent>false</Style_Transparent>
    <!--<TooltipReference/>-->
  </InvSlot>
  <InvSlot item="CopyOfLeft Finger">
    <ScreenID>Left_Finger</ScreenID>
    <!--<Font>3</Font>-->
    <RelativePosition>true</RelativePosition>
    <Location>
      <X>51</X>
      <Y>22</Y>
    </Location>
    <Size>
      <CX>19</CX>
      <CY>19</CY>
    </Size>
    <Background>A_InvRing</Background>
    <EQType>15</EQType>
    <Style_VScroll>false</Style_VScroll>
    <Style_HScroll>false</Style_HScroll>
    <Style_Transparent>false</Style_Transparent>
    <!--<TooltipReference/>-->
  </InvSlot>
  <InvSlot item="CopyOfSecondary">
    <ScreenID>Secondary</ScreenID>
    <!--<Font>3</Font>-->
    <RelativePosition>true</RelativePosition>
    <Location>
      <X>3</X>
      <Y>22</Y>
    </Location>
    <Size>
      <CX>19</CX>
      <CY>19</CY>
    </Size>
    <Background>A_InvSecondary</Background>
    <EQType>14</EQType>
    <Style_VScroll>false</Style_VScroll>
    <Style_HScroll>false</Style_HScroll>
    <Style_Transparent>false</Style_Transparent>
    <!--<TooltipReference/>-->
  </InvSlot>
  <InvSlot item="CopyOfPrimary">
    <ScreenID>Primary</ScreenID>
    <!--<Font>3</Font>-->
    <RelativePosition>true</RelativePosition>
    <Location>
      <X>3</X>
      <Y>2</Y>
    </Location>
    <Size>
      <CX>19</CX>
      <CY>19</CY>
    </Size>
    <Background>A_InvPrimary</Background>
    <EQType>13</EQType>
    <Style_VScroll>false</Style_VScroll>
    <Style_HScroll>false</Style_HScroll>
    <Style_Transparent>false</Style_Transparent>
    <!--<TooltipReference/>-->
  </InvSlot>
  <InvSlot item="CopyOfHands">
    <ScreenID>Handst</ScreenID>
    <!--<Font>3</Font>-->
    <RelativePosition>true</RelativePosition>
    <Location>
      <X>95</X>
      <Y>22</Y>
    </Location>
    <Size>
      <CX>19</CX>
      <CY>19</CY>
    </Size>
    <Background>A_InvHands</Background>
    <EQType>12</EQType>
    <Style_VScroll>false</Style_VScroll>
    <Style_HScroll>false</Style_HScroll>
    <Style_Transparent>false</Style_Transparent>
    <!--<TooltipReference/>-->
  </InvSlot>
  <InvSlot item="CopyOfRange">
    <ScreenID>Ranget</ScreenID>
    <!--<Font>3</Font>-->
    <RelativePosition>true</RelativePosition>
    <Location>
      <X>183</X>
      <Y>2</Y>
    </Location>
    <Size>
      <CX>19</CX>
      <CY>19</CY>
    </Size>
    <Background>A_InvRange</Background>
    <EQType>11</EQType>
    <Style_VScroll>false</Style_VScroll>
    <Style_HScroll>false</Style_HScroll>
    <Style_Transparent>false</Style_Transparent>
    <!--<TooltipReference/>-->
  </InvSlot>
  <InvSlot item="CopyOfRight Wrist">
    <ScreenID>Right_Wrist</ScreenID>
    <!--<Font>3</Font>-->
    <RelativePosition>true</RelativePosition>
    <Location>
      <X>205</X>
      <Y>22</Y>
    </Location>
    <Size>
      <CX>19</CX>
      <CY>19</CY>
    </Size>
    <Background>A_InvWrist</Background>
    <EQType>10</EQType>
    <Style_VScroll>false</Style_VScroll>
    <Style_HScroll>false</Style_HScroll>
    <Style_Transparent>false</Style_Transparent>
    <!--<TooltipReference/>-->
  </InvSlot>
  <InvSlot item="CopyOfLeft Wrist">
    <ScreenID>Left_Wrist</ScreenID>
    <!--<Font>3</Font>-->
    <RelativePosition>true</RelativePosition>
    <Location>
      <X>29</X>
      <Y>22</Y>
    </Location>
    <Size>
      <CX>19</CX>
      <CY>19</CY>
    </Size>
    <Background>A_InvWrist</Background>
    <EQType>9</EQType>
    <Style_VScroll>false</Style_VScroll>
    <Style_HScroll>false</Style_HScroll>
    <Style_Transparent>false</Style_Transparent>
    <!--<TooltipReference/>-->
  </InvSlot>
  <InvSlot item="CopyOfBack">
    <ScreenID>Back</ScreenID>
    <!--<Font>3</Font>-->
    <RelativePosition>true</RelativePosition>
    <Location>
      <X>161</X>
      <Y>2</Y>
    </Location>
    <Size>
      <CX>19</CX>
      <CY>19</CY>
    </Size>
    <Background>A_InvAboutBody</Background>
    <EQType>8</EQType>
    <Style_VScroll>false</Style_VScroll>
    <Style_HScroll>false</Style_HScroll>
    <Style_Transparent>false</Style_Transparent>
    <!--<TooltipReference/>-->
  </InvSlot>
  <InvSlot item="CopyOfArms">
    <ScreenID>Arms</ScreenID>
    <!--<Font>3</Font>-->
    <RelativePosition>true</RelativePosition>
    <Location>
      <X>73</X>
      <Y>22</Y>
    </Location>
    <Size>
      <CX>19</CX>
      <CY>19</CY>
    </Size>
    <Background>A_InvArms</Background>
    <EQType>7</EQType>
    <Style_VScroll>false</Style_VScroll>
    <Style_HScroll>false</Style_HScroll>
    <Style_Transparent>false</Style_Transparent>
    <!--<TooltipReference/>-->
  </InvSlot>
  <InvSlot item="CopyOfShoulder">
    <ScreenID>Shoulder</ScreenID>
    <!--<Font>3</Font>-->
    <RelativePosition>true</RelativePosition>
    <Location>
      <X>51</X>
      <Y>2</Y>
    </Location>
    <Size>
      <CX>19</CX>
      <CY>19</CY>
    </Size>
    <Background>A_InvShoulders</Background>
    <EQType>6</EQType>
    <Style_VScroll>false</Style_VScroll>
    <Style_HScroll>false</Style_HScroll>
    <Style_Transparent>false</Style_Transparent>
    <!--<TooltipReference/>-->
  </InvSlot>
  <InvSlot item="CopyOfNeck">
    <ScreenID>Neck</ScreenID>
    <!--<Font>3</Font>-->
    <RelativePosition>true</RelativePosition>
    <Location>
      <X>95</X>
      <Y>2</Y>
    </Location>
    <Size>
      <CX>19</CX>
      <CY>19</CY>
    </Size>
    <Background>A_InvNeck</Background>
    <EQType>5</EQType>
    <Style_VScroll>false</Style_VScroll>
    <Style_HScroll>false</Style_HScroll>
    <Style_Transparent>false</Style_Transparent>
    <!--<TooltipReference/>-->
  </InvSlot>
  <InvSlot item="CopyOfRight Ear">
    <ScreenID>Right_Ear</ScreenID>
    <!--<Font>3</Font>-->
    <RelativePosition>true</RelativePosition>
    <Location>
      <X>205</X>
      <Y>2</Y>
    </Location>
    <Size>
      <CX>19</CX>
      <CY>19</CY>
    </Size>
    <Background>A_InvEar</Background>
    <EQType>4</EQType>
    <Style_VScroll>false</Style_VScroll>
    <Style_HScroll>false</Style_HScroll>
    <Style_Transparent>false</Style_Transparent>
    <!--<TooltipReference/>-->
  </InvSlot>
  <InvSlot item="CopyOfFace">
    <ScreenID>Face</ScreenID>
    <!--<Font>3</Font>-->
    <RelativePosition>true</RelativePosition>
    <Location>
      <X>73</X>
      <Y>2</Y>
    </Location>
    <Size>
      <CX>19</CX>
      <CY>19</CY>
    </Size>
    <Background>A_InvFace</Background>
    <EQType>3</EQType>
    <Style_VScroll>false</Style_VScroll>
    <Style_HScroll>false</Style_HScroll>
    <Style_Transparent>false</Style_Transparent>
    <!--<TooltipReference/>-->
  </InvSlot>
  <InvSlot item="CopyOfHead">
    <ScreenID>Head</ScreenID>
    <!--<Font>3</Font>-->
    <RelativePosition>true</RelativePosition>
    <Location>
      <X>117</X>
      <Y>2</Y>
    </Location>
    <Size>
      <CX>19</CX>
      <CY>19</CY>
    </Size>
    <Background>A_InvHead</Background>
    <EQType>2</EQType>
    <Style_VScroll>false</Style_VScroll>
    <Style_HScroll>false</Style_HScroll>
    <Style_Transparent>false</Style_Transparent>
    <!--<TooltipReference/>-->
  </InvSlot>
  <InvSlot item="CopyOfCopyOfLeft Ear">
    <ScreenID>Left_Ear</ScreenID>
    <!--<Font>3</Font>-->
    <RelativePosition>true</RelativePosition>
    <Location>
      <X>29</X>
      <Y>2</Y>
    </Location>
    <Size>
      <CX>19</CX>
      <CY>19</CY>
    </Size>
    <Background>A_InvEar</Background>
    <EQType>1</EQType>
    <Style_VScroll>false</Style_VScroll>
    <Style_HScroll>false</Style_HScroll>
    <Style_Transparent>false</Style_Transparent>
    <!--<TooltipReference/>-->
    <Font>2</Font>
  </InvSlot>
  <InvSlot item="CopyOfLeft Ear">
    <ScreenID>Left_Ear</ScreenID>
    <!--<Font>3</Font>-->
    <RelativePosition>true</RelativePosition>
    <Location>
      <X>27</X>
      <Y>38</Y>
    </Location>
    <Size>
      <CX>40</CX>
      <CY>40</CY>
    </Size>
    <Background>A_InvEar</Background>
    <EQType>1</EQType>
    <Style_VScroll>false</Style_VScroll>
    <Style_HScroll>false</Style_HScroll>
    <Style_Transparent>false</Style_Transparent>
    <!--<TooltipReference/>-->
  </InvSlot>
  <!-- Actions Socials Page -->
  <Button item="ASP_SocialPageLeftButton">
    <ScreenID>ASP_SocialPageLeftButton</ScreenID>
    <!--<Font>3</Font>-->
    <RelativePosition>true</RelativePosition>
    <Location>
      <X>308</X>
      <Y>9</Y>
    </Location>
    <Size>
      <CX>22</CX>
      <CY>12</CY>
    </Size>
    <Text />
    <TextColor>
      <R>255</R>
      <G>255</G>
      <B>255</B>
    </TextColor>
    <ButtonDrawTemplate>
      <Normal>A_HSBLeftNormal</Normal>
      <Pressed>A_HSBLeftPressed</Pressed>
      <Flyby>A_HSBLeftFlyby</Flyby>
      <Disabled>A_HSBLeftDisabled</Disabled>
      <PressedFlyby>A_HSBLeftPressedFlyby</PressedFlyby>
    </ButtonDrawTemplate>
  </Button>
  <Label item="ASP_CurrentSocialPageLabel">
    <ScreenID>ASP_CurrentSocialPageLabel</ScreenID>
    <Font>2</Font>
    <RelativePosition>true</RelativePosition>
    <Location>
      <X>323</X>
      <Y>15</Y>
    </Location>
    <Size>
      <CX>36</CX>
      <CY>16</CY>
    </Size>
    <Text>1</Text>
    <TextColor>
      <R>255</R>
      <G>255</G>
      <B>255</B>
    </TextColor>
    <NoWrap>false</NoWrap>
    <AlignCenter>true</AlignCenter>
    <AlignRight>false</AlignRight>
  </Label>
  <Button item="ASP_SocialPageRightButton">
    <ScreenID>ASP_SocialPageRightButton</ScreenID>
    <!--<Font>3</Font>-->
    <RelativePosition>true</RelativePosition>
    <Location>
      <X>309</X>
      <Y>24</Y>
    </Location>
    <Size>
      <CX>22</CX>
      <CY>12</CY>
    </Size>
    <Text />
    <TextColor>
      <R>255</R>
      <G>255</G>
      <B>255</B>
    </TextColor>
    <ButtonDrawTemplate>
      <Normal>A_HSBRightNormal</Normal>
      <Pressed>A_HSBRightPressed</Pressed>
      <Flyby>A_HSBRightFlyby</Flyby>
      <Disabled>A_HSBRightDisabled</Disabled>
      <PressedFlyby>A_HSBRightPressedFlyby</PressedFlyby>
    </ButtonDrawTemplate>
  </Button>
  <Button item="ASP_SocialButton1">
    <ScreenID>ASP_SocialButton1</ScreenID>
    <Font>2</Font>
    <RelativePosition>true</RelativePosition>
    <Location>
      <X>3</X>
      <Y>3</Y>
    </Location>
    <Size>
      <CX>50</CX>
      <CY>20</CY>
    </Size>
    <Text />
    <TextColor>
      <R>255</R>
      <G>255</G>
      <B>255</B>
    </TextColor>
    <ButtonDrawTemplate>
      <Normal>A_SmallBtnNormal</Normal>
      <Pressed>A_SmallBtnPressed</Pressed>
      <Flyby>A_SmallBtnFlyby</Flyby>
      <Disabled>A_SmallBtnDisabled</Disabled>
      <PressedFlyby>A_SmallBtnPressedFlyby</PressedFlyby>
    </ButtonDrawTemplate>
  </Button>
  <Button item="ASP_SocialButton7">
    <ScreenID>ASP_SocialButton7</ScreenID>
    <Font>2</Font>
    <RelativePosition>true</RelativePosition>
    <Location>
      <X>53</X>
      <Y>3</Y>
    </Location>
    <Size>
      <CX>50</CX>
      <CY>20</CY>
    </Size>
    <Text />
    <TextColor>
      <R>255</R>
      <G>255</G>
      <B>255</B>
    </TextColor>
    <ButtonDrawTemplate>
      <Normal>A_SmallBtnNormal</Normal>
      <Pressed>A_SmallBtnPressed</Pressed>
      <Flyby>A_SmallBtnFlyby</Flyby>
      <Disabled>A_SmallBtnDisabled</Disabled>
      <PressedFlyby>A_SmallBtnPressedFlyby</PressedFlyby>
    </ButtonDrawTemplate>
  </Button>
  <Button item="ASP_SocialButton2">
    <ScreenID>ASP_SocialButton2</ScreenID>
    <Font>2</Font>
    <RelativePosition>true</RelativePosition>
    <Location>
      <X>3</X>
      <Y>23</Y>
    </Location>
    <Size>
      <CX>50</CX>
      <CY>20</CY>
    </Size>
    <Text />
    <TextColor>
      <R>255</R>
      <G>255</G>
      <B>255</B>
    </TextColor>
    <ButtonDrawTemplate>
      <Normal>A_SmallBtnNormal</Normal>
      <Pressed>A_SmallBtnPressed</Pressed>
      <Flyby>A_SmallBtnFlyby</Flyby>
      <Disabled>A_SmallBtnDisabled</Disabled>
      <PressedFlyby>A_SmallBtnPressedFlyby</PressedFlyby>
    </ButtonDrawTemplate>
  </Button>
  <Button item="ASP_SocialButton8">
    <ScreenID>ASP_SocialButton8</ScreenID>
    <Font>2</Font>
    <RelativePosition>true</RelativePosition>
    <Location>
      <X>53</X>
      <Y>23</Y>
    </Location>
    <Size>
      <CX>50</CX>
      <CY>20</CY>
    </Size>
    <Text />
    <TextColor>
      <R>255</R>
      <G>255</G>
      <B>255</B>
    </TextColor>
    <ButtonDrawTemplate>
      <Normal>A_SmallBtnNormal</Normal>
      <Pressed>A_SmallBtnPressed</Pressed>
      <Flyby>A_SmallBtnFlyby</Flyby>
      <Disabled>A_SmallBtnDisabled</Disabled>
      <PressedFlyby>A_SmallBtnPressedFlyby</PressedFlyby>
    </ButtonDrawTemplate>
  </Button>
  <Button item="ASP_SocialButton3">
    <ScreenID>ASP_SocialButton3</ScreenID>
    <Font>2</Font>
    <RelativePosition>true</RelativePosition>
    <Location>
      <X>103</X>
      <Y>3</Y>
    </Location>
    <Size>
      <CX>50</CX>
      <CY>20</CY>
    </Size>
    <Text />
    <TextColor>
      <R>255</R>
      <G>255</G>
      <B>255</B>
    </TextColor>
    <ButtonDrawTemplate>
      <Normal>A_SmallBtnNormal</Normal>
      <Pressed>A_SmallBtnPressed</Pressed>
      <Flyby>A_SmallBtnFlyby</Flyby>
      <Disabled>A_SmallBtnDisabled</Disabled>
      <PressedFlyby>A_SmallBtnPressedFlyby</PressedFlyby>
    </ButtonDrawTemplate>
  </Button>
  <Button item="ASP_SocialButton9">
    <ScreenID>ASP_SocialButton9</ScreenID>
    <Font>2</Font>
    <RelativePosition>true</RelativePosition>
    <Location>
      <X>153</X>
      <Y>3</Y>
    </Location>
    <Size>
      <CX>50</CX>
      <CY>20</CY>
    </Size>
    <Text />
    <TextColor>
      <R>255</R>
      <G>255</G>
      <B>255</B>
    </TextColor>
    <ButtonDrawTemplate>
      <Normal>A_SmallBtnNormal</Normal>
      <Pressed>A_SmallBtnPressed</Pressed>
      <Flyby>A_SmallBtnFlyby</Flyby>
      <Disabled>A_SmallBtnDisabled</Disabled>
      <PressedFlyby>A_SmallBtnPressedFlyby</PressedFlyby>
    </ButtonDrawTemplate>
  </Button>
  <Button item="ASP_SocialButton4">
    <ScreenID>ASP_SocialButton4</ScreenID>
    <Font>2</Font>
    <RelativePosition>true</RelativePosition>
    <Location>
      <X>103</X>
      <Y>23</Y>
    </Location>
    <Size>
      <CX>50</CX>
      <CY>20</CY>
    </Size>
    <Text />
    <TextColor>
      <R>255</R>
      <G>255</G>
      <B>255</B>
    </TextColor>
    <ButtonDrawTemplate>
      <Normal>A_SmallBtnNormal</Normal>
      <Pressed>A_SmallBtnPressed</Pressed>
      <Flyby>A_SmallBtnFlyby</Flyby>
      <Disabled>A_SmallBtnDisabled</Disabled>
      <PressedFlyby>A_SmallBtnPressedFlyby</PressedFlyby>
    </ButtonDrawTemplate>
  </Button>
  <Button item="ASP_SocialButton10">
    <ScreenID>ASP_SocialButton10</ScreenID>
    <Font>2</Font>
    <RelativePosition>true</RelativePosition>
    <Location>
      <X>153</X>
      <Y>23</Y>
    </Location>
    <Size>
      <CX>50</CX>
      <CY>20</CY>
    </Size>
    <Text />
    <TextColor>
      <R>255</R>
      <G>255</G>
      <B>255</B>
    </TextColor>
    <ButtonDrawTemplate>
      <Normal>A_SmallBtnNormal</Normal>
      <Pressed>A_SmallBtnPressed</Pressed>
      <Flyby>A_SmallBtnFlyby</Flyby>
      <Disabled>A_SmallBtnDisabled</Disabled>
      <PressedFlyby>A_SmallBtnPressedFlyby</PressedFlyby>
    </ButtonDrawTemplate>
  </Button>
  <Button item="ASP_SocialButton5">
    <ScreenID>ASP_SocialButton5</ScreenID>
    <Font>2</Font>
    <RelativePosition>true</RelativePosition>
    <Location>
      <X>203</X>
      <Y>3</Y>
    </Location>
    <Size>
      <CX>50</CX>
      <CY>20</CY>
    </Size>
    <Text />
    <TextColor>
      <R>255</R>
      <G>255</G>
      <B>255</B>
    </TextColor>
    <ButtonDrawTemplate>
      <Normal>A_SmallBtnNormal</Normal>
      <Pressed>A_SmallBtnPressed</Pressed>
      <Flyby>A_SmallBtnFlyby</Flyby>
      <Disabled>A_SmallBtnDisabled</Disabled>
      <PressedFlyby>A_SmallBtnPressedFlyby</PressedFlyby>
    </ButtonDrawTemplate>
  </Button>
  <Button item="ASP_SocialButton11">
    <ScreenID>ASP_SocialButton11</ScreenID>
    <Font>2</Font>
    <RelativePosition>true</RelativePosition>
    <Location>
      <X>253</X>
      <Y>3</Y>
    </Location>
    <Size>
      <CX>50</CX>
      <CY>20</CY>
    </Size>
    <Text />
    <TextColor>
      <R>255</R>
      <G>255</G>
      <B>255</B>
    </TextColor>
    <ButtonDrawTemplate>
      <Normal>A_SmallBtnNormal</Normal>
      <Pressed>A_SmallBtnPressed</Pressed>
      <Flyby>A_SmallBtnFlyby</Flyby>
      <Disabled>A_SmallBtnDisabled</Disabled>
      <PressedFlyby>A_SmallBtnPressedFlyby</PressedFlyby>
    </ButtonDrawTemplate>
  </Button>
  <Button item="ASP_SocialButton6">
    <ScreenID>ASP_SocialButton6</ScreenID>
    <Font>2</Font>
    <RelativePosition>true</RelativePosition>
    <Location>
      <X>203</X>
      <Y>23</Y>
    </Location>
    <Size>
      <CX>50</CX>
      <CY>20</CY>
    </Size>
    <Text />
    <TextColor>
      <R>255</R>
      <G>255</G>
      <B>255</B>
    </TextColor>
    <ButtonDrawTemplate>
      <Normal>A_SmallBtnNormal</Normal>
      <Pressed>A_SmallBtnPressed</Pressed>
      <Flyby>A_SmallBtnFlyby</Flyby>
      <Disabled>A_SmallBtnDisabled</Disabled>
      <PressedFlyby>A_SmallBtnPressedFlyby</PressedFlyby>
    </ButtonDrawTemplate>
  </Button>
  <Button item="ASP_SocialButton12">
    <ScreenID>ASP_SocialButton12</ScreenID>
    <Font>2</Font>
    <RelativePosition>true</RelativePosition>
    <Location>
      <X>253</X>
      <Y>23</Y>
    </Location>
    <Size>
      <CX>50</CX>
      <CY>20</CY>
    </Size>
    <Text />
    <TextColor>
      <R>255</R>
      <G>255</G>
      <B>255</B>
    </TextColor>
    <ButtonDrawTemplate>
      <Normal>A_SmallBtnNormal</Normal>
      <Pressed>A_SmallBtnPressed</Pressed>
      <Flyby>A_SmallBtnFlyby</Flyby>
      <Disabled>A_SmallBtnDisabled</Disabled>
      <PressedFlyby>A_SmallBtnPressedFlyby</PressedFlyby>
    </ButtonDrawTemplate>
  </Button>
  <Page item="ActionsSocialsPage">
    <ScreenID>ActionsSocialsPage</ScreenID>
    <!--<Font>3</Font>-->
    <RelativePosition>true</RelativePosition>
    <Style_VScroll>false</Style_VScroll>
    <Style_HScroll>false</Style_HScroll>
    <Style_Transparent>false</Style_Transparent>
    <DrawTemplate>WDT_Def</DrawTemplate>
    <Pieces>ASP_SocialPageLeftButton</Pieces>
    <Pieces>ASP_CurrentSocialPageLabel</Pieces>
    <Pieces>ASP_SocialPageRightButton</Pieces>
    <Pieces>ASP_SocialButton1</Pieces>
    <Pieces>ASP_SocialButton2</Pieces>
    <Pieces>ASP_SocialButton3</Pieces>
    <Pieces>ASP_SocialButton4</Pieces>
    <Pieces>ASP_SocialButton5</Pieces>
    <Pieces>ASP_SocialButton6</Pieces>
    <Pieces>ASP_SocialButton7</Pieces>
    <Pieces>ASP_SocialButton8</Pieces>
    <Pieces>ASP_SocialButton9</Pieces>
    <Pieces>ASP_SocialButton10</Pieces>
    <Pieces>ASP_SocialButton11</Pieces>
    <Pieces>ASP_SocialButton12</Pieces>
    <Location>
      <X>0</X>
      <Y>22</Y>
    </Location>
    <Size>
      <CX>352</CX>
      <CY>40</CY>
    </Size>
    <Font>2</Font>
    <TabText>Socials</TabText>
    <TextColor>
      <B>255</B>
      <G>255</G>
      <R>255</R>
    </TextColor>
    <Text>Socials</Text>
    <TabTextColor>
      <B>255</B>
      <G>255</G>
      <R>255</R>
    </TabTextColor>
    <TabTextActiveColor>
      <B>0</B>
      <G>255</G>
    </TabTextActiveColor>
  </Page>
  <Page item="ActionsGearPage">
    <ScreenID>ActionsGearPage</ScreenID>
    <!--<Font>3</Font>-->
    <RelativePosition>true</RelativePosition>
    <Style_VScroll>false</Style_VScroll>
    <Style_HScroll>false</Style_HScroll>
    <Style_Transparent>false</Style_Transparent>
    <DrawTemplate>WDT_Def</DrawTemplate>
    <Location>
      <X>0</X>
      <Y>22</Y>
    </Location>
    <Size>
      <CX>352</CX>
      <CY>40</CY>
    </Size>
    <Font>2</Font>
    <TabText>Gear</TabText>
    <TextColor>
      <B>255</B>
      <G>255</G>
      <R>255</R>
    </TextColor>
    <Text>Gear</Text>
    <TabTextColor>
      <B>255</B>
      <G>255</G>
      <R>255</R>
    </TabTextColor>
    <TabTextActiveColor>
      <B>0</B>
      <G>255</G>
    </TabTextActiveColor>
    <Pieces>CopyOfCopyOfLeft Ear</Pieces>
    <Pieces>CopyOfHead</Pieces>
    <Pieces>CopyOfFace</Pieces>
    <Pieces>CopyOfRight Ear</Pieces>
    <Pieces>CopyOfNeck</Pieces>
    <Pieces>CopyOfShoulder</Pieces>
    <Pieces>CopyOfArms</Pieces>
    <Pieces>CopyOfBack</Pieces>
    <Pieces>CopyOfLeft Wrist</Pieces>
    <Pieces>CopyOfRight Wrist</Pieces>
    <Pieces>CopyOfRange</Pieces>
    <Pieces>CopyOfHands</Pieces>
    <Pieces>CopyOfPrimary</Pieces>
    <Pieces>CopyOfSecondary</Pieces>
    <Pieces>CopyOfLeft Finger</Pieces>
    <Pieces>CopyOfRight Finger</Pieces>
    <Pieces>CopyOfChest</Pieces>
    <Pieces>CopyOfLegs</Pieces>
    <Pieces>CopyOfFeet</Pieces>
    <Pieces>CopyOfWaist</Pieces>
    <Pieces>CopyOfAmmo</Pieces>
    <Pieces>CopyOfCharm</Pieces>
    <Pieces>CopyOfInventory Left 1</Pieces>
    <Pieces>CopyOfInventory Left 2</Pieces>
    <Pieces>CopyOfInventory Left 3</Pieces>
    <Pieces>CopyOfInventory Left 4</Pieces>
    <Pieces>CopyOfInventory Left 5</Pieces>
    <Pieces>CopyOfInventory Right 1</Pieces>
    <Pieces>CopyOfInventory Right 2</Pieces>
    <Pieces>CopyOfInventory Right 3</Pieces>
    <Pieces>CopyOfInventory Right 4</Pieces>
    <Pieces>CopyOfInventory Right 5</Pieces>
  </Page>
  <!-- Actions Main Page -->
  <!-- Note that the Who Button is being "replaced" by the Find button, so here it has been shrunk to have 0x0 dimensions. The button still exists in the window, so you can feel free to put it back in your own custom skin, if you desire.-->
  <Button item="AMP_WhoButton">
    <ScreenID>AMP_WhoButton</ScreenID>
    <!--<Font>3</Font>-->
    <RelativePosition>true</RelativePosition>
    <Location>
      <X>10</X>
      <Y>10</Y>
    </Location>
    <Size>
      <CX>1</CX>
      <CY>1</CY>
    </Size>
    <Text>Who</Text>
    <TextColor>
      <R>255</R>
      <G>255</G>
      <B>255</B>
    </TextColor>
    <ButtonDrawTemplate>
      <Normal>A_BtnNormal</Normal>
      <Pressed>A_BtnPressed</Pressed>
      <Flyby>A_BtnFlyby</Flyby>
      <Disabled>A_BtnDisabled</Disabled>
      <PressedFlyby>A_BtnPressedFlyby</PressedFlyby>
    </ButtonDrawTemplate>
  </Button>
  <Button item="AMP_FindButton">
    <ScreenID>AMP_FindButton</ScreenID>
    <!--<Font>3</Font>-->
    <RelativePosition>true</RelativePosition>
    <Location>
      <X>5</X>
      <Y>4</Y>
    </Location>
    <Size>
      <CX>56</CX>
      <CY>35</CY>
    </Size>
    <Text>Find</Text>
    <TextColor>
      <R>255</R>
      <G>255</G>
      <B>255</B>
    </TextColor>
    <ButtonDrawTemplate>
      <Normal>A_BtnNormal</Normal>
      <Pressed>A_BtnPressed</Pressed>
      <Flyby>A_BtnFlyby</Flyby>
      <Disabled>A_BtnDisabled</Disabled>
      <PressedFlyby>A_BtnPressedFlyby</PressedFlyby>
    </ButtonDrawTemplate>
    <Font>2</Font>
  </Button>
  <Button item="AMP_EndFindButton">
    <ScreenID>AMP_EndFindButton</ScreenID>
    <!--<Font>3</Font>-->
    <RelativePosition>true</RelativePosition>
    <Location>
      <X>5</X>
      <Y>4</Y>
    </Location>
    <Size>
      <CX>56</CX>
      <CY>35</CY>
    </Size>
    <Text>End Find</Text>
    <TextColor>
      <R>255</R>
      <G>255</G>
      <B>255</B>
    </TextColor>
    <ButtonDrawTemplate>
      <Normal>A_BtnNormal</Normal>
      <Pressed>A_BtnPressed</Pressed>
      <Flyby>A_BtnFlyby</Flyby>
      <Disabled>A_BtnDisabled</Disabled>
      <PressedFlyby>A_BtnPressedFlyby</PressedFlyby>
    </ButtonDrawTemplate>
    <Font>2</Font>
  </Button>
  <Button item="AMP_InviteButton">
    <ScreenID>AMP_InviteButton</ScreenID>
    <RelativePosition>true</RelativePosition>
    <Location>
      <X>62</X>
      <Y>4</Y>
    </Location>
    <Size>
      <CX>56</CX>
      <CY>35</CY>
    </Size>
    <Text>Invite</Text>
    <TextColor>
      <R>255</R>
      <G>255</G>
      <B>255</B>
    </TextColor>
    <ButtonDrawTemplate>
      <Normal>A_BtnNormal</Normal>
      <Pressed>A_BtnPressed</Pressed>
      <Flyby>A_BtnFlyby</Flyby>
      <Disabled>A_BtnDisabled</Disabled>
      <PressedFlyby>A_BtnPressedFlyby</PressedFlyby>
    </ButtonDrawTemplate>
    <Font>2</Font>
  </Button>
  <Button item="AMP_FollowButton">
    <ScreenID>AMP_FollowButton</ScreenID>
    <RelativePosition>true</RelativePosition>
    <Location>
      <X>62</X>
      <Y>4</Y>
    </Location>
    <Size>
      <CX>56</CX>
      <CY>35</CY>
    </Size>
    <Text>Follow</Text>
    <TextColor>
      <R>255</R>
      <G>255</G>
      <B>255</B>
    </TextColor>
    <ButtonDrawTemplate>
      <Normal>A_BtnNormal</Normal>
      <Pressed>A_BtnPressed</Pressed>
      <Flyby>A_BtnFlyby</Flyby>
      <Disabled>A_BtnDisabled</Disabled>
      <PressedFlyby>A_BtnPressedFlyby</PressedFlyby>
    </ButtonDrawTemplate>
    <Font>2</Font>
  </Button>
  <Button item="AMP_DisbandButton">
    <ScreenID>AMP_DisbandButton</ScreenID>
    <RelativePosition>true</RelativePosition>
    <Location>
      <X>119</X>
      <Y>4</Y>
    </Location>
    <Size>
      <CX>56</CX>
      <CY>35</CY>
    </Size>
    <Text>Disband</Text>
    <TextColor>
      <R>255</R>
      <G>255</G>
      <B>255</B>
    </TextColor>
    <ButtonDrawTemplate>
      <Normal>A_BtnNormal</Normal>
      <Pressed>A_BtnPressed</Pressed>
      <Flyby>A_BtnFlyby</Flyby>
      <Disabled>A_BtnDisabled</Disabled>
      <PressedFlyby>A_BtnPressedFlyby</PressedFlyby>
    </ButtonDrawTemplate>
    <Font>2</Font>
  </Button>
  <Button item="AMP_CampButton">
    <ScreenID>AMP_CampButton</ScreenID>
    <!--<Font>3</Font>-->
    <RelativePosition>true</RelativePosition>
    <Location>
      <X>176</X>
      <Y>4</Y>
    </Location>
    <Size>
      <CX>56</CX>
      <CY>35</CY>
    </Size>
    <Text>Camp Out</Text>
    <TextColor>
      <R>255</R>
      <G>255</G>
      <B>255</B>
    </TextColor>
    <ButtonDrawTemplate>
      <Normal>A_BtnNormal</Normal>
      <Pressed>A_BtnPressed</Pressed>
      <Flyby>A_BtnFlyby</Flyby>
      <Disabled>A_BtnDisabled</Disabled>
      <PressedFlyby>A_BtnPressedFlyby</PressedFlyby>
    </ButtonDrawTemplate>
    <Font>2</Font>
  </Button>
  <Button item="AMP_SitButton">
    <ScreenID>AMP_SitButton</ScreenID>
    <!--<Font>3</Font>-->
    <RelativePosition>true</RelativePosition>
    <Location>
      <X>233</X>
      <Y>4</Y>
    </Location>
    <Size>
      <CX>56</CX>
      <CY>35</CY>
    </Size>
    <Text>Sit</Text>
    <TextColor>
      <R>255</R>
      <G>255</G>
      <B>255</B>
    </TextColor>
    <ButtonDrawTemplate>
      <Normal>A_BtnNormal</Normal>
      <Pressed>A_BtnPressed</Pressed>
      <Flyby>A_BtnFlyby</Flyby>
      <Disabled>A_BtnDisabled</Disabled>
      <PressedFlyby>A_BtnPressedFlyby</PressedFlyby>
    </ButtonDrawTemplate>
    <Font>2</Font>
  </Button>
  <Button item="AMP_StandButton">
    <ScreenID>AMP_StandButton</ScreenID>
    <!--<Font>3</Font>-->
    <RelativePosition>true</RelativePosition>
    <Location>
      <X>233</X>
      <Y>4</Y>
    </Location>
    <Size>
      <CX>56</CX>
      <CY>35</CY>
    </Size>
    <Text>Stand</Text>
    <TextColor>
      <R>255</R>
      <G>255</G>
      <B>255</B>
    </TextColor>
    <ButtonDrawTemplate>
      <Normal>A_BtnNormal</Normal>
      <Pressed>A_BtnPressed</Pressed>
      <Flyby>A_BtnFlyby</Flyby>
      <Disabled>A_BtnDisabled</Disabled>
      <PressedFlyby>A_BtnPressedFlyby</PressedFlyby>
    </ButtonDrawTemplate>
    <Font>2</Font>
  </Button>
  <Button item="AMP_RunButton">
    <ScreenID>AMP_RunButton</ScreenID>
    <!--<Font>3</Font>-->
    <RelativePosition>true</RelativePosition>
    <Location>
      <X>290</X>
      <Y>4</Y>
    </Location>
    <Size>
      <CX>56</CX>
      <CY>35</CY>
    </Size>
    <Text>Run</Text>
    <TextColor>
      <R>255</R>
      <G>255</G>
      <B>255</B>
    </TextColor>
    <ButtonDrawTemplate>
      <Normal>A_BtnNormal</Normal>
      <Pressed>A_BtnPressed</Pressed>
      <Flyby>A_BtnFlyby</Flyby>
      <Disabled>A_BtnDisabled</Disabled>
      <PressedFlyby>A_BtnPressedFlyby</PressedFlyby>
    </ButtonDrawTemplate>
    <Font>2</Font>
  </Button>
  <Button item="AMP_WalkButton">
    <ScreenID>AMP_WalkButton</ScreenID>
    <!--<Font>3</Font>-->
    <RelativePosition>true</RelativePosition>
    <Location>
      <X>290</X>
      <Y>4</Y>
    </Location>
    <Size>
      <CX>56</CX>
      <CY>35</CY>
    </Size>
    <Text>Walk</Text>
    <TextColor>
      <R>255</R>
      <G>255</G>
      <B>255</B>
    </TextColor>
    <ButtonDrawTemplate>
      <Normal>A_BtnNormal</Normal>
      <Pressed>A_BtnPressed</Pressed>
      <Flyby>A_BtnFlyby</Flyby>
      <Disabled>A_BtnDisabled</Disabled>
      <PressedFlyby>A_BtnPressedFlyby</PressedFlyby>
    </ButtonDrawTemplate>
    <Font>2</Font>
  </Button>
  <Page item="ActionsMainPage">
    <ScreenID>ActionsMainPage</ScreenID>
    <!--<Font>3</Font>-->
    <RelativePosition>true</RelativePosition>
    <Style_VScroll>false</Style_VScroll>
    <Style_HScroll>false</Style_HScroll>
    <Style_Transparent>false</Style_Transparent>
    <DrawTemplate>WDT_Def</DrawTemplate>
    <Pieces>AMP_WhoButton</Pieces>
    <Pieces>AMP_FindButton</Pieces>
    <Pieces>AMP_EndFindButton</Pieces>
    <Pieces>AMP_InviteButton</Pieces>
    <Pieces>AMP_FollowButton</Pieces>
    <Pieces>AMP_DisbandButton</Pieces>
    <Pieces>AMP_CampButton</Pieces>
    <Pieces>AMP_SitButton</Pieces>
    <Pieces>AMP_StandButton</Pieces>
    <Pieces>AMP_RunButton</Pieces>
    <Pieces>AMP_WalkButton</Pieces>
    <Location>
      <X>0</X>
      <Y>22</Y>
    </Location>
    <Size>
      <CX>352</CX>
      <CY>40</CY>
    </Size>
    <TabText>General</TabText>
    <TabTextActiveColor>
      <G>255</G>
    </TabTextActiveColor>
    <TabTextColor>
      <B>255</B>
      <G>255</G>
      <R>255</R>
    </TabTextColor>
    <Font>2</Font>
  </Page>
  <!-- Actions Combat Page -->
  <Button item="ACP_MeleeAttackButton">
    <ScreenID>ACP_MeleeAttackButton</ScreenID>
    <Font>1</Font>
    <RelativePosition>true</RelativePosition>
    <Location>
      <X>5</X>
      <Y>4</Y>
    </Location>
    <Size>
      <CX>56</CX>
      <CY>35</CY>
    </Size>
    <TextColor>
      <R>255</R>
      <G>255</G>
      <B>255</B>
    </TextColor>
    <DecalSize>
      <CX>40</CX>
      <CY>40</CY>
    </DecalSize>
    <ButtonDrawTemplate>
      <Normal>A_SquareBtnNormal</Normal>
      <Pressed>A_SquareBtnPressed</Pressed>
      <Flyby>A_SquareBtnFlyby</Flyby>
      <Disabled>A_SquareBtnDisabled</Disabled>
      <PressedFlyby>A_SquareBtnPressedFlyby</PressedFlyby>
    </ButtonDrawTemplate>
    <Text>Melee Atk</Text>
  </Button>
  <Button item="ACP_RangeAttackButton">
    <ScreenID>ACP_RangeAttackButton</ScreenID>
    <Font>1</Font>
    <RelativePosition>true</RelativePosition>
    <Location>
      <X>62</X>
      <Y>4</Y>
    </Location>
    <Size>
      <CX>56</CX>
      <CY>35</CY>
    </Size>
    <TextColor>
      <R>255</R>
      <G>255</G>
      <B>255</B>
    </TextColor>
    <DecalSize>
      <CX>40</CX>
      <CY>40</CY>
    </DecalSize>
    <ButtonDrawTemplate>
      <Normal>A_SquareBtnNormal</Normal>
      <Pressed>A_SquareBtnPressed</Pressed>
      <Flyby>A_SquareBtnFlyby</Flyby>
      <Disabled>A_SquareBtnDisabled</Disabled>
      <PressedFlyby>A_SquareBtnPressedFlyby</PressedFlyby>
    </ButtonDrawTemplate>
    <Text>Range Atk</Text>
  </Button>
  <Button item="ACP_FirstAbilityButton">
    <ScreenID>ACP_FirstAbilityButton</ScreenID>
    <Font>1</Font>
    <RelativePosition>true</RelativePosition>
    <Location>
      <X>119</X>
      <Y>4</Y>
    </Location>
    <Size>
      <CX>56</CX>
      <CY>35</CY>
    </Size>
    <TextColor>
      <R>255</R>
      <G>255</G>
      <B>255</B>
    </TextColor>
    <ButtonDrawTemplate>
      <Normal>A_SquareBtnNormal</Normal>
      <Pressed>A_SquareBtnPressed</Pressed>
      <Flyby>A_SquareBtnFlyby</Flyby>
      <Disabled>A_SquareBtnDisabled</Disabled>
      <PressedFlyby>A_SquareBtnPressedFlyby</PressedFlyby>
    </ButtonDrawTemplate>
  </Button>
  <Button item="ACP_SecondAbilityButton">
    <ScreenID>ACP_SecondAbilityButton</ScreenID>
    <Font>1</Font>
    <RelativePosition>true</RelativePosition>
    <Location>
      <X>176</X>
      <Y>4</Y>
    </Location>
    <Size>
      <CX>56</CX>
      <CY>35</CY>
    </Size>
    <TextColor>
      <R>255</R>
      <G>255</G>
      <B>255</B>
    </TextColor>
    <ButtonDrawTemplate>
      <Normal>A_SquareBtnNormal</Normal>
      <Pressed>A_SquareBtnPressed</Pressed>
      <Flyby>A_SquareBtnFlyby</Flyby>
      <Disabled>A_SquareBtnDisabled</Disabled>
      <PressedFlyby>A_SquareBtnPressedFlyby</PressedFlyby>
    </ButtonDrawTemplate>
  </Button>
  <Button item="ACP_ThirdAbilityButton">
    <ScreenID>ACP_ThirdAbilityButton</ScreenID>
    <Font>1</Font>
    <RelativePosition>true</RelativePosition>
    <Location>
      <X>233</X>
      <Y>4</Y>
    </Location>
    <Size>
      <CX>56</CX>
      <CY>35</CY>
    </Size>
    <TextColor>
      <R>255</R>
      <G>255</G>
      <B>255</B>
    </TextColor>
    <ButtonDrawTemplate>
      <Normal>A_SquareBtnNormal</Normal>
      <Pressed>A_SquareBtnPressed</Pressed>
      <Flyby>A_SquareBtnFlyby</Flyby>
      <Disabled>A_SquareBtnDisabled</Disabled>
      <PressedFlyby>A_SquareBtnPressedFlyby</PressedFlyby>
    </ButtonDrawTemplate>
  </Button>
  <Button item="ACP_FourthAbilityButton">
    <ScreenID>ACP_FourthAbilityButton</ScreenID>
    <Font>1</Font>
    <RelativePosition>true</RelativePosition>
    <Location>
      <X>290</X>
      <Y>4</Y>
    </Location>
    <Size>
      <CX>56</CX>
      <CY>35</CY>
    </Size>
    <TextColor>
      <R>255</R>
      <G>255</G>
      <B>255</B>
    </TextColor>
    <ButtonDrawTemplate>
      <Normal>A_SquareBtnNormal</Normal>
      <Pressed>A_SquareBtnPressed</Pressed>
      <Flyby>A_SquareBtnFlyby</Flyby>
      <Disabled>A_SquareBtnDisabled</Disabled>
      <PressedFlyby>A_SquareBtnPressedFlyby</PressedFlyby>
    </ButtonDrawTemplate>
  </Button>
  <Page item="ActionsCombatPage">
    <ScreenID>ActionsCombatPage</ScreenID>
    <!--<Font>3</Font>-->
    <RelativePosition>true</RelativePosition>
    <Style_VScroll>false</Style_VScroll>
    <Style_HScroll>false</Style_HScroll>
    <Style_Transparent>false</Style_Transparent>
    <DrawTemplate>WDT_Def</DrawTemplate>
    <Pieces>ACP_MeleeAttackButton</Pieces>
    <Pieces>ACP_RangeAttackButton</Pieces>
    <Pieces>ACP_FirstAbilityButton</Pieces>
    <Pieces>ACP_SecondAbilityButton</Pieces>
    <Pieces>ACP_ThirdAbilityButton</Pieces>
    <Pieces>ACP_FourthAbilityButton</Pieces>
    <Location>
      <X>0</X>
      <Y>22</Y>
    </Location>
    <Size>
      <CX>352</CX>
      <CY>40</CY>
    </Size>
    <Font>2</Font>
    <TextColor>
      <B>255</B>
      <G>255</G>
      <R>255</R>
    </TextColor>
    <TabTextActiveColor>
      <G>255</G>
    </TabTextActiveColor>
    <TabTextColor>
      <B>255</B>
      <G>255</G>
      <R>255</R>
    </TabTextColor>
    <TabText>Combat</TabText>
  </Page>
  <!-- Actions Abilities Page -->
  <Button item="AAP_FirstAbilityButton">
    <ScreenID>AAP_FirstAbilityButton</ScreenID>
    <Font>1</Font>
    <RelativePosition>true</RelativePosition>
    <Location>
      <X>5</X>
      <Y>4</Y>
    </Location>
    <Size>
      <CX>56</CX>
      <CY>35</CY>
    </Size>
    <TextColor>
      <R>255</R>
      <G>255</G>
      <B>255</B>
    </TextColor>
    <ButtonDrawTemplate>
      <Normal>A_SquareBtnNormal</Normal>
      <Pressed>A_SquareBtnPressed</Pressed>
      <Flyby>A_SquareBtnFlyby</Flyby>
      <Disabled>A_SquareBtnDisabled</Disabled>
      <PressedFlyby>A_SquareBtnPressedFlyby</PressedFlyby>
    </ButtonDrawTemplate>
  </Button>
  <Button item="AAP_SecondAbilityButton">
    <ScreenID>AAP_SecondAbilityButton</ScreenID>
    <Font>1</Font>
    <RelativePosition>true</RelativePosition>
    <Location>
      <X>62</X>
      <Y>4</Y>
    </Location>
    <Size>
      <CX>56</CX>
      <CY>35</CY>
    </Size>
    <TextColor>
      <R>255</R>
      <G>255</G>
      <B>255</B>
    </TextColor>
    <ButtonDrawTemplate>
      <Normal>A_SquareBtnNormal</Normal>
      <Pressed>A_SquareBtnPressed</Pressed>
      <Flyby>A_SquareBtnFlyby</Flyby>
      <Disabled>A_SquareBtnDisabled</Disabled>
      <PressedFlyby>A_SquareBtnPressedFlyby</PressedFlyby>
    </ButtonDrawTemplate>
  </Button>
  <Button item="AAP_ThirdAbilityButton">
    <ScreenID>AAP_ThirdAbilityButton</ScreenID>
    <Font>1</Font>
    <RelativePosition>true</RelativePosition>
    <Location>
      <X>119</X>
      <Y>4</Y>
    </Location>
    <Size>
      <CX>56</CX>
      <CY>35</CY>
    </Size>
    <TextColor>
      <R>255</R>
      <G>255</G>
      <B>255</B>
    </TextColor>
    <ButtonDrawTemplate>
      <Normal>A_SquareBtnNormal</Normal>
      <Pressed>A_SquareBtnPressed</Pressed>
      <Flyby>A_SquareBtnFlyby</Flyby>
      <Disabled>A_SquareBtnDisabled</Disabled>
      <PressedFlyby>A_SquareBtnPressedFlyby</PressedFlyby>
    </ButtonDrawTemplate>
  </Button>
  <Button item="AAP_FourthAbilityButton">
    <ScreenID>AAP_FourthAbilityButton</ScreenID>
    <Font>1</Font>
    <RelativePosition>true</RelativePosition>
    <Location>
      <X>176</X>
      <Y>4</Y>
    </Location>
    <Size>
      <CX>56</CX>
      <CY>35</CY>
    </Size>
    <TextColor>
      <R>255</R>
      <G>255</G>
      <B>255</B>
    </TextColor>
    <ButtonDrawTemplate>
      <Normal>A_SquareBtnNormal</Normal>
      <Pressed>A_SquareBtnPressed</Pressed>
      <Flyby>A_SquareBtnFlyby</Flyby>
      <Disabled>A_SquareBtnDisabled</Disabled>
      <PressedFlyby>A_SquareBtnPressedFlyby</PressedFlyby>
    </ButtonDrawTemplate>
  </Button>
  <Button item="AAP_FifthAbilityButton">
    <ScreenID>AAP_FifthAbilityButton</ScreenID>
    <Font>1</Font>
    <RelativePosition>true</RelativePosition>
    <Location>
      <X>233</X>
      <Y>4</Y>
    </Location>
    <Size>
      <CX>56</CX>
      <CY>35</CY>
    </Size>
    <TextColor>
      <R>255</R>
      <G>255</G>
      <B>255</B>
    </TextColor>
    <ButtonDrawTemplate>
      <Normal>A_SquareBtnNormal</Normal>
      <Pressed>A_SquareBtnPressed</Pressed>
      <Flyby>A_SquareBtnFlyby</Flyby>
      <Disabled>A_SquareBtnDisabled</Disabled>
      <PressedFlyby>A_SquareBtnPressedFlyby</PressedFlyby>
    </ButtonDrawTemplate>
  </Button>
  <Button item="AAP_SixthAbilityButton">
    <ScreenID>AAP_SixthAbilityButton</ScreenID>
    <Font>1</Font>
    <RelativePosition>true</RelativePosition>
    <Location>
      <X>290</X>
      <Y>4</Y>
    </Location>
    <Size>
      <CX>56</CX>
      <CY>35</CY>
    </Size>
    <TextColor>
      <R>255</R>
      <G>255</G>
      <B>255</B>
    </TextColor>
    <ButtonDrawTemplate>
      <Normal>A_SquareBtnNormal</Normal>
      <Pressed>A_SquareBtnPressed</Pressed>
      <Flyby>A_SquareBtnFlyby</Flyby>
      <Disabled>A_SquareBtnDisabled</Disabled>
      <PressedFlyby>A_SquareBtnPressedFlyby</PressedFlyby>
    </ButtonDrawTemplate>
  </Button>
  <Page item="ActionsAbilitiesPage">
    <ScreenID>ActionsAbilitiesPage</ScreenID>
    <!--<Font>3</Font>-->
    <RelativePosition>true</RelativePosition>
    <Style_VScroll>false</Style_VScroll>
    <Style_HScroll>false</Style_HScroll>
    <Style_Transparent>false</Style_Transparent>
    <DrawTemplate>WDT_Def</DrawTemplate>
    <Pieces>AAP_FirstAbilityButton</Pieces>
    <Pieces>AAP_SecondAbilityButton</Pieces>
    <Pieces>AAP_ThirdAbilityButton</Pieces>
    <Pieces>AAP_FourthAbilityButton</Pieces>
    <Pieces>AAP_FifthAbilityButton</Pieces>
    <Pieces>AAP_SixthAbilityButton</Pieces>
    <Location>
      <X>0</X>
      <Y>22</Y>
    </Location>
    <Size>
      <CX>352</CX>
      <CY>40</CY>
    </Size>
    <TabText>Abilities</TabText>
    <TabTextActiveColor>
      <G>255</G>
    </TabTextActiveColor>
    <TabTextColor>
      <B>255</B>
      <G>255</G>
      <R>255</R>
    </TabTextColor>
    <Font>2</Font>
  </Page>
  <!-- TabBox Brings all the Actions Pages Together -->
  <TabBox item="ACTW_ActionsSubwindows">
    <ScreenID>ACTW_ActionsSubwindows</ScreenID>
    <!--<Font>3</Font>-->
    <RelativePosition>true</RelativePosition>
    <AutoStretch>true</AutoStretch>
    <TopAnchorToTop>true</TopAnchorToTop>
    <BottomAnchorToTop>false</BottomAnchorToTop>
    <LeftAnchorToLeft>true</LeftAnchorToLeft>
    <RightAnchorToLeft>false</RightAnchorToLeft>
    <TabBorderTemplate>FT_DefTabBorder</TabBorderTemplate>
    <PageBorderTemplate>FT_DefPageBorder</PageBorderTemplate>
    <LeftAnchorOffset>1</LeftAnchorOffset>
    <RightAnchorOffset>-1</RightAnchorOffset>
    <TopAnchorOffset>0</TopAnchorOffset>
    <BottomAnchorOffset>0</BottomAnchorOffset>
    <TextColor>
      <B>255</B>
      <G>255</G>
      <R>255</R>
    </TextColor>
    <Font>2</Font>
    <Pages>ActionsSocialsPage</Pages>
    <Pages>ActionsGearPage</Pages>
    <Pages>ActionsMainPage</Pages>
    <Pages>ActionsAbilitiesPage</Pages>
    <Pages>ActionsCombatPage</Pages>
  </TabBox>
  <Screen item="ActionsWindow">
    <!--<ScreenID/>-->
    <!--<Font>3</Font>-->
    <RelativePosition>false</RelativePosition>
    <Location>
      <X>200</X>
      <Y>200</Y>
    </Location>
    <Size>
      <CX>370</CX>
      <CY>80</CY>
    </Size>
    <Text>Sparxx - Actions</Text>
    <Style_VScroll>false</Style_VScroll>
    <Style_HScroll>false</Style_HScroll>
    <Style_Transparent>false</Style_Transparent>
    <!--<TooltipReference/>-->
    <DrawTemplate>WDT_RoundedNoTitle</DrawTemplate>
    <Style_Titlebar>False</Style_Titlebar>
    <Style_Closebox>False</Style_Closebox>
    <Style_Minimizebox>False</Style_Minimizebox>
    <Style_Border>true</Style_Border>
    <Style_Sizable>false</Style_Sizable>
    <Pieces>ACTW_ActionsSubwindows</Pieces>
    <Font>2</Font>
    <TextColor>
      <B>255</B>
      <G>255</G>
      <R>255</R>
    </TextColor>
  </Screen>
</XML>