<?xml version="1.0" encoding="us-ascii"?>
<XML ID="EQInterfaceDefinitionLanguage">
	<Schema xmlns="EverQuestData" xmlns:dt="EverQuestDataTypes" />

	<Label item="ETW_AggroPct0">
		<ScreenID>ETW_AggroPct0</ScreenID>
		<RelativePosition>true</RelativePosition>
		<Font>2</Font>
		<Text>78</Text>
		<TextColor>
			<R>255</R>
			<G>255</G>
			<B>255</B>
		</TextColor>
		<EQType>314</EQType>
		<NoWrap>true</NoWrap>
		<AutoStretch>true</AutoStretch>
		<AlignLeft>true</AlignLeft>
		<TopAnchorOffset>20</TopAnchorOffset>
		<BottomAnchorOffset>32</BottomAnchorOffset>
		<RightAnchorToLeft>false</RightAnchorToLeft>
	</Label>
	<Gauge item="ETW_Gauge0">
		<ScreenID>ETW_Gauge0</ScreenID>
		<TextColor>
			<R>240</R>
			<G>240</G>
			<B>240</B>
		</TextColor>
		<RelativePosition>true</RelativePosition>
		<FillTint>
			<R>220</R>
			<G>0</G>
			<B>0</B>
		</FillTint>
		<EQType>42</EQType>
		<GaugeDrawTemplate>
			<Fill>A_GaugeFill</Fill>
		</GaugeDrawTemplate>
		<GaugeOffsetY>10</GaugeOffsetY>
		<AutoStretch>true</AutoStretch>
		<TopAnchorOffset>2</TopAnchorOffset>
		<BottomAnchorOffset>30</BottomAnchorOffset>
		<RightAnchorToLeft>false</RightAnchorToLeft>
		<LeftAnchorOffset>20</LeftAnchorOffset>
		<RightAnchorOffset>0</RightAnchorOffset>
	</Gauge>
	<Gauge item="ETW_ManaGauge0">
		<ScreenID>ETW_ManaGauge0</ScreenID>
		<TextOffsetY>-50</TextOffsetY>
		<GaugeOffsetY>-2</GaugeOffsetY>
		<RelativePosition>true</RelativePosition>
		<FillTint>
			<R>0</R>
			<G>128</G>
			<B>255</B>
		</FillTint>
		<EQType>62</EQType>
		<GaugeDrawTemplate>
			<Fill>A_GaugeFill</Fill>
		</GaugeDrawTemplate>
		<AutoStretch>true</AutoStretch>
		<TopAnchorOffset>22</TopAnchorOffset>
		<BottomAnchorOffset>27</BottomAnchorOffset>
		<RightAnchorToLeft>false</RightAnchorToLeft>
		<LeftAnchorOffset>24</LeftAnchorOffset>
		<RightAnchorOffset>4</RightAnchorOffset>
	</Gauge>
	<Gauge item="ETW_STAGauge0">
		<ScreenID>ETW_STAGauge0</ScreenID>
		<TextOffsetY>-50</TextOffsetY>
		<GaugeOffsetY>-2</GaugeOffsetY>
		<RelativePosition>true</RelativePosition>
		<FillTint>
			<R>240</R>
			<G>240</G>
			<B>0</B>
		</FillTint>
		<EQType>82</EQType>
		<GaugeDrawTemplate>
			<Fill>A_GaugeFill</Fill>
		</GaugeDrawTemplate>
		<AutoStretch>true</AutoStretch>
		<TopAnchorOffset>27</TopAnchorOffset>
		<BottomAnchorOffset>30</BottomAnchorOffset>
		<RightAnchorToLeft>false</RightAnchorToLeft>
		<LeftAnchorOffset>24</LeftAnchorOffset>
		<RightAnchorOffset>4</RightAnchorOffset>
	</Gauge>
	<Label item="ETW_HPLabel0">
		<ScreenID>ETW_HPLabel0</ScreenID>
		<RelativePosition>true</RelativePosition>
		<Text>100</Text>
		<TextColor>
			<R>255</R>
			<G>255</G>
			<B>255</B>
		</TextColor>
		<NoWrap>true</NoWrap>
		<AlignCenter>true</AlignCenter>
		<Font>2</Font>
		<EQType>151</EQType>
		<AutoStretch>true</AutoStretch>
		<TopAnchorOffset>15</TopAnchorOffset>
		<BottomAnchorOffset>30</BottomAnchorOffset>
		<RightAnchorToLeft>false</RightAnchorToLeft>
		<Style_Tooltip>false</Style_Tooltip>
	</Label>
	<Label item="ETW_HPPercLabel0">
		<ScreenID>ETW_HPPercLabel0</ScreenID>
		<RelativePosition>true</RelativePosition>
		<Text>%</Text>
		<TextColor>
			<R>255</R>
			<G>255</G>
			<B>255</B>
		</TextColor>
		<NoWrap>true</NoWrap>
		<AlignCenter>true</AlignCenter>
		<Font>2</Font>
		<AutoStretch>true</AutoStretch>
		<TopAnchorOffset>15</TopAnchorOffset>
		<BottomAnchorOffset>30</BottomAnchorOffset>
		<LeftAnchorOffset>28</LeftAnchorOffset>
		<RightAnchorToLeft>false</RightAnchorToLeft>
		<Style_Tooltip>false</Style_Tooltip>
	</Label>
	<Button item="ETW_Role0">
		<ScreenID>ETW_Role0</ScreenID>
		<RelativePosition>true</RelativePosition>
		<Style_Transparent>false</Style_Transparent>
		<Style_Checkbox>false</Style_Checkbox>
		<ButtonDrawTemplate>
		</ButtonDrawTemplate>
		<DecalSize>
			<CX>15</CX>
			<CY>15</CY>
		</DecalSize>
		<TopAnchorOffset>5</TopAnchorOffset>
		<BottomAnchorOffset>20</BottomAnchorOffset>
		<LeftAnchorOffset>1</LeftAnchorOffset>
		<RightAnchorOffset>19</RightAnchorOffset>
		<AutoStretch>true</AutoStretch>
		<LeftAnchorToLeft>true</LeftAnchorToLeft>
		<RightAnchorToLeft>true</RightAnchorToLeft>
	</Button>
 
	<Label item="ETW_AggroPct1">
		<ScreenID>ETW_AggroPct1</ScreenID>
		<RelativePosition>true</RelativePosition>
		<Font>2</Font>
		<Text>78</Text>
		<TextColor>
			<R>255</R>
			<G>255</G>
			<B>255</B>
		</TextColor>
		<EQType>315</EQType>
		<NoWrap>true</NoWrap>
		<AutoStretch>true</AutoStretch>
		<AlignLeft>true</AlignLeft>
		<TopAnchorOffset>50</TopAnchorOffset>
		<BottomAnchorOffset>62</BottomAnchorOffset>
		<RightAnchorToLeft>false</RightAnchorToLeft>
	</Label>
	<Gauge item="ETW_Gauge1">
		<ScreenID>ETW_Gauge1</ScreenID>
		<TextColor>
			<R>240</R>
			<G>240</G>
			<B>240</B>
		</TextColor>
		<RelativePosition>true</RelativePosition>
		<FillTint>
			<R>220</R>
			<G>0</G>
			<B>0</B>
		</FillTint>
		<EQType>43</EQType>
		<GaugeDrawTemplate>
			<Fill>A_GaugeFill</Fill>
		</GaugeDrawTemplate>
		<GaugeOffsetY>10</GaugeOffsetY>
		<AutoStretch>true</AutoStretch>
		<TopAnchorOffset>32</TopAnchorOffset>
		<BottomAnchorOffset>60</BottomAnchorOffset>
		<RightAnchorToLeft>false</RightAnchorToLeft>
		<LeftAnchorOffset>20</LeftAnchorOffset>
		<RightAnchorOffset>0</RightAnchorOffset>
	</Gauge>
	<Gauge item="ETW_ManaGauge1">
		<ScreenID>ETW_ManaGauge1</ScreenID>
		<TextOffsetY>-50</TextOffsetY>
		<GaugeOffsetY>-2</GaugeOffsetY>
		<RelativePosition>true</RelativePosition>
		<FillTint>
			<R>0</R>
			<G>128</G>
			<B>255</B>
		</FillTint>
		<EQType>63</EQType>
		<GaugeDrawTemplate>
			<Fill>A_GaugeFill</Fill>
		</GaugeDrawTemplate>
		<AutoStretch>true</AutoStretch>
		<TopAnchorOffset>52</TopAnchorOffset>
		<BottomAnchorOffset>57</BottomAnchorOffset>
		<RightAnchorToLeft>false</RightAnchorToLeft>
		<LeftAnchorOffset>24</LeftAnchorOffset>
		<RightAnchorOffset>4</RightAnchorOffset>
	</Gauge>
	<Gauge item="ETW_STAGauge1">
		<ScreenID>ETW_STAGauge1</ScreenID>
		<TextOffsetY>-50</TextOffsetY>
		<GaugeOffsetY>-2</GaugeOffsetY>
		<RelativePosition>true</RelativePosition>
		<FillTint>
			<R>240</R>
			<G>240</G>
			<B>0</B>
		</FillTint>
		<EQType>83</EQType>
		<GaugeDrawTemplate>
			<Fill>A_GaugeFill</Fill>
		</GaugeDrawTemplate>
		<AutoStretch>true</AutoStretch>
		<TopAnchorOffset>57</TopAnchorOffset>
		<BottomAnchorOffset>60</BottomAnchorOffset>
		<RightAnchorToLeft>false</RightAnchorToLeft>
		<LeftAnchorOffset>24</LeftAnchorOffset>
		<RightAnchorOffset>4</RightAnchorOffset>
	</Gauge>
	<Label item="ETW_HPLabel1">
		<ScreenID>ETW_HPLabel1</ScreenID>
		<RelativePosition>true</RelativePosition>
		<Text>100</Text>
		<TextColor>
			<R>255</R>
			<G>255</G>
			<B>255</B>
		</TextColor>
		<NoWrap>true</NoWrap>
		<AlignCenter>true</AlignCenter>
		<Font>2</Font>
		<EQType>152</EQType>
		<AutoStretch>true</AutoStretch>
		<TopAnchorOffset>45</TopAnchorOffset>
		<BottomAnchorOffset>60</BottomAnchorOffset>
		<RightAnchorToLeft>false</RightAnchorToLeft>
		<Style_Tooltip>false</Style_Tooltip>
	</Label>
	<Label item="ETW_HPPercLabel1">
		<ScreenID>ETW_HPPercLabel1</ScreenID>
		<RelativePosition>true</RelativePosition>
		<Text>%</Text>
		<TextColor>
			<R>255</R>
			<G>255</G>
			<B>255</B>
		</TextColor>
		<NoWrap>true</NoWrap>
		<AlignCenter>true</AlignCenter>
		<Font>2</Font>
		<AutoStretch>true</AutoStretch>
		<TopAnchorOffset>45</TopAnchorOffset>
		<BottomAnchorOffset>60</BottomAnchorOffset>
		<LeftAnchorOffset>28</LeftAnchorOffset>
		<RightAnchorToLeft>false</RightAnchorToLeft>
		<Style_Tooltip>false</Style_Tooltip>
	</Label>
	<Button item="ETW_Role1">
		<ScreenID>ETW_Role1</ScreenID>
		<RelativePosition>true</RelativePosition>
		<Style_Transparent>false</Style_Transparent>
		<Style_Checkbox>false</Style_Checkbox>
		<ButtonDrawTemplate>
		</ButtonDrawTemplate>
		<DecalSize>
			<CX>15</CX>
			<CY>15</CY>
		</DecalSize>
		<TopAnchorOffset>35</TopAnchorOffset>
		<BottomAnchorOffset>50</BottomAnchorOffset>
		<LeftAnchorOffset>1</LeftAnchorOffset>
		<RightAnchorOffset>19</RightAnchorOffset>
		<AutoStretch>true</AutoStretch>
		<LeftAnchorToLeft>true</LeftAnchorToLeft>
		<RightAnchorToLeft>true</RightAnchorToLeft>
	</Button>
 
	<Label item="ETW_AggroPct2">
		<ScreenID>ETW_AggroPct2</ScreenID>
		<RelativePosition>true</RelativePosition>
		<Font>2</Font>
		<Text>78</Text>
		<TextColor>
			<R>255</R>
			<G>255</G>
			<B>255</B>
		</TextColor>
		<EQType>316</EQType>
		<NoWrap>true</NoWrap>
		<AutoStretch>true</AutoStretch>
		<AlignLeft>true</AlignLeft>
		<TopAnchorOffset>80</TopAnchorOffset>
		<BottomAnchorOffset>92</BottomAnchorOffset>
		<RightAnchorToLeft>false</RightAnchorToLeft>
	</Label>
	<Gauge item="ETW_Gauge2">
		<ScreenID>ETW_Gauge2</ScreenID>
		<TextColor>
			<R>240</R>
			<G>240</G>
			<B>240</B>
		</TextColor>
		<RelativePosition>true</RelativePosition>
		<FillTint>
			<R>220</R>
			<G>0</G>
			<B>0</B>
		</FillTint>
		<EQType>44</EQType>
		<GaugeDrawTemplate>
			<Fill>A_GaugeFill</Fill>
		</GaugeDrawTemplate>
		<GaugeOffsetY>10</GaugeOffsetY>
		<AutoStretch>true</AutoStretch>
		<TopAnchorOffset>62</TopAnchorOffset>
		<BottomAnchorOffset>90</BottomAnchorOffset>
		<RightAnchorToLeft>false</RightAnchorToLeft>
		<LeftAnchorOffset>20</LeftAnchorOffset>
		<RightAnchorOffset>0</RightAnchorOffset>
	</Gauge>
	<Gauge item="ETW_ManaGauge2">
		<ScreenID>ETW_ManaGauge2</ScreenID>
		<TextOffsetY>-50</TextOffsetY>
		<GaugeOffsetY>-2</GaugeOffsetY>
		<RelativePosition>true</RelativePosition>
		<FillTint>
			<R>0</R>
			<G>128</G>
			<B>255</B>
		</FillTint>
		<EQType>64</EQType>
		<GaugeDrawTemplate>
			<Fill>A_GaugeFill</Fill>
		</GaugeDrawTemplate>
		<AutoStretch>true</AutoStretch>
		<TopAnchorOffset>82</TopAnchorOffset>
		<BottomAnchorOffset>87</BottomAnchorOffset>
		<RightAnchorToLeft>false</RightAnchorToLeft>
		<LeftAnchorOffset>24</LeftAnchorOffset>
		<RightAnchorOffset>4</RightAnchorOffset>
	</Gauge>
	<Gauge item="ETW_STAGauge2">
		<ScreenID>ETW_STAGauge2</ScreenID>
		<TextOffsetY>-50</TextOffsetY>
		<GaugeOffsetY>-2</GaugeOffsetY>
		<RelativePosition>true</RelativePosition>
		<FillTint>
			<R>240</R>
			<G>240</G>
			<B>0</B>
		</FillTint>
		<EQType>84</EQType>
		<GaugeDrawTemplate>
			<Fill>A_GaugeFill</Fill>
		</GaugeDrawTemplate>
		<AutoStretch>true</AutoStretch>
		<TopAnchorOffset>87</TopAnchorOffset>
		<BottomAnchorOffset>90</BottomAnchorOffset>
		<RightAnchorToLeft>false</RightAnchorToLeft>
		<LeftAnchorOffset>24</LeftAnchorOffset>
		<RightAnchorOffset>4</RightAnchorOffset>
	</Gauge>
	<Label item="ETW_HPLabel2">
		<ScreenID>ETW_HPLabel2</ScreenID>
		<RelativePosition>true</RelativePosition>
		<Text>100</Text>
		<TextColor>
			<R>255</R>
			<G>255</G>
			<B>255</B>
		</TextColor>
		<NoWrap>true</NoWrap>
		<AlignCenter>true</AlignCenter>
		<Font>2</Font>
		<EQType>153</EQType>
		<AutoStretch>true</AutoStretch>
		<TopAnchorOffset>75</TopAnchorOffset>
		<BottomAnchorOffset>90</BottomAnchorOffset>
		<RightAnchorToLeft>false</RightAnchorToLeft>
		<Style_Tooltip>false</Style_Tooltip>
	</Label>
	<Label item="ETW_HPPercLabel2">
		<ScreenID>ETW_HPPercLabel2</ScreenID>
		<RelativePosition>true</RelativePosition>
		<Text>%</Text>
		<TextColor>
			<R>255</R>
			<G>255</G>
			<B>255</B>
		</TextColor>
		<NoWrap>true</NoWrap>
		<AlignCenter>true</AlignCenter>
		<Font>2</Font>
		<AutoStretch>true</AutoStretch>
		<TopAnchorOffset>75</TopAnchorOffset>
		<BottomAnchorOffset>90</BottomAnchorOffset>
		<LeftAnchorOffset>28</LeftAnchorOffset>
		<RightAnchorToLeft>false</RightAnchorToLeft>
		<Style_Tooltip>false</Style_Tooltip>
	</Label>
	<Button item="ETW_Role2">
		<ScreenID>ETW_Role2</ScreenID>
		<RelativePosition>true</RelativePosition>
		<Style_Transparent>false</Style_Transparent>
		<Style_Checkbox>false</Style_Checkbox>
		<ButtonDrawTemplate>
		</ButtonDrawTemplate>
		<DecalSize>
			<CX>15</CX>
			<CY>15</CY>
		</DecalSize>
		<TopAnchorOffset>65</TopAnchorOffset>
		<BottomAnchorOffset>80</BottomAnchorOffset>
		<LeftAnchorOffset>1</LeftAnchorOffset>
		<RightAnchorOffset>19</RightAnchorOffset>
		<AutoStretch>true</AutoStretch>
		<LeftAnchorToLeft>true</LeftAnchorToLeft>
		<RightAnchorToLeft>true</RightAnchorToLeft>
	</Button>
 
	<Label item="ETW_AggroPct3">
		<ScreenID>ETW_AggroPct3</ScreenID>
		<RelativePosition>true</RelativePosition>
		<Font>2</Font>
		<Text>78</Text>
		<TextColor>
			<R>255</R>
			<G>255</G>
			<B>255</B>
		</TextColor>
		<EQType>317</EQType>
		<NoWrap>true</NoWrap>
		<AutoStretch>true</AutoStretch>
		<AlignLeft>true</AlignLeft>
		<TopAnchorOffset>110</TopAnchorOffset>
		<BottomAnchorOffset>122</BottomAnchorOffset>
		<RightAnchorToLeft>false</RightAnchorToLeft>
	</Label>
	<Gauge item="ETW_Gauge3">
		<ScreenID>ETW_Gauge3</ScreenID>
		<TextColor>
			<R>240</R>
			<G>240</G>
			<B>240</B>
		</TextColor>
		<RelativePosition>true</RelativePosition>
		<FillTint>
			<R>220</R>
			<G>0</G>
			<B>0</B>
		</FillTint>
		<EQType>45</EQType>
		<GaugeDrawTemplate>
			<Fill>A_GaugeFill</Fill>
		</GaugeDrawTemplate>
		<GaugeOffsetY>10</GaugeOffsetY>
		<AutoStretch>true</AutoStretch>
		<TopAnchorOffset>92</TopAnchorOffset>
		<BottomAnchorOffset>120</BottomAnchorOffset>
		<RightAnchorToLeft>false</RightAnchorToLeft>
		<LeftAnchorOffset>20</LeftAnchorOffset>
		<RightAnchorOffset>0</RightAnchorOffset>
	</Gauge>
	<Gauge item="ETW_ManaGauge3">
		<ScreenID>ETW_ManaGauge3</ScreenID>
		<TextOffsetY>-50</TextOffsetY>
		<GaugeOffsetY>-2</GaugeOffsetY>
		<RelativePosition>true</RelativePosition>
		<FillTint>
			<R>0</R>
			<G>128</G>
			<B>255</B>
		</FillTint>
		<EQType>65</EQType>
		<GaugeDrawTemplate>
			<Fill>A_GaugeFill</Fill>
		</GaugeDrawTemplate>
		<AutoStretch>true</AutoStretch>
		<TopAnchorOffset>112</TopAnchorOffset>
		<BottomAnchorOffset>117</BottomAnchorOffset>
		<RightAnchorToLeft>false</RightAnchorToLeft>
		<LeftAnchorOffset>24</LeftAnchorOffset>
		<RightAnchorOffset>4</RightAnchorOffset>
	</Gauge>
	<Gauge item="ETW_STAGauge3">
		<ScreenID>ETW_STAGauge3</ScreenID>
		<TextOffsetY>-50</TextOffsetY>
		<GaugeOffsetY>-2</GaugeOffsetY>
		<RelativePosition>true</RelativePosition>
		<FillTint>
			<R>240</R>
			<G>240</G>
			<B>0</B>
		</FillTint>
		<EQType>85</EQType>
		<GaugeDrawTemplate>
			<Fill>A_GaugeFill</Fill>
		</GaugeDrawTemplate>
		<AutoStretch>true</AutoStretch>
		<TopAnchorOffset>117</TopAnchorOffset>
		<BottomAnchorOffset>120</BottomAnchorOffset>
		<RightAnchorToLeft>false</RightAnchorToLeft>
		<LeftAnchorOffset>24</LeftAnchorOffset>
		<RightAnchorOffset>4</RightAnchorOffset>
	</Gauge>
	<Label item="ETW_HPLabel3">
		<ScreenID>ETW_HPLabel3</ScreenID>
		<RelativePosition>true</RelativePosition>
		<Text>100</Text>
		<TextColor>
			<R>255</R>
			<G>255</G>
			<B>255</B>
		</TextColor>
		<NoWrap>true</NoWrap>
		<AlignCenter>true</AlignCenter>
		<Font>2</Font>
		<EQType>154</EQType>
		<AutoStretch>true</AutoStretch>
		<TopAnchorOffset>105</TopAnchorOffset>
		<BottomAnchorOffset>120</BottomAnchorOffset>
		<RightAnchorToLeft>false</RightAnchorToLeft>
		<Style_Tooltip>false</Style_Tooltip>
	</Label>
	<Label item="ETW_HPPercLabel3">
		<ScreenID>ETW_HPPercLabel3</ScreenID>
		<RelativePosition>true</RelativePosition>
		<Text>%</Text>
		<TextColor>
			<R>255</R>
			<G>255</G>
			<B>255</B>
		</TextColor>
		<NoWrap>true</NoWrap>
		<AlignCenter>true</AlignCenter>
		<Font>2</Font>
		<AutoStretch>true</AutoStretch>
		<TopAnchorOffset>105</TopAnchorOffset>
		<BottomAnchorOffset>120</BottomAnchorOffset>
		<LeftAnchorOffset>28</LeftAnchorOffset>
		<RightAnchorToLeft>false</RightAnchorToLeft>
		<Style_Tooltip>false</Style_Tooltip>
	</Label>
	<Button item="ETW_Role3">
		<ScreenID>ETW_Role3</ScreenID>
		<RelativePosition>true</RelativePosition>
		<Style_Transparent>false</Style_Transparent>
		<Style_Checkbox>false</Style_Checkbox>
		<ButtonDrawTemplate>
		</ButtonDrawTemplate>
		<DecalSize>
			<CX>15</CX>
			<CY>15</CY>
		</DecalSize>
		<TopAnchorOffset>95</TopAnchorOffset>
		<BottomAnchorOffset>110</BottomAnchorOffset>
		<LeftAnchorOffset>1</LeftAnchorOffset>
		<RightAnchorOffset>19</RightAnchorOffset>
		<AutoStretch>true</AutoStretch>
		<LeftAnchorToLeft>true</LeftAnchorToLeft>
		<RightAnchorToLeft>true</RightAnchorToLeft>
	</Button>

	<Label item="ETW_AggroPct4">
		<ScreenID>ETW_AggroPct4</ScreenID>
		<RelativePosition>true</RelativePosition>
		<Font>2</Font>
		<Text>78</Text>
		<TextColor>
			<R>255</R>
			<G>255</G>
			<B>255</B>
		</TextColor>
		<EQType>318</EQType>
		<NoWrap>true</NoWrap>
		<AutoStretch>true</AutoStretch>
		<AlignLeft>true</AlignLeft>
		<TopAnchorOffset>140</TopAnchorOffset>
		<BottomAnchorOffset>152</BottomAnchorOffset>
		<RightAnchorToLeft>false</RightAnchorToLeft>
	</Label>
	<Gauge item="ETW_Gauge4">
		<ScreenID>ETW_Gauge4</ScreenID>
		<TextColor>
			<R>240</R>
			<G>240</G>
			<B>240</B>
		</TextColor>
		<RelativePosition>true</RelativePosition>
		<FillTint>
			<R>220</R>
			<G>0</G>
			<B>0</B>
		</FillTint>
		<EQType>46</EQType>
		<GaugeDrawTemplate>
			<Fill>A_GaugeFill</Fill>
		</GaugeDrawTemplate>
		<GaugeOffsetY>10</GaugeOffsetY>
		<AutoStretch>true</AutoStretch>
		<TopAnchorOffset>122</TopAnchorOffset>
		<BottomAnchorOffset>150</BottomAnchorOffset>
		<RightAnchorToLeft>false</RightAnchorToLeft>
		<LeftAnchorOffset>20</LeftAnchorOffset>
		<RightAnchorOffset>0</RightAnchorOffset>
	</Gauge>
	<Gauge item="ETW_ManaGauge4">
		<ScreenID>ETW_ManaGauge4</ScreenID>
		<TextOffsetY>-50</TextOffsetY>
		<GaugeOffsetY>-2</GaugeOffsetY>
		<RelativePosition>true</RelativePosition>
		<FillTint>
			<R>0</R>
			<G>128</G>
			<B>255</B>
		</FillTint>
		<EQType>66</EQType>
		<GaugeDrawTemplate>
			<Fill>A_GaugeFill</Fill>
		</GaugeDrawTemplate>
		<AutoStretch>true</AutoStretch>
		<TopAnchorOffset>142</TopAnchorOffset>
		<BottomAnchorOffset>147</BottomAnchorOffset>
		<RightAnchorToLeft>false</RightAnchorToLeft>
		<LeftAnchorOffset>24</LeftAnchorOffset>
		<RightAnchorOffset>4</RightAnchorOffset>
	</Gauge>
	<Gauge item="ETW_STAGauge4">
		<ScreenID>ETW_STAGauge4</ScreenID>
		<TextOffsetY>-50</TextOffsetY>
		<GaugeOffsetY>-2</GaugeOffsetY>
		<RelativePosition>true</RelativePosition>
		<FillTint>
			<R>240</R>
			<G>240</G>
			<B>0</B>
		</FillTint>
		<EQType>86</EQType>
		<GaugeDrawTemplate>
			<Fill>A_GaugeFill</Fill>
		</GaugeDrawTemplate>
		<AutoStretch>true</AutoStretch>
		<TopAnchorOffset>147</TopAnchorOffset>
		<BottomAnchorOffset>150</BottomAnchorOffset>
		<RightAnchorToLeft>false</RightAnchorToLeft>
		<LeftAnchorOffset>24</LeftAnchorOffset>
		<RightAnchorOffset>4</RightAnchorOffset>
	</Gauge>
	<Label item="ETW_HPLabel4">
		<ScreenID>ETW_HPLabel4</ScreenID>
		<RelativePosition>true</RelativePosition>
		<Text>100</Text>
		<TextColor>
			<R>255</R>
			<G>255</G>
			<B>255</B>
		</TextColor>
		<NoWrap>true</NoWrap>
		<AlignCenter>true</AlignCenter>
		<Font>2</Font>
		<EQType>155</EQType>
		<AutoStretch>true</AutoStretch>
		<TopAnchorOffset>135</TopAnchorOffset>
		<BottomAnchorOffset>150</BottomAnchorOffset>
		<RightAnchorToLeft>false</RightAnchorToLeft>
		<Style_Tooltip>false</Style_Tooltip>
	</Label>
	<Label item="ETW_HPPercLabel4">
		<ScreenID>ETW_HPPercLabel4</ScreenID>
		<RelativePosition>true</RelativePosition>
		<Text>%</Text>
		<TextColor>
			<R>255</R>
			<G>255</G>
			<B>255</B>
		</TextColor>
		<NoWrap>true</NoWrap>
		<AlignCenter>true</AlignCenter>
		<Font>2</Font>
		<AutoStretch>true</AutoStretch>
		<TopAnchorOffset>135</TopAnchorOffset>
		<BottomAnchorOffset>150</BottomAnchorOffset>
		<LeftAnchorOffset>28</LeftAnchorOffset>
		<RightAnchorToLeft>false</RightAnchorToLeft>
		<Style_Tooltip>false</Style_Tooltip>
	</Label>
	<Button item="ETW_Role4">
		<ScreenID>ETW_Role4</ScreenID>
		<RelativePosition>true</RelativePosition>
		<Style_Transparent>false</Style_Transparent>
		<Style_Checkbox>false</Style_Checkbox>
		<ButtonDrawTemplate>
		</ButtonDrawTemplate>
		<DecalSize>
			<CX>15</CX>
			<CY>15</CY>
		</DecalSize>
		<TopAnchorOffset>125</TopAnchorOffset>
		<BottomAnchorOffset>140</BottomAnchorOffset>
		<LeftAnchorOffset>1</LeftAnchorOffset>
		<RightAnchorOffset>19</RightAnchorOffset>
		<AutoStretch>true</AutoStretch>
		<LeftAnchorToLeft>true</LeftAnchorToLeft>
		<RightAnchorToLeft>true</RightAnchorToLeft>
	</Button>
 
	<Label item="ETW_AggroPct5">
		<ScreenID>ETW_AggroPct5</ScreenID>
		<RelativePosition>true</RelativePosition>
		<Font>2</Font>
		<Text>78</Text>
		<TextColor>
			<R>255</R>
			<G>255</G>
			<B>255</B>
		</TextColor>
		<EQType>319</EQType>
		<NoWrap>true</NoWrap>
		<AutoStretch>true</AutoStretch>
		<AlignLeft>true</AlignLeft>
		<TopAnchorOffset>170</TopAnchorOffset>
		<BottomAnchorOffset>182</BottomAnchorOffset>
		<RightAnchorToLeft>false</RightAnchorToLeft>
	</Label>
	<Gauge item="ETW_Gauge5">
		<ScreenID>ETW_Gauge5</ScreenID>
		<TextColor>
			<R>240</R>
			<G>240</G>
			<B>240</B>
		</TextColor>
		<RelativePosition>true</RelativePosition>
		<FillTint>
			<R>220</R>
			<G>0</G>
			<B>0</B>
		</FillTint>
		<EQType>47</EQType>
		<GaugeDrawTemplate>
			<Fill>A_GaugeFill</Fill>
		</GaugeDrawTemplate>
		<GaugeOffsetY>10</GaugeOffsetY>
		<AutoStretch>true</AutoStretch>
		<TopAnchorOffset>152</TopAnchorOffset>
		<BottomAnchorOffset>180</BottomAnchorOffset>
		<RightAnchorToLeft>false</RightAnchorToLeft>
		<LeftAnchorOffset>20</LeftAnchorOffset>
		<RightAnchorOffset>0</RightAnchorOffset>
	</Gauge>
	<Gauge item="ETW_ManaGauge5">
		<ScreenID>ETW_ManaGauge5</ScreenID>
		<TextOffsetY>-50</TextOffsetY>
		<GaugeOffsetY>-2</GaugeOffsetY>
		<RelativePosition>true</RelativePosition>
		<FillTint>
			<R>0</R>
			<G>128</G>
			<B>255</B>
		</FillTint>
		<EQType>67</EQType>
		<GaugeDrawTemplate>
			<Fill>A_GaugeFill</Fill>
		</GaugeDrawTemplate>
		<AutoStretch>true</AutoStretch>
		<TopAnchorOffset>172</TopAnchorOffset>
		<BottomAnchorOffset>177</BottomAnchorOffset>
		<RightAnchorToLeft>false</RightAnchorToLeft>
		<LeftAnchorOffset>24</LeftAnchorOffset>
		<RightAnchorOffset>4</RightAnchorOffset>
	</Gauge>
	<Gauge item="ETW_STAGauge5">
		<ScreenID>ETW_STAGauge5</ScreenID>
		<TextOffsetY>-50</TextOffsetY>
		<GaugeOffsetY>-2</GaugeOffsetY>
		<RelativePosition>true</RelativePosition>
		<FillTint>
			<R>240</R>
			<G>240</G>
			<B>0</B>
		</FillTint>
		<EQType>87</EQType>
		<GaugeDrawTemplate>
			<Fill>A_GaugeFill</Fill>
		</GaugeDrawTemplate>
		<AutoStretch>true</AutoStretch>
		<TopAnchorOffset>177</TopAnchorOffset>
		<BottomAnchorOffset>180</BottomAnchorOffset>
		<RightAnchorToLeft>false</RightAnchorToLeft>
		<LeftAnchorOffset>24</LeftAnchorOffset>
		<RightAnchorOffset>4</RightAnchorOffset>
	</Gauge>
	<Label item="ETW_HPLabel5">
		<ScreenID>ETW_HPLabel5</ScreenID>
		<RelativePosition>true</RelativePosition>
		<Text>100</Text>
		<TextColor>
			<R>255</R>
			<G>255</G>
			<B>255</B>
		</TextColor>
		<NoWrap>true</NoWrap>
		<AlignCenter>true</AlignCenter>
		<Font>2</Font>
		<EQType>156</EQType>
		<AutoStretch>true</AutoStretch>
		<TopAnchorOffset>165</TopAnchorOffset>
		<BottomAnchorOffset>180</BottomAnchorOffset>
		<RightAnchorToLeft>false</RightAnchorToLeft>
		<Style_Tooltip>false</Style_Tooltip>
	</Label>
	<Label item="ETW_HPPercLabel5">
		<ScreenID>ETW_HPPercLabel5</ScreenID>
		<RelativePosition>true</RelativePosition>
		<Text>%</Text>
		<TextColor>
			<R>255</R>
			<G>255</G>
			<B>255</B>
		</TextColor>
		<NoWrap>true</NoWrap>
		<AlignCenter>true</AlignCenter>
		<Font>2</Font>
		<AutoStretch>true</AutoStretch>
		<TopAnchorOffset>165</TopAnchorOffset>
		<BottomAnchorOffset>180</BottomAnchorOffset>
		<LeftAnchorOffset>28</LeftAnchorOffset>
		<RightAnchorToLeft>false</RightAnchorToLeft>
		<Style_Tooltip>false</Style_Tooltip>
	</Label>
	<Button item="ETW_Role5">
		<ScreenID>ETW_Role5</ScreenID>
		<RelativePosition>true</RelativePosition>
		<Style_Transparent>false</Style_Transparent>
		<Style_Checkbox>false</Style_Checkbox>
		<ButtonDrawTemplate>
		</ButtonDrawTemplate>
		<DecalSize>
			<CX>15</CX>
			<CY>15</CY>
		</DecalSize>
		<TopAnchorOffset>155</TopAnchorOffset>
		<BottomAnchorOffset>170</BottomAnchorOffset>
		<LeftAnchorOffset>1</LeftAnchorOffset>
		<RightAnchorOffset>19</RightAnchorOffset>
		<AutoStretch>true</AutoStretch>
		<LeftAnchorToLeft>true</LeftAnchorToLeft>
		<RightAnchorToLeft>true</RightAnchorToLeft>
	</Button>
 
	<Label item="ETW_AggroPct6">
		<ScreenID>ETW_AggroPct6</ScreenID>
		<RelativePosition>true</RelativePosition>
		<Font>2</Font>
		<Text>78</Text>
		<TextColor>
			<R>255</R>
			<G>255</G>
			<B>255</B>
		</TextColor>
		<EQType>320</EQType>
		<NoWrap>true</NoWrap>
		<AutoStretch>true</AutoStretch>
		<AlignLeft>true</AlignLeft>
		<TopAnchorOffset>200</TopAnchorOffset>
		<BottomAnchorOffset>212</BottomAnchorOffset>
		<RightAnchorToLeft>false</RightAnchorToLeft>
	</Label>
	<Gauge item="ETW_Gauge6">
		<ScreenID>ETW_Gauge6</ScreenID>
		<TextColor>
			<R>240</R>
			<G>240</G>
			<B>240</B>
		</TextColor>
		<RelativePosition>true</RelativePosition>
		<FillTint>
			<R>220</R>
			<G>0</G>
			<B>0</B>
		</FillTint>
		<EQType>48</EQType>
		<GaugeDrawTemplate>
			<Fill>A_GaugeFill</Fill>
		</GaugeDrawTemplate>
		<GaugeOffsetY>10</GaugeOffsetY>
		<AutoStretch>true</AutoStretch>
		<TopAnchorOffset>182</TopAnchorOffset>
		<BottomAnchorOffset>210</BottomAnchorOffset>
		<RightAnchorToLeft>false</RightAnchorToLeft>
		<LeftAnchorOffset>20</LeftAnchorOffset>
		<RightAnchorOffset>0</RightAnchorOffset>
	</Gauge>
	<Gauge item="ETW_ManaGauge6">
		<ScreenID>ETW_ManaGauge6</ScreenID>
		<TextOffsetY>-50</TextOffsetY>
		<GaugeOffsetY>-2</GaugeOffsetY>
		<RelativePosition>true</RelativePosition>
		<FillTint>
			<R>0</R>
			<G>128</G>
			<B>255</B>
		</FillTint>
		<EQType>68</EQType>
		<GaugeDrawTemplate>
			<Fill>A_GaugeFill</Fill>
		</GaugeDrawTemplate>
		<AutoStretch>true</AutoStretch>
		<TopAnchorOffset>202</TopAnchorOffset>
		<BottomAnchorOffset>207</BottomAnchorOffset>
		<RightAnchorToLeft>false</RightAnchorToLeft>
		<LeftAnchorOffset>24</LeftAnchorOffset>
		<RightAnchorOffset>4</RightAnchorOffset>
	</Gauge>
	<Gauge item="ETW_STAGauge6">
		<ScreenID>ETW_STAGauge6</ScreenID>
		<TextOffsetY>-50</TextOffsetY>
		<GaugeOffsetY>-2</GaugeOffsetY>
		<RelativePosition>true</RelativePosition>
		<FillTint>
			<R>240</R>
			<G>240</G>
			<B>0</B>
		</FillTint>
		<EQType>88</EQType>
		<GaugeDrawTemplate>
			<Fill>A_GaugeFill</Fill>
		</GaugeDrawTemplate>
		<AutoStretch>true</AutoStretch>
		<TopAnchorOffset>207</TopAnchorOffset>
		<BottomAnchorOffset>210</BottomAnchorOffset>
		<RightAnchorToLeft>false</RightAnchorToLeft>
		<LeftAnchorOffset>24</LeftAnchorOffset>
		<RightAnchorOffset>4</RightAnchorOffset>
	</Gauge>
	<Label item="ETW_HPLabel6">
		<ScreenID>ETW_HPLabel6</ScreenID>
		<RelativePosition>true</RelativePosition>
		<Text>100</Text>
		<TextColor>
			<R>255</R>
			<G>255</G>
			<B>255</B>
		</TextColor>
		<NoWrap>true</NoWrap>
		<AlignCenter>true</AlignCenter>
		<Font>2</Font>
		<EQType>157</EQType>
		<AutoStretch>true</AutoStretch>
		<TopAnchorOffset>195</TopAnchorOffset>
		<BottomAnchorOffset>210</BottomAnchorOffset>
		<RightAnchorToLeft>false</RightAnchorToLeft>
		<Style_Tooltip>false</Style_Tooltip>
	</Label>
	<Label item="ETW_HPPercLabel6">
		<ScreenID>ETW_HPPercLabel6</ScreenID>
		<RelativePosition>true</RelativePosition>
		<Text>%</Text>
		<TextColor>
			<R>255</R>
			<G>255</G>
			<B>255</B>
		</TextColor>
		<NoWrap>true</NoWrap>
		<AlignCenter>true</AlignCenter>
		<Font>2</Font>
		<AutoStretch>true</AutoStretch>
		<TopAnchorOffset>195</TopAnchorOffset>
		<BottomAnchorOffset>210</BottomAnchorOffset>
		<LeftAnchorOffset>28</LeftAnchorOffset>
		<RightAnchorToLeft>false</RightAnchorToLeft>
		<Style_Tooltip>false</Style_Tooltip>
	</Label>
	<Button item="ETW_Role6">
		<ScreenID>ETW_Role6</ScreenID>
		<RelativePosition>true</RelativePosition>
		<Style_Transparent>false</Style_Transparent>
		<Style_Checkbox>false</Style_Checkbox>
		<ButtonDrawTemplate>
		</ButtonDrawTemplate>
		<DecalSize>
			<CX>15</CX>
			<CY>15</CY>
		</DecalSize>
		<TopAnchorOffset>185</TopAnchorOffset>
		<BottomAnchorOffset>200</BottomAnchorOffset>
		<LeftAnchorOffset>1</LeftAnchorOffset>
		<RightAnchorOffset>19</RightAnchorOffset>
		<AutoStretch>true</AutoStretch>
		<LeftAnchorToLeft>true</LeftAnchorToLeft>
		<RightAnchorToLeft>true</RightAnchorToLeft>
	</Button>
 
	<Label item="ETW_AggroPct7">
		<ScreenID>ETW_AggroPct7</ScreenID>
		<RelativePosition>true</RelativePosition>
		<Font>2</Font>
		<Text>78</Text>
		<TextColor>
			<R>255</R>
			<G>255</G>
			<B>255</B>
		</TextColor>
		<EQType>321</EQType>
		<NoWrap>true</NoWrap>
		<AutoStretch>true</AutoStretch>
		<AlignLeft>true</AlignLeft>
		<TopAnchorOffset>230</TopAnchorOffset>
		<BottomAnchorOffset>242</BottomAnchorOffset>
		<RightAnchorToLeft>false</RightAnchorToLeft>
	</Label>
	<Gauge item="ETW_Gauge7">
		<ScreenID>ETW_Gauge7</ScreenID>
		<TextColor>
			<R>240</R>
			<G>240</G>
			<B>240</B>
		</TextColor>
		<RelativePosition>true</RelativePosition>
		<FillTint>
			<R>220</R>
			<G>0</G>
			<B>0</B>
		</FillTint>
		<EQType>49</EQType>
		<GaugeDrawTemplate>
			<Fill>A_GaugeFill</Fill>
		</GaugeDrawTemplate>
		<GaugeOffsetY>10</GaugeOffsetY>
		<AutoStretch>true</AutoStretch>
		<TopAnchorOffset>212</TopAnchorOffset>
		<BottomAnchorOffset>240</BottomAnchorOffset>
		<RightAnchorToLeft>false</RightAnchorToLeft>
		<LeftAnchorOffset>20</LeftAnchorOffset>
		<RightAnchorOffset>0</RightAnchorOffset>
	</Gauge>
	<Gauge item="ETW_ManaGauge7">
		<ScreenID>ETW_ManaGauge7</ScreenID>
		<TextOffsetY>-50</TextOffsetY>
		<GaugeOffsetY>-2</GaugeOffsetY>
		<RelativePosition>true</RelativePosition>
		<FillTint>
			<R>0</R>
			<G>128</G>
			<B>255</B>
		</FillTint>
		<EQType>69</EQType>
		<GaugeDrawTemplate>
			<Fill>A_GaugeFill</Fill>
		</GaugeDrawTemplate>
		<AutoStretch>true</AutoStretch>
		<TopAnchorOffset>232</TopAnchorOffset>
		<BottomAnchorOffset>237</BottomAnchorOffset>
		<RightAnchorToLeft>false</RightAnchorToLeft>
		<LeftAnchorOffset>24</LeftAnchorOffset>
		<RightAnchorOffset>4</RightAnchorOffset>
	</Gauge>
	<Gauge item="ETW_STAGauge7">
		<ScreenID>ETW_STAGauge7</ScreenID>
		<TextOffsetY>-50</TextOffsetY>
		<GaugeOffsetY>-2</GaugeOffsetY>
		<RelativePosition>true</RelativePosition>
		<FillTint>
			<R>240</R>
			<G>240</G>
			<B>0</B>
		</FillTint>
		<EQType>89</EQType>
		<GaugeDrawTemplate>
			<Fill>A_GaugeFill</Fill>
		</GaugeDrawTemplate>
		<AutoStretch>true</AutoStretch>
		<TopAnchorOffset>237</TopAnchorOffset>
		<BottomAnchorOffset>240</BottomAnchorOffset>
		<RightAnchorToLeft>false</RightAnchorToLeft>
		<LeftAnchorOffset>24</LeftAnchorOffset>
		<RightAnchorOffset>4</RightAnchorOffset>
	</Gauge>
	<Label item="ETW_HPLabel7">
		<ScreenID>ETW_HPLabel7</ScreenID>
		<RelativePosition>true</RelativePosition>
		<Text>100</Text>
		<TextColor>
			<R>255</R>
			<G>255</G>
			<B>255</B>
		</TextColor>
		<NoWrap>true</NoWrap>
		<AlignCenter>true</AlignCenter>
		<Font>2</Font>
		<EQType>158</EQType>
		<AutoStretch>true</AutoStretch>
		<TopAnchorOffset>225</TopAnchorOffset>
		<BottomAnchorOffset>240</BottomAnchorOffset>
		<RightAnchorToLeft>false</RightAnchorToLeft>
		<Style_Tooltip>false</Style_Tooltip>
	</Label>
	<Label item="ETW_HPPercLabel7">
		<ScreenID>ETW_HPPercLabel7</ScreenID>
		<RelativePosition>true</RelativePosition>
		<Text>%</Text>
		<TextColor>
			<R>255</R>
			<G>255</G>
			<B>255</B>
		</TextColor>
		<NoWrap>true</NoWrap>
		<AlignCenter>true</AlignCenter>
		<Font>2</Font>
		<AutoStretch>true</AutoStretch>
		<TopAnchorOffset>225</TopAnchorOffset>
		<BottomAnchorOffset>240</BottomAnchorOffset>
		<LeftAnchorOffset>28</LeftAnchorOffset>
		<RightAnchorToLeft>false</RightAnchorToLeft>
		<Style_Tooltip>false</Style_Tooltip>
	</Label>
	<Button item="ETW_Role7">
		<ScreenID>ETW_Role7</ScreenID>
		<RelativePosition>true</RelativePosition>
		<Style_Transparent>false</Style_Transparent>
		<Style_Checkbox>false</Style_Checkbox>
		<ButtonDrawTemplate>
		</ButtonDrawTemplate>
		<DecalSize>
			<CX>15</CX>
			<CY>15</CY>
		</DecalSize>
		<TopAnchorOffset>215</TopAnchorOffset>
		<BottomAnchorOffset>230</BottomAnchorOffset>
		<LeftAnchorOffset>1</LeftAnchorOffset>
		<RightAnchorOffset>19</RightAnchorOffset>
		<AutoStretch>true</AutoStretch>
		<LeftAnchorToLeft>true</LeftAnchorToLeft>
		<RightAnchorToLeft>true</RightAnchorToLeft>
	</Button>
 
	<Label item="ETW_AggroPct8">
		<ScreenID>ETW_AggroPct8</ScreenID>
		<RelativePosition>true</RelativePosition>
		<Font>2</Font>
		<Text>78</Text>
		<TextColor>
			<R>255</R>
			<G>255</G>
			<B>255</B>
		</TextColor>
		<EQType>322</EQType>
		<NoWrap>true</NoWrap>
		<AutoStretch>true</AutoStretch>
		<AlignLeft>true</AlignLeft>
		<TopAnchorOffset>260</TopAnchorOffset>
		<BottomAnchorOffset>272</BottomAnchorOffset>
		<RightAnchorToLeft>false</RightAnchorToLeft>
	</Label>
	<Gauge item="ETW_Gauge8">
		<ScreenID>ETW_Gauge8</ScreenID>
		<TextColor>
			<R>240</R>
			<G>240</G>
			<B>240</B>
		</TextColor>
		<RelativePosition>true</RelativePosition>
		<FillTint>
			<R>220</R>
			<G>0</G>
			<B>0</B>
		</FillTint>
		<EQType>50</EQType>
		<GaugeDrawTemplate>
			<Fill>A_GaugeFill</Fill>
		</GaugeDrawTemplate>
		<GaugeOffsetY>10</GaugeOffsetY>
		<AutoStretch>true</AutoStretch>
		<TopAnchorOffset>242</TopAnchorOffset>
		<BottomAnchorOffset>270</BottomAnchorOffset>
		<RightAnchorToLeft>false</RightAnchorToLeft>
		<LeftAnchorOffset>20</LeftAnchorOffset>
		<RightAnchorOffset>0</RightAnchorOffset>
	</Gauge>
	<Gauge item="ETW_ManaGauge8">
		<ScreenID>ETW_ManaGauge8</ScreenID>
		<TextOffsetY>-50</TextOffsetY>
		<GaugeOffsetY>-2</GaugeOffsetY>
		<RelativePosition>true</RelativePosition>
		<FillTint>
			<R>0</R>
			<G>128</G>
			<B>255</B>
		</FillTint>
		<EQType>70</EQType>
		<GaugeDrawTemplate>
			<Fill>A_GaugeFill</Fill>
		</GaugeDrawTemplate>
		<AutoStretch>true</AutoStretch>
		<TopAnchorOffset>262</TopAnchorOffset>
		<BottomAnchorOffset>267</BottomAnchorOffset>
		<RightAnchorToLeft>false</RightAnchorToLeft>
		<LeftAnchorOffset>24</LeftAnchorOffset>
		<RightAnchorOffset>4</RightAnchorOffset>
	</Gauge>
	<Gauge item="ETW_STAGauge8">
		<ScreenID>ETW_STAGauge8</ScreenID>
		<TextOffsetY>-50</TextOffsetY>
		<GaugeOffsetY>-2</GaugeOffsetY>
		<RelativePosition>true</RelativePosition>
		<FillTint>
			<R>240</R>
			<G>240</G>
			<B>0</B>
		</FillTint>
		<EQType>90</EQType>
		<GaugeDrawTemplate>
			<Fill>A_GaugeFill</Fill>
		</GaugeDrawTemplate>
		<AutoStretch>true</AutoStretch>
		<TopAnchorOffset>267</TopAnchorOffset>
		<BottomAnchorOffset>270</BottomAnchorOffset>
		<RightAnchorToLeft>false</RightAnchorToLeft>
		<LeftAnchorOffset>24</LeftAnchorOffset>
		<RightAnchorOffset>4</RightAnchorOffset>
	</Gauge>
	<Label item="ETW_HPLabel8">
		<ScreenID>ETW_HPLabel8</ScreenID>
		<RelativePosition>true</RelativePosition>
		<Text>100</Text>
		<TextColor>
			<R>255</R>
			<G>255</G>
			<B>255</B>
		</TextColor>
		<NoWrap>true</NoWrap>
		<AlignCenter>true</AlignCenter>
		<Font>2</Font>
		<EQType>159</EQType>
		<AutoStretch>true</AutoStretch>
		<TopAnchorOffset>255</TopAnchorOffset>
		<BottomAnchorOffset>270</BottomAnchorOffset>
		<RightAnchorToLeft>false</RightAnchorToLeft>
		<Style_Tooltip>false</Style_Tooltip>
	</Label>
	<Label item="ETW_HPPercLabel8">
		<ScreenID>ETW_HPPercLabel8</ScreenID>
		<RelativePosition>true</RelativePosition>
		<Text>%</Text>
		<TextColor>
			<R>255</R>
			<G>255</G>
			<B>255</B>
		</TextColor>
		<NoWrap>true</NoWrap>
		<AlignCenter>true</AlignCenter>
		<Font>2</Font>
		<AutoStretch>true</AutoStretch>
		<TopAnchorOffset>255</TopAnchorOffset>
		<BottomAnchorOffset>270</BottomAnchorOffset>
		<LeftAnchorOffset>28</LeftAnchorOffset>
		<RightAnchorToLeft>false</RightAnchorToLeft>
		<Style_Tooltip>false</Style_Tooltip>
	</Label>
	<Button item="ETW_Role8">
		<ScreenID>ETW_Role8</ScreenID>
		<RelativePosition>true</RelativePosition>
		<Style_Transparent>false</Style_Transparent>
		<Style_Checkbox>false</Style_Checkbox>
		<ButtonDrawTemplate>
		</ButtonDrawTemplate>
		<DecalSize>
			<CX>15</CX>
			<CY>15</CY>
		</DecalSize>
		<TopAnchorOffset>245</TopAnchorOffset>
		<BottomAnchorOffset>260</BottomAnchorOffset>
		<LeftAnchorOffset>1</LeftAnchorOffset>
		<RightAnchorOffset>19</RightAnchorOffset>
		<AutoStretch>true</AutoStretch>
		<LeftAnchorToLeft>true</LeftAnchorToLeft>
		<RightAnchorToLeft>true</RightAnchorToLeft>
	</Button>
 
	<Label item="ETW_AggroPct9">
		<ScreenID>ETW_AggroPct9</ScreenID>
		<RelativePosition>true</RelativePosition>
		<Font>2</Font>
		<Text>78</Text>
		<TextColor>
			<R>255</R>
			<G>255</G>
			<B>255</B>
		</TextColor>
		<EQType>323</EQType>
		<NoWrap>true</NoWrap>
		<AutoStretch>true</AutoStretch>
		<AlignLeft>true</AlignLeft>
		<TopAnchorOffset>290</TopAnchorOffset>
		<BottomAnchorOffset>302</BottomAnchorOffset>
		<RightAnchorToLeft>false</RightAnchorToLeft>
	</Label>
	<Gauge item="ETW_Gauge9">
		<ScreenID>ETW_Gauge9</ScreenID>
		<TextColor>
			<R>240</R>
			<G>240</G>
			<B>240</B>
		</TextColor>
		<RelativePosition>true</RelativePosition>
		<FillTint>
			<R>220</R>
			<G>0</G>
			<B>0</B>
		</FillTint>
		<EQType>51</EQType>
		<GaugeDrawTemplate>
			<Fill>A_GaugeFill</Fill>
		</GaugeDrawTemplate>
		<GaugeOffsetY>10</GaugeOffsetY>
		<AutoStretch>true</AutoStretch>
		<TopAnchorOffset>272</TopAnchorOffset>
		<BottomAnchorOffset>300</BottomAnchorOffset>
		<RightAnchorToLeft>false</RightAnchorToLeft>
		<LeftAnchorOffset>20</LeftAnchorOffset>
		<RightAnchorOffset>0</RightAnchorOffset>
	</Gauge>
	<Gauge item="ETW_ManaGauge9">
		<ScreenID>ETW_ManaGauge9</ScreenID>
		<TextOffsetY>-50</TextOffsetY>
		<GaugeOffsetY>-2</GaugeOffsetY>
		<RelativePosition>true</RelativePosition>
		<FillTint>
			<R>0</R>
			<G>128</G>
			<B>255</B>
		</FillTint>
		<EQType>71</EQType>
		<GaugeDrawTemplate>
			<Fill>A_GaugeFill</Fill>
		</GaugeDrawTemplate>
		<AutoStretch>true</AutoStretch>
		<TopAnchorOffset>292</TopAnchorOffset>
		<BottomAnchorOffset>297</BottomAnchorOffset>
		<RightAnchorToLeft>false</RightAnchorToLeft>
		<LeftAnchorOffset>24</LeftAnchorOffset>
		<RightAnchorOffset>4</RightAnchorOffset>
	</Gauge>
	<Gauge item="ETW_STAGauge9">
		<ScreenID>ETW_STAGauge9</ScreenID>
		<TextOffsetY>-50</TextOffsetY>
		<GaugeOffsetY>-2</GaugeOffsetY>
		<RelativePosition>true</RelativePosition>
		<FillTint>
			<R>240</R>
			<G>240</G>
			<B>0</B>
		</FillTint>
		<EQType>91</EQType>
		<GaugeDrawTemplate>
			<Fill>A_GaugeFill</Fill>
		</GaugeDrawTemplate>
		<AutoStretch>true</AutoStretch>
		<TopAnchorOffset>297</TopAnchorOffset>
		<BottomAnchorOffset>300</BottomAnchorOffset>
		<RightAnchorToLeft>false</RightAnchorToLeft>
		<LeftAnchorOffset>24</LeftAnchorOffset>
		<RightAnchorOffset>4</RightAnchorOffset>
	</Gauge>
	<Label item="ETW_HPLabel9">
		<ScreenID>ETW_HPLabel9</ScreenID>
		<RelativePosition>true</RelativePosition>
		<Text>100</Text>
		<TextColor>
			<R>255</R>
			<G>255</G>
			<B>255</B>
		</TextColor>
		<NoWrap>true</NoWrap>
		<AlignCenter>true</AlignCenter>
		<Font>2</Font>
		<EQType>160</EQType>
		<AutoStretch>true</AutoStretch>
		<TopAnchorOffset>285</TopAnchorOffset>
		<BottomAnchorOffset>300</BottomAnchorOffset>
		<RightAnchorToLeft>false</RightAnchorToLeft>
		<Style_Tooltip>false</Style_Tooltip>
	</Label>
	<Label item="ETW_HPPercLabel9">
		<ScreenID>ETW_HPPercLabel9</ScreenID>
		<RelativePosition>true</RelativePosition>
		<Text>%</Text>
		<TextColor>
			<R>255</R>
			<G>255</G>
			<B>255</B>
		</TextColor>
		<NoWrap>true</NoWrap>
		<AlignCenter>true</AlignCenter>
		<Font>2</Font>
		<AutoStretch>true</AutoStretch>
		<TopAnchorOffset>285</TopAnchorOffset>
		<BottomAnchorOffset>300</BottomAnchorOffset>
		<LeftAnchorOffset>28</LeftAnchorOffset>
		<RightAnchorToLeft>false</RightAnchorToLeft>
		<Style_Tooltip>false</Style_Tooltip>
	</Label>
	<Button item="ETW_Role9">
		<ScreenID>ETW_Role9</ScreenID>
		<RelativePosition>true</RelativePosition>
		<Style_Transparent>false</Style_Transparent>
		<Style_Checkbox>false</Style_Checkbox>
		<ButtonDrawTemplate>
		</ButtonDrawTemplate>
		<DecalSize>
			<CX>15</CX>
			<CY>15</CY>
		</DecalSize>
		<TopAnchorOffset>275</TopAnchorOffset>
		<BottomAnchorOffset>290</BottomAnchorOffset>
		<LeftAnchorOffset>1</LeftAnchorOffset>
		<RightAnchorOffset>19</RightAnchorOffset>
		<AutoStretch>true</AutoStretch>
		<LeftAnchorToLeft>true</LeftAnchorToLeft>
		<RightAnchorToLeft>true</RightAnchorToLeft>
	</Button>

	<Label item="ETW_AggroPct10">
		<ScreenID>ETW_AggroPct10</ScreenID>
		<RelativePosition>true</RelativePosition>
		<Font>2</Font>
		<Text>78</Text>
		<TextColor>
			<R>255</R>
			<G>255</G>
			<B>255</B>
		</TextColor>
		<EQType>324</EQType>
		<NoWrap>true</NoWrap>
		<AutoStretch>true</AutoStretch>
		<AlignLeft>true</AlignLeft>
		<TopAnchorOffset>320</TopAnchorOffset>
		<BottomAnchorOffset>332</BottomAnchorOffset>
		<RightAnchorToLeft>false</RightAnchorToLeft>
	</Label>
	<Gauge item="ETW_Gauge10">
		<ScreenID>ETW_Gauge10</ScreenID>
		<TextColor>
			<R>240</R>
			<G>240</G>
			<B>240</B>
		</TextColor>
		<RelativePosition>true</RelativePosition>
		<FillTint>
			<R>220</R>
			<G>0</G>
			<B>0</B>
		</FillTint>
		<EQType>52</EQType>
		<GaugeDrawTemplate>
			<Fill>A_GaugeFill</Fill>
		</GaugeDrawTemplate>
		<GaugeOffsetY>10</GaugeOffsetY>
		<AutoStretch>true</AutoStretch>
		<TopAnchorOffset>302</TopAnchorOffset>
		<BottomAnchorOffset>330</BottomAnchorOffset>
		<RightAnchorToLeft>false</RightAnchorToLeft>
		<LeftAnchorOffset>20</LeftAnchorOffset>
		<RightAnchorOffset>0</RightAnchorOffset>
	</Gauge>
	<Gauge item="ETW_ManaGauge10">
		<ScreenID>ETW_ManaGauge10</ScreenID>
		<TextOffsetY>-50</TextOffsetY>
		<GaugeOffsetY>-2</GaugeOffsetY>
		<RelativePosition>true</RelativePosition>
		<FillTint>
			<R>0</R>
			<G>128</G>
			<B>255</B>
		</FillTint>
		<EQType>72</EQType>
		<GaugeDrawTemplate>
			<Fill>A_GaugeFill</Fill>
		</GaugeDrawTemplate>
		<AutoStretch>true</AutoStretch>
		<TopAnchorOffset>322</TopAnchorOffset>
		<BottomAnchorOffset>327</BottomAnchorOffset>
		<RightAnchorToLeft>false</RightAnchorToLeft>
		<LeftAnchorOffset>24</LeftAnchorOffset>
		<RightAnchorOffset>4</RightAnchorOffset>
	</Gauge>
	<Gauge item="ETW_STAGauge10">
		<ScreenID>ETW_STAGauge10</ScreenID>
		<TextOffsetY>-50</TextOffsetY>
		<GaugeOffsetY>-2</GaugeOffsetY>
		<RelativePosition>true</RelativePosition>
		<FillTint>
			<R>240</R>
			<G>240</G>
			<B>0</B>
		</FillTint>
		<EQType>92</EQType>
		<GaugeDrawTemplate>
			<Fill>A_GaugeFill</Fill>
		</GaugeDrawTemplate>
		<AutoStretch>true</AutoStretch>
		<TopAnchorOffset>327</TopAnchorOffset>
		<BottomAnchorOffset>330</BottomAnchorOffset>
		<RightAnchorToLeft>false</RightAnchorToLeft>
		<LeftAnchorOffset>24</LeftAnchorOffset>
		<RightAnchorOffset>4</RightAnchorOffset>
	</Gauge>
	<Label item="ETW_HPLabel10">
		<ScreenID>ETW_HPLabel10</ScreenID>
		<RelativePosition>true</RelativePosition>
		<Text>100</Text>
		<TextColor>
			<R>255</R>
			<G>255</G>
			<B>255</B>
		</TextColor>
		<NoWrap>true</NoWrap>
		<AlignCenter>true</AlignCenter>
		<Font>2</Font>
		<EQType>161</EQType>
		<AutoStretch>true</AutoStretch>
		<TopAnchorOffset>315</TopAnchorOffset>
		<BottomAnchorOffset>330</BottomAnchorOffset>
		<RightAnchorToLeft>false</RightAnchorToLeft>
		<Style_Tooltip>false</Style_Tooltip>
	</Label>
	<Label item="ETW_HPPercLabel10">
		<ScreenID>ETW_HPPercLabel10</ScreenID>
		<RelativePosition>true</RelativePosition>
		<Text>%</Text>
		<TextColor>
			<R>255</R>
			<G>255</G>
			<B>255</B>
		</TextColor>
		<NoWrap>true</NoWrap>
		<AlignCenter>true</AlignCenter>
		<Font>2</Font>
		<AutoStretch>true</AutoStretch>
		<TopAnchorOffset>315</TopAnchorOffset>
		<BottomAnchorOffset>330</BottomAnchorOffset>
		<LeftAnchorOffset>28</LeftAnchorOffset>
		<RightAnchorToLeft>false</RightAnchorToLeft>
		<Style_Tooltip>false</Style_Tooltip>
	</Label>
	<Button item="ETW_Role10">
		<ScreenID>ETW_Role10</ScreenID>
		<RelativePosition>true</RelativePosition>
		<Style_Transparent>false</Style_Transparent>
		<Style_Checkbox>false</Style_Checkbox>
		<ButtonDrawTemplate>
		</ButtonDrawTemplate>
		<DecalSize>
			<CX>15</CX>
			<CY>15</CY>
		</DecalSize>
		<TopAnchorOffset>305</TopAnchorOffset>
		<BottomAnchorOffset>320</BottomAnchorOffset>
		<LeftAnchorOffset>1</LeftAnchorOffset>
		<RightAnchorOffset>19</RightAnchorOffset>
		<AutoStretch>true</AutoStretch>
		<LeftAnchorToLeft>true</LeftAnchorToLeft>
		<RightAnchorToLeft>true</RightAnchorToLeft>
	</Button>
 
	<Label item="ETW_AggroPct11">
		<ScreenID>ETW_AggroPct11</ScreenID>
		<RelativePosition>true</RelativePosition>
		<Font>2</Font>
		<Text>78</Text>
		<TextColor>
			<R>255</R>
			<G>255</G>
			<B>255</B>
		</TextColor>
		<EQType>325</EQType>
		<NoWrap>true</NoWrap>
		<AutoStretch>true</AutoStretch>
		<AlignLeft>true</AlignLeft>
		<TopAnchorOffset>350</TopAnchorOffset>
		<BottomAnchorOffset>362</BottomAnchorOffset>
		<RightAnchorToLeft>false</RightAnchorToLeft>
	</Label> 
	<Gauge item="ETW_Gauge11">
		<ScreenID>ETW_Gauge11</ScreenID>
		<TextColor>
			<R>240</R>
			<G>240</G>
			<B>240</B>
		</TextColor>
		<RelativePosition>true</RelativePosition>
		<FillTint>
			<R>220</R>
			<G>0</G>
			<B>0</B>
		</FillTint>
		<EQType>53</EQType>
		<GaugeDrawTemplate>
			<Fill>A_GaugeFill</Fill>
		</GaugeDrawTemplate>
		<GaugeOffsetY>10</GaugeOffsetY>
		<AutoStretch>true</AutoStretch>
		<TopAnchorOffset>332</TopAnchorOffset>
		<BottomAnchorOffset>360</BottomAnchorOffset>
		<RightAnchorToLeft>false</RightAnchorToLeft>
		<LeftAnchorOffset>20</LeftAnchorOffset>
		<RightAnchorOffset>0</RightAnchorOffset>
	</Gauge>
	<Gauge item="ETW_ManaGauge11">
		<ScreenID>ETW_ManaGauge11</ScreenID>
		<TextOffsetY>-50</TextOffsetY>
		<GaugeOffsetY>-2</GaugeOffsetY>
		<RelativePosition>true</RelativePosition>
		<FillTint>
			<R>0</R>
			<G>128</G>
			<B>255</B>
		</FillTint>
		<EQType>73</EQType>
		<GaugeDrawTemplate>
			<Fill>A_GaugeFill</Fill>
		</GaugeDrawTemplate>
		<AutoStretch>true</AutoStretch>
		<TopAnchorOffset>352</TopAnchorOffset>
		<BottomAnchorOffset>357</BottomAnchorOffset>
		<RightAnchorToLeft>false</RightAnchorToLeft>
		<LeftAnchorOffset>24</LeftAnchorOffset>
		<RightAnchorOffset>4</RightAnchorOffset>
	</Gauge>
	<Gauge item="ETW_STAGauge11">
		<ScreenID>ETW_STAGauge11</ScreenID>
		<TextOffsetY>-50</TextOffsetY>
		<GaugeOffsetY>-2</GaugeOffsetY>
		<RelativePosition>true</RelativePosition>
		<FillTint>
			<R>240</R>
			<G>240</G>
			<B>0</B>
		</FillTint>
		<EQType>93</EQType>
		<GaugeDrawTemplate>
			<Fill>A_GaugeFill</Fill>
		</GaugeDrawTemplate>
		<AutoStretch>true</AutoStretch>
		<TopAnchorOffset>357</TopAnchorOffset>
		<BottomAnchorOffset>360</BottomAnchorOffset>
		<RightAnchorToLeft>false</RightAnchorToLeft>
		<LeftAnchorOffset>24</LeftAnchorOffset>
		<RightAnchorOffset>4</RightAnchorOffset>
	</Gauge>
	<Label item="ETW_HPLabel11">
		<ScreenID>ETW_HPLabel11</ScreenID>
		<RelativePosition>true</RelativePosition>
		<Text>100</Text>
		<TextColor>
			<R>255</R>
			<G>255</G>
			<B>255</B>
		</TextColor>
		<NoWrap>true</NoWrap>
		<AlignCenter>true</AlignCenter>
		<Font>2</Font>
		<EQType>162</EQType>
		<AutoStretch>true</AutoStretch>
		<TopAnchorOffset>345</TopAnchorOffset>
		<BottomAnchorOffset>360</BottomAnchorOffset>
		<RightAnchorToLeft>false</RightAnchorToLeft>
		<Style_Tooltip>false</Style_Tooltip>
	</Label>
	<Label item="ETW_HPPercLabel11">
		<ScreenID>ETW_HPPercLabel11</ScreenID>
		<RelativePosition>true</RelativePosition>
		<Text>%</Text>
		<TextColor>
			<R>255</R>
			<G>255</G>
			<B>255</B>
		</TextColor>
		<NoWrap>true</NoWrap>
		<AlignCenter>true</AlignCenter>
		<Font>2</Font>
		<AutoStretch>true</AutoStretch>
		<TopAnchorOffset>345</TopAnchorOffset>
		<BottomAnchorOffset>360</BottomAnchorOffset>
		<LeftAnchorOffset>28</LeftAnchorOffset>
		<RightAnchorToLeft>false</RightAnchorToLeft>
		<Style_Tooltip>false</Style_Tooltip>
	</Label>
	<Button item="ETW_Role11">
		<ScreenID>ETW_Role11</ScreenID>
		<RelativePosition>true</RelativePosition>
		<Style_Transparent>false</Style_Transparent>
		<Style_Checkbox>false</Style_Checkbox>
		<ButtonDrawTemplate>
		</ButtonDrawTemplate>
		<DecalSize>
			<CX>15</CX>
			<CY>15</CY>
		</DecalSize>
		<TopAnchorOffset>335</TopAnchorOffset>
		<BottomAnchorOffset>360</BottomAnchorOffset>
		<LeftAnchorOffset>1</LeftAnchorOffset>
		<RightAnchorOffset>19</RightAnchorOffset>
		<AutoStretch>true</AutoStretch>
		<LeftAnchorToLeft>true</LeftAnchorToLeft>
		<RightAnchorToLeft>true</RightAnchorToLeft>
	</Button>
 
	<Label item="ETW_AggroPct12">
		<ScreenID>ETW_AggroPct12</ScreenID>
		<RelativePosition>true</RelativePosition>
		<Font>2</Font>
		<Text>78</Text>
		<TextColor>
			<R>255</R>
			<G>255</G>
			<B>255</B>
		</TextColor>
		<EQType>326</EQType>
		<NoWrap>true</NoWrap>
		<AutoStretch>true</AutoStretch>
		<AlignLeft>true</AlignLeft>
		<TopAnchorOffset>380</TopAnchorOffset>
		<BottomAnchorOffset>392</BottomAnchorOffset>
		<RightAnchorToLeft>false</RightAnchorToLeft>
	</Label> 
	<Gauge item="ETW_Gauge12">
		<ScreenID>ETW_Gauge12</ScreenID>
		<TextColor>
			<R>240</R>
			<G>240</G>
			<B>240</B>
		</TextColor>
		<RelativePosition>true</RelativePosition>
		<FillTint>
			<R>220</R>
			<G>0</G>
			<B>0</B>
		</FillTint>
		<EQType>54</EQType>
		<GaugeDrawTemplate>
			<Fill>A_GaugeFill</Fill>
		</GaugeDrawTemplate>
		<GaugeOffsetY>10</GaugeOffsetY>
		<AutoStretch>true</AutoStretch>
		<TopAnchorOffset>362</TopAnchorOffset>
		<BottomAnchorOffset>390</BottomAnchorOffset>
		<RightAnchorToLeft>false</RightAnchorToLeft>
		<LeftAnchorOffset>20</LeftAnchorOffset>
		<RightAnchorOffset>0</RightAnchorOffset>
	</Gauge>
	<Gauge item="ETW_ManaGauge12">
		<ScreenID>ETW_ManaGauge12</ScreenID>
		<TextOffsetY>-50</TextOffsetY>
		<GaugeOffsetY>-2</GaugeOffsetY>
		<RelativePosition>true</RelativePosition>
		<FillTint>
			<R>0</R>
			<G>128</G>
			<B>255</B>
		</FillTint>
		<EQType>74</EQType>
		<GaugeDrawTemplate>
			<Fill>A_GaugeFill</Fill>
		</GaugeDrawTemplate>
		<AutoStretch>true</AutoStretch>
		<TopAnchorOffset>382</TopAnchorOffset>
		<BottomAnchorOffset>387</BottomAnchorOffset>
		<RightAnchorToLeft>false</RightAnchorToLeft>
		<LeftAnchorOffset>24</LeftAnchorOffset>
		<RightAnchorOffset>4</RightAnchorOffset>
	</Gauge>
	<Gauge item="ETW_STAGauge12">
		<ScreenID>ETW_STAGauge12</ScreenID>
		<TextOffsetY>-50</TextOffsetY>
		<GaugeOffsetY>-2</GaugeOffsetY>
		<RelativePosition>true</RelativePosition>
		<FillTint>
			<R>240</R>
			<G>240</G>
			<B>0</B>
		</FillTint>
		<EQType>94</EQType>
		<GaugeDrawTemplate>
			<Fill>A_GaugeFill</Fill>
		</GaugeDrawTemplate>
		<AutoStretch>true</AutoStretch>
		<TopAnchorOffset>387</TopAnchorOffset>
		<BottomAnchorOffset>390</BottomAnchorOffset>
		<RightAnchorToLeft>false</RightAnchorToLeft>
		<LeftAnchorOffset>24</LeftAnchorOffset>
		<RightAnchorOffset>4</RightAnchorOffset>
	</Gauge>
	<Label item="ETW_HPLabel12">
		<ScreenID>ETW_HPLabel12</ScreenID>
		<RelativePosition>true</RelativePosition>
		<Text>100</Text>
		<TextColor>
			<R>255</R>
			<G>255</G>
			<B>255</B>
		</TextColor>
		<NoWrap>true</NoWrap>
		<AlignCenter>true</AlignCenter>
		<Font>2</Font>
		<EQType>163</EQType>
		<AutoStretch>true</AutoStretch>
		<TopAnchorOffset>375</TopAnchorOffset>
		<BottomAnchorOffset>390</BottomAnchorOffset>
		<RightAnchorToLeft>false</RightAnchorToLeft>
		<Style_Tooltip>false</Style_Tooltip>
	</Label>
	<Label item="ETW_HPPercLabel12">
		<ScreenID>ETW_HPPercLabel12</ScreenID>
		<RelativePosition>true</RelativePosition>
		<Text>%</Text>
		<TextColor>
			<R>255</R>
			<G>255</G>
			<B>255</B>
		</TextColor>
		<NoWrap>true</NoWrap>
		<AlignCenter>true</AlignCenter>
		<Font>2</Font>
		<AutoStretch>true</AutoStretch>
		<TopAnchorOffset>375</TopAnchorOffset>
		<BottomAnchorOffset>390</BottomAnchorOffset>
		<LeftAnchorOffset>28</LeftAnchorOffset>
		<RightAnchorToLeft>false</RightAnchorToLeft>
		<Style_Tooltip>false</Style_Tooltip>
	</Label>
	<Button item="ETW_Role12">
		<ScreenID>ETW_Role12</ScreenID>
		<RelativePosition>true</RelativePosition>
		<Style_Transparent>false</Style_Transparent>
		<Style_Checkbox>false</Style_Checkbox>
		<ButtonDrawTemplate>
		</ButtonDrawTemplate>
		<DecalSize>
			<CX>15</CX>
			<CY>15</CY>
		</DecalSize>
		<TopAnchorOffset>365</TopAnchorOffset>
		<BottomAnchorOffset>380</BottomAnchorOffset>
		<LeftAnchorOffset>1</LeftAnchorOffset>
		<RightAnchorOffset>19</RightAnchorOffset>
		<AutoStretch>true</AutoStretch>
		<LeftAnchorToLeft>true</LeftAnchorToLeft>
		<RightAnchorToLeft>true</RightAnchorToLeft>
	</Button>
 
	<Label item="ETW_AggroPct13">
		<ScreenID>ETW_AggroPct13</ScreenID>
		<RelativePosition>true</RelativePosition>
		<Font>2</Font>
		<Text>78</Text>
		<TextColor>
			<R>255</R>
			<G>255</G>
			<B>255</B>
		</TextColor>
		<EQType>327</EQType>
		<NoWrap>true</NoWrap>
		<AutoStretch>true</AutoStretch>
		<AlignLeft>true</AlignLeft>
		<TopAnchorOffset>410</TopAnchorOffset>
		<BottomAnchorOffset>422</BottomAnchorOffset>
		<RightAnchorToLeft>false</RightAnchorToLeft>
	</Label> 
	<Gauge item="ETW_Gauge13">
		<ScreenID>ETW_Gauge13</ScreenID>
		<TextColor>
			<R>240</R>
			<G>240</G>
			<B>240</B>
		</TextColor>
		<RelativePosition>true</RelativePosition>
		<FillTint>
			<R>220</R>
			<G>0</G>
			<B>0</B>
		</FillTint>
		<EQType>55</EQType>
		<GaugeDrawTemplate>
			<Fill>A_GaugeFill</Fill>
		</GaugeDrawTemplate>
		<GaugeOffsetY>10</GaugeOffsetY>
		<AutoStretch>true</AutoStretch>
		<TopAnchorOffset>392</TopAnchorOffset>
		<BottomAnchorOffset>420</BottomAnchorOffset>
		<RightAnchorToLeft>false</RightAnchorToLeft>
		<LeftAnchorOffset>20</LeftAnchorOffset>
		<RightAnchorOffset>0</RightAnchorOffset>
	</Gauge>
	<Gauge item="ETW_ManaGauge13">
		<ScreenID>ETW_ManaGauge13</ScreenID>
		<TextOffsetY>-50</TextOffsetY>
		<GaugeOffsetY>-2</GaugeOffsetY>
		<RelativePosition>true</RelativePosition>
		<FillTint>
			<R>0</R>
			<G>128</G>
			<B>255</B>
		</FillTint>
		<EQType>75</EQType>
		<GaugeDrawTemplate>
			<Fill>A_GaugeFill</Fill>
		</GaugeDrawTemplate>
		<AutoStretch>true</AutoStretch>
		<TopAnchorOffset>412</TopAnchorOffset>
		<BottomAnchorOffset>417</BottomAnchorOffset>
		<RightAnchorToLeft>false</RightAnchorToLeft>
		<LeftAnchorOffset>24</LeftAnchorOffset>
		<RightAnchorOffset>4</RightAnchorOffset>
	</Gauge>
	<Gauge item="ETW_STAGauge13">
		<ScreenID>ETW_STAGauge13</ScreenID>
		<TextOffsetY>-50</TextOffsetY>
		<GaugeOffsetY>-2</GaugeOffsetY>
		<RelativePosition>true</RelativePosition>
		<FillTint>
			<R>240</R>
			<G>240</G>
			<B>0</B>
		</FillTint>
		<EQType>95</EQType>
		<GaugeDrawTemplate>
			<Fill>A_GaugeFill</Fill>
		</GaugeDrawTemplate>
		<AutoStretch>true</AutoStretch>
		<TopAnchorOffset>417</TopAnchorOffset>
		<BottomAnchorOffset>420</BottomAnchorOffset>
		<RightAnchorToLeft>false</RightAnchorToLeft>
		<LeftAnchorOffset>24</LeftAnchorOffset>
		<RightAnchorOffset>4</RightAnchorOffset>
	</Gauge>
	<Label item="ETW_HPLabel13">
		<ScreenID>ETW_HPLabel13</ScreenID>
		<RelativePosition>true</RelativePosition>
		<Text>100</Text>
		<TextColor>
			<R>255</R>
			<G>255</G>
			<B>255</B>
		</TextColor>
		<NoWrap>true</NoWrap>
		<AlignCenter>true</AlignCenter>
		<Font>2</Font>
		<EQType>164</EQType>
		<AutoStretch>true</AutoStretch>
		<TopAnchorOffset>405</TopAnchorOffset>
		<BottomAnchorOffset>420</BottomAnchorOffset>
		<RightAnchorToLeft>false</RightAnchorToLeft>
		<Style_Tooltip>false</Style_Tooltip>
	</Label>
	<Label item="ETW_HPPercLabel13">
		<ScreenID>ETW_HPPercLabel13</ScreenID>
		<RelativePosition>true</RelativePosition>
		<Text>%</Text>
		<TextColor>
			<R>255</R>
			<G>255</G>
			<B>255</B>
		</TextColor>
		<NoWrap>true</NoWrap>
		<AlignCenter>true</AlignCenter>
		<Font>2</Font>
		<AutoStretch>true</AutoStretch>
		<TopAnchorOffset>405</TopAnchorOffset>
		<BottomAnchorOffset>420</BottomAnchorOffset>
		<LeftAnchorOffset>28</LeftAnchorOffset>
		<RightAnchorToLeft>false</RightAnchorToLeft>
		<Style_Tooltip>false</Style_Tooltip>
	</Label>
	<Button item="ETW_Role13">
		<ScreenID>ETW_Role13</ScreenID>
		<RelativePosition>true</RelativePosition>
		<Style_Transparent>false</Style_Transparent>
		<Style_Checkbox>false</Style_Checkbox>
		<ButtonDrawTemplate>
		</ButtonDrawTemplate>
		<DecalSize>
			<CX>15</CX>
			<CY>15</CY>
		</DecalSize>
		<TopAnchorOffset>395</TopAnchorOffset>
		<BottomAnchorOffset>410</BottomAnchorOffset>
		<LeftAnchorOffset>1</LeftAnchorOffset>
		<RightAnchorOffset>19</RightAnchorOffset>
		<AutoStretch>true</AutoStretch>
		<LeftAnchorToLeft>true</LeftAnchorToLeft>
		<RightAnchorToLeft>true</RightAnchorToLeft>
	</Button>

	<Label item="ETW_AggroPct14">
		<ScreenID>ETW_AggroPct14</ScreenID>
		<RelativePosition>true</RelativePosition>
		<Font>2</Font>
		<Text>78</Text>
		<TextColor>
			<R>255</R>
			<G>255</G>
			<B>255</B>
		</TextColor>
		<EQType>328</EQType>
		<NoWrap>true</NoWrap>
		<AutoStretch>true</AutoStretch>
		<AlignLeft>true</AlignLeft>
		<TopAnchorOffset>440</TopAnchorOffset>
		<BottomAnchorOffset>452</BottomAnchorOffset>
		<RightAnchorToLeft>false</RightAnchorToLeft>
	</Label>
	<Gauge item="ETW_Gauge14">
		<ScreenID>ETW_Gauge14</ScreenID>
		<TextColor>
			<R>240</R>
			<G>240</G>
			<B>240</B>
		</TextColor>
		<RelativePosition>true</RelativePosition>
		<FillTint>
			<R>220</R>
			<G>0</G>
			<B>0</B>
		</FillTint>
		<EQType>56</EQType>
		<GaugeDrawTemplate>
			<Fill>A_GaugeFill</Fill>
		</GaugeDrawTemplate>
		<GaugeOffsetY>10</GaugeOffsetY>
		<AutoStretch>true</AutoStretch>
		<TopAnchorOffset>422</TopAnchorOffset>
		<BottomAnchorOffset>440</BottomAnchorOffset>
		<RightAnchorToLeft>false</RightAnchorToLeft>
		<LeftAnchorOffset>20</LeftAnchorOffset>
		<RightAnchorOffset>0</RightAnchorOffset>
	</Gauge>
	<Gauge item="ETW_ManaGauge14">
		<ScreenID>ETW_ManaGauge14</ScreenID>
		<TextOffsetY>-50</TextOffsetY>
		<GaugeOffsetY>-2</GaugeOffsetY>
		<RelativePosition>true</RelativePosition>
		<FillTint>
			<R>0</R>
			<G>128</G>
			<B>255</B>
		</FillTint>
		<EQType>76</EQType>
		<GaugeDrawTemplate>
			<Fill>A_GaugeFill</Fill>
		</GaugeDrawTemplate>
		<AutoStretch>true</AutoStretch>
		<TopAnchorOffset>442</TopAnchorOffset>
		<BottomAnchorOffset>447</BottomAnchorOffset>
		<RightAnchorToLeft>false</RightAnchorToLeft>
		<LeftAnchorOffset>24</LeftAnchorOffset>
		<RightAnchorOffset>4</RightAnchorOffset>
	</Gauge>
	<Gauge item="ETW_STAGauge14">
		<ScreenID>ETW_STAGauge14</ScreenID>
		<TextOffsetY>-50</TextOffsetY>
		<GaugeOffsetY>-2</GaugeOffsetY>
		<RelativePosition>true</RelativePosition>
		<FillTint>
			<R>240</R>
			<G>240</G>
			<B>0</B>
		</FillTint>
		<EQType>96</EQType>
		<GaugeDrawTemplate>
			<Fill>A_GaugeFill</Fill>
		</GaugeDrawTemplate>
		<AutoStretch>true</AutoStretch>
		<TopAnchorOffset>447</TopAnchorOffset>
		<BottomAnchorOffset>450</BottomAnchorOffset>
		<RightAnchorToLeft>false</RightAnchorToLeft>
		<LeftAnchorOffset>24</LeftAnchorOffset>
		<RightAnchorOffset>4</RightAnchorOffset>
	</Gauge>
	<Label item="ETW_HPLabel14">
		<ScreenID>ETW_HPLabel14</ScreenID>
		<RelativePosition>true</RelativePosition>
		<Text>100</Text>
		<TextColor>
			<R>255</R>
			<G>255</G>
			<B>255</B>
		</TextColor>
		<NoWrap>true</NoWrap>
		<AlignCenter>true</AlignCenter>
		<Font>2</Font>
		<EQType>165</EQType>
		<AutoStretch>true</AutoStretch>
		<TopAnchorOffset>435</TopAnchorOffset>
		<BottomAnchorOffset>450</BottomAnchorOffset>
		<RightAnchorToLeft>false</RightAnchorToLeft>
		<Style_Tooltip>false</Style_Tooltip>
	</Label>
	<Label item="ETW_HPPercLabel14">
		<ScreenID>ETW_HPPercLabel14</ScreenID>
		<RelativePosition>true</RelativePosition>
		<Text>%</Text>
		<TextColor>
			<R>255</R>
			<G>255</G>
			<B>255</B>
		</TextColor>
		<NoWrap>true</NoWrap>
		<AlignCenter>true</AlignCenter>
		<Font>2</Font>
		<AutoStretch>true</AutoStretch>
		<TopAnchorOffset>435</TopAnchorOffset>
		<BottomAnchorOffset>450</BottomAnchorOffset>
		<LeftAnchorOffset>28</LeftAnchorOffset>
		<RightAnchorToLeft>false</RightAnchorToLeft>
		<Style_Tooltip>false</Style_Tooltip>
	</Label>
	<Button item="ETW_Role14">
		<ScreenID>ETW_Role14</ScreenID>
		<RelativePosition>true</RelativePosition>
		<Style_Transparent>false</Style_Transparent>
		<Style_Checkbox>false</Style_Checkbox>
		<ButtonDrawTemplate>
		</ButtonDrawTemplate>
		<DecalSize>
			<CX>15</CX>
			<CY>15</CY>
		</DecalSize>
		<TopAnchorOffset>425</TopAnchorOffset>
		<BottomAnchorOffset>440</BottomAnchorOffset>
		<LeftAnchorOffset>1</LeftAnchorOffset>
		<RightAnchorOffset>19</RightAnchorOffset>
		<AutoStretch>true</AutoStretch>
		<LeftAnchorToLeft>true</LeftAnchorToLeft>
		<RightAnchorToLeft>true</RightAnchorToLeft>
	</Button>
 
	<Label item="ETW_AggroPct15">
		<ScreenID>ETW_AggroPct15</ScreenID>
		<RelativePosition>true</RelativePosition>
		<Font>2</Font>
		<Text>78</Text>
		<TextColor>
			<R>255</R>
			<G>255</G>
			<B>255</B>
		</TextColor>
		<EQType>329</EQType>
		<NoWrap>true</NoWrap>
		<AutoStretch>true</AutoStretch>
		<AlignLeft>true</AlignLeft>
		<TopAnchorOffset>470</TopAnchorOffset>
		<BottomAnchorOffset>482</BottomAnchorOffset>
		<RightAnchorToLeft>false</RightAnchorToLeft>
	</Label>
	<Gauge item="ETW_Gauge15">
		<ScreenID>ETW_Gauge15</ScreenID>
		<TextColor>
			<R>240</R>
			<G>240</G>
			<B>240</B>
		</TextColor>
		<RelativePosition>true</RelativePosition>
		<FillTint>
			<R>220</R>
			<G>0</G>
			<B>0</B>
		</FillTint>
		<EQType>57</EQType>
		<GaugeDrawTemplate>
			<Fill>A_GaugeFill</Fill>
		</GaugeDrawTemplate>
		<GaugeOffsetY>10</GaugeOffsetY>
		<AutoStretch>true</AutoStretch>
		<TopAnchorOffset>452</TopAnchorOffset>
		<BottomAnchorOffset>480</BottomAnchorOffset>
		<RightAnchorToLeft>false</RightAnchorToLeft>
		<LeftAnchorOffset>20</LeftAnchorOffset>
		<RightAnchorOffset>0</RightAnchorOffset>
	</Gauge>
	<Gauge item="ETW_ManaGauge15">
		<ScreenID>ETW_ManaGauge15</ScreenID>
		<TextOffsetY>-50</TextOffsetY>
		<GaugeOffsetY>-2</GaugeOffsetY>
		<RelativePosition>true</RelativePosition>
		<FillTint>
			<R>0</R>
			<G>128</G>
			<B>255</B>
		</FillTint>
		<EQType>77</EQType>
		<GaugeDrawTemplate>
			<Fill>A_GaugeFill</Fill>
		</GaugeDrawTemplate>
		<AutoStretch>true</AutoStretch>
		<TopAnchorOffset>472</TopAnchorOffset>
		<BottomAnchorOffset>477</BottomAnchorOffset>
		<RightAnchorToLeft>false</RightAnchorToLeft>
		<LeftAnchorOffset>24</LeftAnchorOffset>
		<RightAnchorOffset>4</RightAnchorOffset>
	</Gauge>
	<Gauge item="ETW_STAGauge15">
		<ScreenID>ETW_STAGauge15</ScreenID>
		<TextOffsetY>-50</TextOffsetY>
		<GaugeOffsetY>-2</GaugeOffsetY>
		<RelativePosition>true</RelativePosition>
		<FillTint>
			<R>240</R>
			<G>240</G>
			<B>0</B>
		</FillTint>
		<EQType>97</EQType>
		<GaugeDrawTemplate>
			<Fill>A_GaugeFill</Fill>
		</GaugeDrawTemplate>
		<AutoStretch>true</AutoStretch>
		<TopAnchorOffset>477</TopAnchorOffset>
		<BottomAnchorOffset>480</BottomAnchorOffset>
		<RightAnchorToLeft>false</RightAnchorToLeft>
		<LeftAnchorOffset>24</LeftAnchorOffset>
		<RightAnchorOffset>4</RightAnchorOffset>
	</Gauge>
	<Label item="ETW_HPLabel15">
		<ScreenID>ETW_HPLabel15</ScreenID>
		<RelativePosition>true</RelativePosition>
		<Text>100</Text>
		<TextColor>
			<R>255</R>
			<G>255</G>
			<B>255</B>
		</TextColor>
		<NoWrap>true</NoWrap>
		<AlignCenter>true</AlignCenter>
		<Font>2</Font>
		<EQType>166</EQType>
		<AutoStretch>true</AutoStretch>
		<TopAnchorOffset>485</TopAnchorOffset>
		<BottomAnchorOffset>480</BottomAnchorOffset>
		<RightAnchorToLeft>false</RightAnchorToLeft>
		<Style_Tooltip>false</Style_Tooltip>
	</Label>
	<Label item="ETW_HPPercLabel15">
		<ScreenID>ETW_HPPercLabel15</ScreenID>
		<RelativePosition>true</RelativePosition>
		<Text>%</Text>
		<TextColor>
			<R>255</R>
			<G>255</G>
			<B>255</B>
		</TextColor>
		<NoWrap>true</NoWrap>
		<AlignCenter>true</AlignCenter>
		<Font>2</Font>
		<AutoStretch>true</AutoStretch>
		<TopAnchorOffset>485</TopAnchorOffset>
		<BottomAnchorOffset>480</BottomAnchorOffset>
		<LeftAnchorOffset>28</LeftAnchorOffset>
		<RightAnchorToLeft>false</RightAnchorToLeft>
		<Style_Tooltip>false</Style_Tooltip>
	</Label>
	<Button item="ETW_Role15">
		<ScreenID>ETW_Role15</ScreenID>
		<RelativePosition>true</RelativePosition>
		<Style_Transparent>false</Style_Transparent>
		<Style_Checkbox>false</Style_Checkbox>
		<ButtonDrawTemplate>
		</ButtonDrawTemplate>
		<DecalSize>
			<CX>15</CX>
			<CY>15</CY>
		</DecalSize>
		<TopAnchorOffset>455</TopAnchorOffset>
		<BottomAnchorOffset>470</BottomAnchorOffset>
		<LeftAnchorOffset>1</LeftAnchorOffset>
		<RightAnchorOffset>19</RightAnchorOffset>
		<AutoStretch>true</AutoStretch>
		<LeftAnchorToLeft>true</LeftAnchorToLeft>
		<RightAnchorToLeft>true</RightAnchorToLeft>
	</Button>
 
	<Label item="ETW_AggroPct16">
		<ScreenID>ETW_AggroPct16</ScreenID>
		<RelativePosition>true</RelativePosition>
		<Font>2</Font>
		<Text>78</Text>
		<TextColor>
			<R>255</R>
			<G>255</G>
			<B>255</B>
		</TextColor>
		<EQType>330</EQType>
		<NoWrap>true</NoWrap>
		<AutoStretch>true</AutoStretch>
		<AlignLeft>true</AlignLeft>
		<TopAnchorOffset>500</TopAnchorOffset>
		<BottomAnchorOffset>512</BottomAnchorOffset>
		<RightAnchorToLeft>false</RightAnchorToLeft>
	</Label>
	<Gauge item="ETW_Gauge16">
		<ScreenID>ETW_Gauge16</ScreenID>
		<TextColor>
			<R>240</R>
			<G>240</G>
			<B>240</B>
		</TextColor>
		<RelativePosition>true</RelativePosition>
		<FillTint>
			<R>220</R>
			<G>0</G>
			<B>0</B>
		</FillTint>
		<EQType>58</EQType>
		<GaugeDrawTemplate>
			<Fill>A_GaugeFill</Fill>
		</GaugeDrawTemplate>
		<GaugeOffsetY>10</GaugeOffsetY>
		<AutoStretch>true</AutoStretch>
		<TopAnchorOffset>482</TopAnchorOffset>
		<BottomAnchorOffset>510</BottomAnchorOffset>
		<RightAnchorToLeft>false</RightAnchorToLeft>
		<LeftAnchorOffset>20</LeftAnchorOffset>
		<RightAnchorOffset>0</RightAnchorOffset>
	</Gauge>
	<Gauge item="ETW_ManaGauge16">
		<ScreenID>ETW_ManaGauge16</ScreenID>
		<TextOffsetY>-50</TextOffsetY>
		<GaugeOffsetY>-2</GaugeOffsetY>
		<RelativePosition>true</RelativePosition>
		<FillTint>
			<R>0</R>
			<G>128</G>
			<B>255</B>
		</FillTint>
		<EQType>78</EQType>
		<GaugeDrawTemplate>
			<Fill>A_GaugeFill</Fill>
		</GaugeDrawTemplate>
		<AutoStretch>true</AutoStretch>
		<TopAnchorOffset>502</TopAnchorOffset>
		<BottomAnchorOffset>507</BottomAnchorOffset>
		<RightAnchorToLeft>false</RightAnchorToLeft>
		<LeftAnchorOffset>24</LeftAnchorOffset>
		<RightAnchorOffset>4</RightAnchorOffset>
	</Gauge>
	<Gauge item="ETW_STAGauge16">
		<ScreenID>ETW_STAGauge16</ScreenID>
		<TextOffsetY>-50</TextOffsetY>
		<GaugeOffsetY>-2</GaugeOffsetY>
		<RelativePosition>true</RelativePosition>
		<FillTint>
			<R>240</R>
			<G>240</G>
			<B>0</B>
		</FillTint>
		<EQType>98</EQType>
		<GaugeDrawTemplate>
			<Fill>A_GaugeFill</Fill>
		</GaugeDrawTemplate>
		<AutoStretch>true</AutoStretch>
		<TopAnchorOffset>507</TopAnchorOffset>
		<BottomAnchorOffset>510</BottomAnchorOffset>
		<RightAnchorToLeft>false</RightAnchorToLeft>
		<LeftAnchorOffset>24</LeftAnchorOffset>
		<RightAnchorOffset>4</RightAnchorOffset>
	</Gauge>
	<Label item="ETW_HPLabel16">
		<ScreenID>ETW_HPLabel16</ScreenID>
		<RelativePosition>true</RelativePosition>
		<Text>100</Text>
		<TextColor>
			<R>255</R>
			<G>255</G>
			<B>255</B>
		</TextColor>
		<NoWrap>true</NoWrap>
		<AlignCenter>true</AlignCenter>
		<Font>2</Font>
		<EQType>167</EQType>
		<AutoStretch>true</AutoStretch>
		<TopAnchorOffset>495</TopAnchorOffset>
		<BottomAnchorOffset>510</BottomAnchorOffset>
		<RightAnchorToLeft>false</RightAnchorToLeft>
		<Style_Tooltip>false</Style_Tooltip>
	</Label>
	<Label item="ETW_HPPercLabel16">
		<ScreenID>ETW_HPPercLabel16</ScreenID>
		<RelativePosition>true</RelativePosition>
		<Text>%</Text>
		<TextColor>
			<R>255</R>
			<G>255</G>
			<B>255</B>
		</TextColor>
		<NoWrap>true</NoWrap>
		<AlignCenter>true</AlignCenter>
		<Font>2</Font>
		<AutoStretch>true</AutoStretch>
		<TopAnchorOffset>495</TopAnchorOffset>
		<BottomAnchorOffset>510</BottomAnchorOffset>
		<LeftAnchorOffset>28</LeftAnchorOffset>
		<RightAnchorToLeft>false</RightAnchorToLeft>
		<Style_Tooltip>false</Style_Tooltip>
	</Label>
	<Button item="ETW_Role16">
		<ScreenID>ETW_Role16</ScreenID>
		<RelativePosition>true</RelativePosition>
		<Style_Transparent>false</Style_Transparent>
		<Style_Checkbox>false</Style_Checkbox>
		<ButtonDrawTemplate>
		</ButtonDrawTemplate>
		<DecalSize>
			<CX>15</CX>
			<CY>15</CY>
		</DecalSize>
		<TopAnchorOffset>485</TopAnchorOffset>
		<BottomAnchorOffset>500</BottomAnchorOffset>
		<LeftAnchorOffset>1</LeftAnchorOffset>
		<RightAnchorOffset>19</RightAnchorOffset>
		<AutoStretch>true</AutoStretch>
		<LeftAnchorToLeft>true</LeftAnchorToLeft>
		<RightAnchorToLeft>true</RightAnchorToLeft>
	</Button>
 
	<Label item="ETW_AggroPct17">
		<ScreenID>ETW_AggroPct17</ScreenID>
		<RelativePosition>true</RelativePosition>
		<Font>2</Font>
		<Text>78</Text>
		<TextColor>
			<R>255</R>
			<G>255</G>
			<B>255</B>
		</TextColor>
		<EQType>331</EQType>
		<NoWrap>true</NoWrap>
		<AutoStretch>true</AutoStretch>
		<AlignLeft>true</AlignLeft>
		<TopAnchorOffset>530</TopAnchorOffset>
		<BottomAnchorOffset>542</BottomAnchorOffset>
		<RightAnchorToLeft>false</RightAnchorToLeft>
	</Label>
	<Gauge item="ETW_Gauge17">
		<ScreenID>ETW_Gauge17</ScreenID>
		<TextColor>
			<R>240</R>
			<G>240</G>
			<B>240</B>
		</TextColor>
		<RelativePosition>true</RelativePosition>
		<FillTint>
			<R>220</R>
			<G>0</G>
			<B>0</B>
		</FillTint>
		<EQType>59</EQType>
		<GaugeDrawTemplate>
			<Fill>A_GaugeFill</Fill>
		</GaugeDrawTemplate>
		<GaugeOffsetY>10</GaugeOffsetY>
		<AutoStretch>true</AutoStretch>
		<TopAnchorOffset>512</TopAnchorOffset>
		<BottomAnchorOffset>540</BottomAnchorOffset>
		<RightAnchorToLeft>false</RightAnchorToLeft>
		<LeftAnchorOffset>20</LeftAnchorOffset>
		<RightAnchorOffset>0</RightAnchorOffset>
	</Gauge>
	<Gauge item="ETW_ManaGauge17">
		<ScreenID>ETW_ManaGauge17</ScreenID>
		<TextOffsetY>-50</TextOffsetY>
		<GaugeOffsetY>-2</GaugeOffsetY>
		<RelativePosition>true</RelativePosition>
		<FillTint>
			<R>0</R>
			<G>128</G>
			<B>255</B>
		</FillTint>
		<EQType>79</EQType>
		<GaugeDrawTemplate>
			<Fill>A_GaugeFill</Fill>
		</GaugeDrawTemplate>
		<AutoStretch>true</AutoStretch>
		<TopAnchorOffset>532</TopAnchorOffset>
		<BottomAnchorOffset>537</BottomAnchorOffset>
		<RightAnchorToLeft>false</RightAnchorToLeft>
		<LeftAnchorOffset>24</LeftAnchorOffset>
		<RightAnchorOffset>4</RightAnchorOffset>
	</Gauge>
	<Gauge item="ETW_STAGauge17">
		<ScreenID>ETW_STAGauge17</ScreenID>
		<TextOffsetY>-50</TextOffsetY>
		<GaugeOffsetY>-2</GaugeOffsetY>
		<RelativePosition>true</RelativePosition>
		<FillTint>
			<R>240</R>
			<G>240</G>
			<B>0</B>
		</FillTint>
		<EQType>99</EQType>
		<GaugeDrawTemplate>
			<Fill>A_GaugeFill</Fill>
		</GaugeDrawTemplate>
		<AutoStretch>true</AutoStretch>
		<TopAnchorOffset>537</TopAnchorOffset>
		<BottomAnchorOffset>540</BottomAnchorOffset>
		<RightAnchorToLeft>false</RightAnchorToLeft>
		<LeftAnchorOffset>24</LeftAnchorOffset>
		<RightAnchorOffset>4</RightAnchorOffset>
	</Gauge>
	<Label item="ETW_HPLabel17">
		<ScreenID>ETW_HPLabel17</ScreenID>
		<RelativePosition>true</RelativePosition>
		<Text>100</Text>
		<TextColor>
			<R>255</R>
			<G>255</G>
			<B>255</B>
		</TextColor>
		<NoWrap>true</NoWrap>
		<AlignCenter>true</AlignCenter>
		<Font>2</Font>
		<EQType>168</EQType>
		<AutoStretch>true</AutoStretch>
		<TopAnchorOffset>525</TopAnchorOffset>
		<BottomAnchorOffset>540</BottomAnchorOffset>
		<RightAnchorToLeft>false</RightAnchorToLeft>
		<Style_Tooltip>false</Style_Tooltip>
	</Label>
	<Label item="ETW_HPPercLabel17">
		<ScreenID>ETW_HPPercLabel17</ScreenID>
		<RelativePosition>true</RelativePosition>
		<Text>%</Text>
		<TextColor>
			<R>255</R>
			<G>255</G>
			<B>255</B>
		</TextColor>
		<NoWrap>true</NoWrap>
		<AlignCenter>true</AlignCenter>
		<Font>2</Font>
		<AutoStretch>true</AutoStretch>
		<TopAnchorOffset>525</TopAnchorOffset>
		<BottomAnchorOffset>540</BottomAnchorOffset>
		<LeftAnchorOffset>28</LeftAnchorOffset>
		<RightAnchorToLeft>false</RightAnchorToLeft>
		<Style_Tooltip>false</Style_Tooltip>
	</Label>
	<Button item="ETW_Role17">
		<ScreenID>ETW_Role17</ScreenID>
		<RelativePosition>true</RelativePosition>
		<Style_Transparent>false</Style_Transparent>
		<Style_Checkbox>false</Style_Checkbox>
		<ButtonDrawTemplate>
		</ButtonDrawTemplate>
		<DecalSize>
			<CX>15</CX>
			<CY>15</CY>
		</DecalSize>
		<TopAnchorOffset>515</TopAnchorOffset>
		<BottomAnchorOffset>530</BottomAnchorOffset>
		<LeftAnchorOffset>1</LeftAnchorOffset>
		<RightAnchorOffset>19</RightAnchorOffset>
		<AutoStretch>true</AutoStretch>
		<LeftAnchorToLeft>true</LeftAnchorToLeft>
		<RightAnchorToLeft>true</RightAnchorToLeft>
	</Button>
 
	<Label item="ETW_AggroPct18">
		<ScreenID>ETW_AggroPct18</ScreenID>
		<RelativePosition>true</RelativePosition>
		<Font>2</Font>
		<Text>78</Text>
		<TextColor>
			<R>255</R>
			<G>255</G>
			<B>255</B>
		</TextColor>
		<EQType>332</EQType>
		<NoWrap>true</NoWrap>
		<AutoStretch>true</AutoStretch>
		<AlignLeft>true</AlignLeft>
		<TopAnchorOffset>560</TopAnchorOffset>
		<BottomAnchorOffset>572</BottomAnchorOffset>
		<RightAnchorToLeft>false</RightAnchorToLeft>
	</Label>
	<Gauge item="ETW_Gauge18">
		<ScreenID>ETW_Gauge18</ScreenID>
		<TextColor>
			<R>240</R>
			<G>240</G>
			<B>240</B>
		</TextColor>
		<RelativePosition>true</RelativePosition>
		<FillTint>
			<R>220</R>
			<G>0</G>
			<B>0</B>
		</FillTint>
		<EQType>60</EQType>
		<GaugeDrawTemplate>
			<Fill>A_GaugeFill</Fill>
		</GaugeDrawTemplate>
		<GaugeOffsetY>10</GaugeOffsetY>
		<AutoStretch>true</AutoStretch>
		<TopAnchorOffset>542</TopAnchorOffset>
		<BottomAnchorOffset>570</BottomAnchorOffset>
		<RightAnchorToLeft>false</RightAnchorToLeft>
		<LeftAnchorOffset>20</LeftAnchorOffset>
		<RightAnchorOffset>0</RightAnchorOffset>
	</Gauge>
	<Gauge item="ETW_ManaGauge18">
		<ScreenID>ETW_ManaGauge18</ScreenID>
		<TextOffsetY>-50</TextOffsetY>
		<GaugeOffsetY>-2</GaugeOffsetY>
		<RelativePosition>true</RelativePosition>
		<FillTint>
			<R>0</R>
			<G>128</G>
			<B>255</B>
		</FillTint>
		<EQType>80</EQType>
		<GaugeDrawTemplate>
			<Fill>A_GaugeFill</Fill>
		</GaugeDrawTemplate>
		<AutoStretch>true</AutoStretch>
		<TopAnchorOffset>562</TopAnchorOffset>
		<BottomAnchorOffset>567</BottomAnchorOffset>
		<RightAnchorToLeft>false</RightAnchorToLeft>
		<LeftAnchorOffset>24</LeftAnchorOffset>
		<RightAnchorOffset>4</RightAnchorOffset>
	</Gauge>
	<Gauge item="ETW_STAGauge18">
		<ScreenID>ETW_STAGauge18</ScreenID>
		<TextOffsetY>-50</TextOffsetY>
		<GaugeOffsetY>-2</GaugeOffsetY>
		<RelativePosition>true</RelativePosition>
		<FillTint>
			<R>240</R>
			<G>240</G>
			<B>0</B>
		</FillTint>
		<EQType>100</EQType>
		<GaugeDrawTemplate>
			<Fill>A_GaugeFill</Fill>
		</GaugeDrawTemplate>
		<AutoStretch>true</AutoStretch>
		<TopAnchorOffset>567</TopAnchorOffset>
		<BottomAnchorOffset>570</BottomAnchorOffset>
		<RightAnchorToLeft>false</RightAnchorToLeft>
		<LeftAnchorOffset>24</LeftAnchorOffset>
		<RightAnchorOffset>4</RightAnchorOffset>
	</Gauge>
	<Label item="ETW_HPLabel18">
		<ScreenID>ETW_HPLabel18</ScreenID>
		<RelativePosition>true</RelativePosition>
		<Text>100</Text>
		<TextColor>
			<R>255</R>
			<G>255</G>
			<B>255</B>
		</TextColor>
		<NoWrap>true</NoWrap>
		<AlignCenter>true</AlignCenter>
		<Font>2</Font>
		<EQType>169</EQType>
		<AutoStretch>true</AutoStretch>
		<TopAnchorOffset>555</TopAnchorOffset>
		<BottomAnchorOffset>570</BottomAnchorOffset>
		<RightAnchorToLeft>false</RightAnchorToLeft>
		<Style_Tooltip>false</Style_Tooltip>
	</Label>
	<Label item="ETW_HPPercLabel18">
		<ScreenID>ETW_HPPercLabel18</ScreenID>
		<RelativePosition>true</RelativePosition>
		<Text>%</Text>
		<TextColor>
			<R>255</R>
			<G>255</G>
			<B>255</B>
		</TextColor>
		<NoWrap>true</NoWrap>
		<AlignCenter>true</AlignCenter>
		<Font>2</Font>
		<AutoStretch>true</AutoStretch>
		<TopAnchorOffset>555</TopAnchorOffset>
		<BottomAnchorOffset>570</BottomAnchorOffset>
		<LeftAnchorOffset>28</LeftAnchorOffset>
		<RightAnchorToLeft>false</RightAnchorToLeft>
		<Style_Tooltip>false</Style_Tooltip>
	</Label>
	<Button item="ETW_Role18">
		<ScreenID>ETW_Role18</ScreenID>
		<RelativePosition>true</RelativePosition>
		<Style_Transparent>false</Style_Transparent>
		<Style_Checkbox>false</Style_Checkbox>
		<ButtonDrawTemplate>
		</ButtonDrawTemplate>
		<DecalSize>
			<CX>15</CX>
			<CY>15</CY>
		</DecalSize>
		<TopAnchorOffset>545</TopAnchorOffset>
		<BottomAnchorOffset>560</BottomAnchorOffset>
		<LeftAnchorOffset>1</LeftAnchorOffset>
		<RightAnchorOffset>19</RightAnchorOffset>
		<AutoStretch>true</AutoStretch>
		<LeftAnchorToLeft>true</LeftAnchorToLeft>
		<RightAnchorToLeft>true</RightAnchorToLeft>
	</Button>
 
	<Label item="ETW_AggroPct19">
		<ScreenID>ETW_AggroPct19</ScreenID>
		<RelativePosition>true</RelativePosition>
		<Font>2</Font>
		<Text>78</Text>
		<TextColor>
			<R>255</R>
			<G>255</G>
			<B>255</B>
		</TextColor>
		<EQType>333</EQType>
		<NoWrap>true</NoWrap>
		<AutoStretch>true</AutoStretch>
		<AlignLeft>true</AlignLeft>
		<TopAnchorOffset>590</TopAnchorOffset>
		<BottomAnchorOffset>602</BottomAnchorOffset>
		<RightAnchorToLeft>false</RightAnchorToLeft>
	</Label>
	<Gauge item="ETW_Gauge19">
		<ScreenID>ETW_Gauge19</ScreenID>
		<TextColor>
			<R>240</R>
			<G>240</G>
			<B>240</B>
		</TextColor>
		<RelativePosition>true</RelativePosition>
		<FillTint>
			<R>220</R>
			<G>0</G>
			<B>0</B>
		</FillTint>
		<EQType>61</EQType>
		<GaugeDrawTemplate>
			<Fill>A_GaugeFill</Fill>
		</GaugeDrawTemplate>
		<GaugeOffsetY>10</GaugeOffsetY>
		<AutoStretch>true</AutoStretch>
		<TopAnchorOffset>572</TopAnchorOffset>
		<BottomAnchorOffset>600</BottomAnchorOffset>
		<RightAnchorToLeft>false</RightAnchorToLeft>
		<LeftAnchorOffset>20</LeftAnchorOffset>
		<RightAnchorOffset>0</RightAnchorOffset>
	</Gauge>
	<Gauge item="ETW_ManaGauge19">
		<ScreenID>ETW_ManaGauge19</ScreenID>
		<TextOffsetY>-50</TextOffsetY>
		<GaugeOffsetY>-2</GaugeOffsetY>
		<RelativePosition>true</RelativePosition>
		<FillTint>
			<R>0</R>
			<G>128</G>
			<B>255</B>
		</FillTint>
		<EQType>81</EQType>
		<GaugeDrawTemplate>
			<Fill>A_GaugeFill</Fill>
		</GaugeDrawTemplate>
		<AutoStretch>true</AutoStretch>
		<TopAnchorOffset>592</TopAnchorOffset>
		<BottomAnchorOffset>897</BottomAnchorOffset>
		<RightAnchorToLeft>false</RightAnchorToLeft>
		<LeftAnchorOffset>24</LeftAnchorOffset>
		<RightAnchorOffset>4</RightAnchorOffset>
	</Gauge>
	<Gauge item="ETW_STAGauge19">
		<ScreenID>ETW_STAGauge19</ScreenID>
		<TextOffsetY>-50</TextOffsetY>
		<GaugeOffsetY>-2</GaugeOffsetY>
		<RelativePosition>true</RelativePosition>
		<FillTint>
			<R>240</R>
			<G>240</G>
			<B>0</B>
		</FillTint>
		<EQType>101</EQType>
		<GaugeDrawTemplate>
			<Fill>A_GaugeFill</Fill>
		</GaugeDrawTemplate>
		<AutoStretch>true</AutoStretch>
		<TopAnchorOffset>597</TopAnchorOffset>
		<BottomAnchorOffset>600</BottomAnchorOffset>
		<RightAnchorToLeft>false</RightAnchorToLeft>
		<LeftAnchorOffset>24</LeftAnchorOffset>
		<RightAnchorOffset>4</RightAnchorOffset>
	</Gauge>
	<Label item="ETW_HPLabel19">
		<ScreenID>ETW_HPLabel19</ScreenID>
		<RelativePosition>true</RelativePosition>
		<Text>100</Text>
		<TextColor>
			<R>255</R>
			<G>255</G>
			<B>255</B>
		</TextColor>
		<NoWrap>true</NoWrap>
		<AlignCenter>true</AlignCenter>
		<Font>2</Font>
		<EQType>170</EQType>
		<AutoStretch>true</AutoStretch>
		<TopAnchorOffset>585</TopAnchorOffset>
		<BottomAnchorOffset>600</BottomAnchorOffset>
		<RightAnchorToLeft>false</RightAnchorToLeft>
		<Style_Tooltip>false</Style_Tooltip>
	</Label>
	<Label item="ETW_HPPercLabel19">
		<ScreenID>ETW_HPPercLabel19</ScreenID>
		<RelativePosition>true</RelativePosition>
		<Text>%</Text>
		<TextColor>
			<R>255</R>
			<G>255</G>
			<B>255</B>
		</TextColor>
		<NoWrap>true</NoWrap>
		<AlignCenter>true</AlignCenter>
		<Font>2</Font>
		<AutoStretch>true</AutoStretch>
		<TopAnchorOffset>585</TopAnchorOffset>
		<BottomAnchorOffset>600</BottomAnchorOffset>
		<LeftAnchorOffset>28</LeftAnchorOffset>
		<RightAnchorToLeft>false</RightAnchorToLeft>
		<Style_Tooltip>false</Style_Tooltip>
	</Label>
	<Button item="ETW_Role19">
		<ScreenID>ETW_Role19</ScreenID>
		<RelativePosition>true</RelativePosition>
		<Style_Transparent>false</Style_Transparent>
		<Style_Checkbox>false</Style_Checkbox>
		<ButtonDrawTemplate>
		</ButtonDrawTemplate>
		<DecalSize>
			<CX>15</CX>
			<CY>15</CY>
		</DecalSize>
		<TopAnchorOffset>575</TopAnchorOffset>
		<BottomAnchorOffset>590</BottomAnchorOffset>
		<LeftAnchorOffset>1</LeftAnchorOffset>
		<RightAnchorOffset>19</RightAnchorOffset>
		<AutoStretch>true</AutoStretch>
		<LeftAnchorToLeft>true</LeftAnchorToLeft>
		<RightAnchorToLeft>true</RightAnchorToLeft>
	</Button>


	<Screen item="ExtendedTargetWnd">
		<RelativePosition>false</RelativePosition>
		<Location>
			<X>134</X>
			<Y>134</Y>
		</Location>
		<Size>
			<CX>147</CX>
			<CY>260</CY>
		</Size>
		<Text>Extended Target Window</Text>
		<TooltipReference>This is the extended target window.</TooltipReference>I
		<DrawTemplate>WDT_Inner</DrawTemplate>
		<Style_VScroll>true</Style_VScroll>
		<Style_Transparent>false</Style_Transparent>
		<Style_Titlebar>false</Style_Titlebar>
		<Style_Closebox>false</Style_Closebox>
		<Style_Minimizebox>false</Style_Minimizebox>
		<Style_Border>true</Style_Border>
		<Style_Sizable>true</Style_Sizable>
		<Style_SizableBorderTop>false</Style_SizableBorderTop>
		<Pieces>ETW_AggroPct0</Pieces>
		<Pieces>ETW_Gauge0</Pieces>
		<Pieces>ETW_ManaGauge0</Pieces>
		<Pieces>ETW_STAGauge0</Pieces>
		<Pieces>ETW_HPLabel0</Pieces>
		<Pieces>ETW_HPPercLabel0</Pieces>
		<Pieces>ETW_Role0</Pieces>
		<Pieces>ETW_AggroPct1</Pieces>
		<Pieces>ETW_Gauge1</Pieces>
		<Pieces>ETW_ManaGauge1</Pieces>
		<Pieces>ETW_STAGauge1</Pieces>
		<Pieces>ETW_HPLabel1</Pieces>
		<Pieces>ETW_HPPercLabel1</Pieces>
		<Pieces>ETW_Role1</Pieces>
		<Pieces>ETW_AggroPct2</Pieces>
		<Pieces>ETW_Gauge2</Pieces>
		<Pieces>ETW_ManaGauge2</Pieces>
		<Pieces>ETW_STAGauge2</Pieces>
		<Pieces>ETW_HPLabel2</Pieces>
		<Pieces>ETW_HPPercLabel2</Pieces>
		<Pieces>ETW_Role2</Pieces>
		<Pieces>ETW_AggroPct3</Pieces>
		<Pieces>ETW_Gauge3</Pieces>
		<Pieces>ETW_ManaGauge3</Pieces>
		<Pieces>ETW_STAGauge3</Pieces>
		<Pieces>ETW_HPLabel3</Pieces>
		<Pieces>ETW_HPPercLabel3</Pieces>
		<Pieces>ETW_Role3</Pieces>
		<Pieces>ETW_AggroPct4</Pieces>
		<Pieces>ETW_Gauge4</Pieces>
		<Pieces>ETW_ManaGauge4</Pieces>
		<Pieces>ETW_STAGauge4</Pieces>
		<Pieces>ETW_HPLabel4</Pieces>
		<Pieces>ETW_HPPercLabel4</Pieces>
		<Pieces>ETW_Role4</Pieces>
		<Pieces>ETW_AggroPct5</Pieces>
		<Pieces>ETW_Gauge5</Pieces>
		<Pieces>ETW_ManaGauge5</Pieces>
		<Pieces>ETW_STAGauge5</Pieces>
		<Pieces>ETW_HPLabel5</Pieces>
		<Pieces>ETW_HPPercLabel5</Pieces>
		<Pieces>ETW_Role5</Pieces>
		<Pieces>ETW_AggroPct6</Pieces>
		<Pieces>ETW_Gauge6</Pieces>
		<Pieces>ETW_ManaGauge6</Pieces>
		<Pieces>ETW_STAGauge6</Pieces>
		<Pieces>ETW_HPLabel6</Pieces>
		<Pieces>ETW_HPPercLabel6</Pieces>
		<Pieces>ETW_Role6</Pieces>
		<Pieces>ETW_AggroPct7</Pieces>
		<Pieces>ETW_Gauge7</Pieces>
		<Pieces>ETW_ManaGauge7</Pieces>
		<Pieces>ETW_STAGauge7</Pieces>
		<Pieces>ETW_HPLabel7</Pieces>
		<Pieces>ETW_HPPercLabel7</Pieces>
		<Pieces>ETW_Role7</Pieces>
		<Pieces>ETW_AggroPct8</Pieces>
		<Pieces>ETW_Gauge8</Pieces>
		<Pieces>ETW_ManaGauge8</Pieces>
		<Pieces>ETW_STAGauge8</Pieces>
		<Pieces>ETW_HPLabel8</Pieces>
		<Pieces>ETW_HPPercLabel8</Pieces>
		<Pieces>ETW_Role8</Pieces>
		<Pieces>ETW_AggroPct9</Pieces>
		<Pieces>ETW_Gauge9</Pieces>
		<Pieces>ETW_ManaGauge9</Pieces>
		<Pieces>ETW_STAGauge9</Pieces>
		<Pieces>ETW_HPLabel9</Pieces>
		<Pieces>ETW_HPPercLabel9</Pieces>
		<Pieces>ETW_Role9</Pieces>
		<Pieces>ETW_AggroPct10</Pieces>
		<Pieces>ETW_Gauge10</Pieces>
		<Pieces>ETW_ManaGauge10</Pieces>
		<Pieces>ETW_STAGauge10</Pieces>
		<Pieces>ETW_HPLabel10</Pieces>
		<Pieces>ETW_HPPercLabel10</Pieces>
		<Pieces>ETW_Role10</Pieces>
		<Pieces>ETW_AggroPct11</Pieces>
		<Pieces>ETW_Gauge11</Pieces>
		<Pieces>ETW_ManaGauge11</Pieces>
		<Pieces>ETW_STAGauge11</Pieces>
		<Pieces>ETW_HPLabel11</Pieces>
		<Pieces>ETW_HPPercLabel11</Pieces>
		<Pieces>ETW_Role11</Pieces>
		<Pieces>ETW_AggroPct12</Pieces>
		<Pieces>ETW_Gauge12</Pieces>
		<Pieces>ETW_ManaGauge12</Pieces>
		<Pieces>ETW_STAGauge12</Pieces>
		<Pieces>ETW_HPLabel12</Pieces>
		<Pieces>ETW_HPPercLabel12</Pieces>
		<Pieces>ETW_Role12</Pieces>
		<Pieces>ETW_AggroPct13</Pieces>
		<Pieces>ETW_Gauge13</Pieces>
		<Pieces>ETW_ManaGauge13</Pieces>
		<Pieces>ETW_STAGauge13</Pieces>
		<Pieces>ETW_HPLabel13</Pieces>
		<Pieces>ETW_HPPercLabel13</Pieces>
		<Pieces>ETW_Role13</Pieces>
		<Pieces>ETW_AggroPct14</Pieces>
		<Pieces>ETW_Gauge14</Pieces>
		<Pieces>ETW_ManaGauge14</Pieces>
		<Pieces>ETW_STAGauge14</Pieces>
		<Pieces>ETW_HPLabel14</Pieces>
		<Pieces>ETW_HPPercLabel14</Pieces>
		<Pieces>ETW_Role14</Pieces>
		<Pieces>ETW_AggroPct15</Pieces>
		<Pieces>ETW_Gauge15</Pieces>
		<Pieces>ETW_ManaGauge15</Pieces>
		<Pieces>ETW_STAGauge15</Pieces>
		<Pieces>ETW_HPLabel15</Pieces>
		<Pieces>ETW_HPPercLabel15</Pieces>
		<Pieces>ETW_Role15</Pieces>
		<Pieces>ETW_AggroPct16</Pieces>
		<Pieces>ETW_Gauge16</Pieces>
		<Pieces>ETW_ManaGauge16</Pieces>
		<Pieces>ETW_STAGauge16</Pieces>
		<Pieces>ETW_HPLabel16</Pieces>
		<Pieces>ETW_HPPercLabel16</Pieces>
		<Pieces>ETW_Role16</Pieces>
		<Pieces>ETW_AggroPct17</Pieces>
		<Pieces>ETW_Gauge17</Pieces>
		<Pieces>ETW_ManaGauge17</Pieces>
		<Pieces>ETW_STAGauge17</Pieces>
		<Pieces>ETW_HPLabel17</Pieces>
		<Pieces>ETW_HPPercLabel17</Pieces>
		<Pieces>ETW_Role17</Pieces>
		<Pieces>ETW_AggroPct18</Pieces>
		<Pieces>ETW_Gauge18</Pieces>
		<Pieces>ETW_ManaGauge18</Pieces>
		<Pieces>ETW_STAGauge18</Pieces>
		<Pieces>ETW_HPLabel18</Pieces>
		<Pieces>ETW_HPPercLabel18</Pieces>
		<Pieces>ETW_Role18</Pieces>
		<Pieces>ETW_AggroPct19</Pieces>
		<Pieces>ETW_Gauge19</Pieces>
		<Pieces>ETW_ManaGauge19</Pieces>
		<Pieces>ETW_STAGauge19</Pieces>
		<Pieces>ETW_HPLabel19</Pieces>
		<Pieces>ETW_HPPercLabel19</Pieces>
		<Pieces>ETW_Role19</Pieces>
	</Screen>
</XML>