<?xml version="1.0" encoding="us-ascii"?>
<XML ID="EQInterfaceDefinitionLanguage">
  <Schema xmlns="EverQuestData" xmlns:dt="EverQuestDataTypes" />
  <!-- NPC Label -->
  <Label item="AdvRqst_NPCLabel">
    <ScreenID>AdvRqst_NPCLabel</ScreenID>
    <RelativePosition>true</RelativePosition>
    <AutoStretch>true</AutoStretch>
    <LeftAnchorOffset>4</LeftAnchorOffset>
    <TopAnchorOffset>4</TopAnchorOffset>
    <RightAnchorOffset>4</RightAnchorOffset>
    <BottomAnchorOffset>18</BottomAnchorOffset>
    <TopAnchorToTop>true</TopAnchorToTop>
    <BottomAnchorToTop>true</BottomAnchorToTop>
    <LeftAnchorToLeft>true</LeftAnchorToLeft>
    <RightAnchorToLeft>false</RightAnchorToLeft>
    <Text>NPC Name</Text>
    <TextColor>
      <R>255</R>
      <G>255</G>
      <B>255</B>
    </TextColor>
    <NoWrap>true</NoWrap>
    <AlignCenter>true</AlignCenter>
    <AlignRight>false</AlignRight>
  </Label>
  <!-- NPC Text -->
  <STMLbox item="AdvRqst_NPCText">
    <ScreenID>AdvRqst_NPCText</ScreenID>
    <DrawTemplate>WDT_Inner</DrawTemplate>
    <AutoStretch>true</AutoStretch>
    <LeftAnchorOffset>5</LeftAnchorOffset>
    <TopAnchorOffset>22</TopAnchorOffset>
    <RightAnchorOffset>5</RightAnchorOffset>
    <BottomAnchorOffset>154</BottomAnchorOffset>
    <TopAnchorToTop>true</TopAnchorToTop>
    <BottomAnchorToTop>false</BottomAnchorToTop>
    <LeftAnchorToLeft>true</LeftAnchorToLeft>
    <RightAnchorToLeft>false</RightAnchorToLeft>
    <TextColor>
      <R>255</R>
      <G>255</G>
      <B>255</B>
    </TextColor>
    <Style_Border>true</Style_Border>
    <Style_VScroll>true</Style_VScroll>
  </STMLbox>
  <!-- Risk Options -->
  <Label item="AdvRqst_RiskLabel">
    <ScreenID>AdvRqst_RiskLabel</ScreenID>
    <RelativePosition>true</RelativePosition>
    <AutoStretch>true</AutoStretch>
    <LeftAnchorOffset>10</LeftAnchorOffset>
    <TopAnchorOffset>142</TopAnchorOffset>
    <RightAnchorOffset>50</RightAnchorOffset>
    <BottomAnchorOffset>124</BottomAnchorOffset>
    <TopAnchorToTop>false</TopAnchorToTop>
    <BottomAnchorToTop>false</BottomAnchorToTop>
    <LeftAnchorToLeft>true</LeftAnchorToLeft>
    <RightAnchorToLeft>true</RightAnchorToLeft>
    <Text>Risk:</Text>
    <TextColor>
      <R>255</R>
      <G>255</G>
      <B>255</B>
    </TextColor>
    <NoWrap>true</NoWrap>
    <AlignCenter>false</AlignCenter>
    <AlignRight>false</AlignRight>
  </Label>
  <!-- Risk Combobox -->
  <Combobox item="AdvRqst_RiskCombobox">
    <ScreenID>AdvRqst_RiskCombobox</ScreenID>
    <DrawTemplate>WDT_Inner</DrawTemplate>
    <AutoStretch>true</AutoStretch>
    <LeftAnchorOffset>50</LeftAnchorOffset>
    <TopAnchorOffset>145</TopAnchorOffset>
    <RightAnchorOffset>150</RightAnchorOffset>
    <BottomAnchorOffset>121</BottomAnchorOffset>
    <TopAnchorToTop>false</TopAnchorToTop>
    <BottomAnchorToTop>false</BottomAnchorToTop>
    <LeftAnchorToLeft>true</LeftAnchorToLeft>
    <RightAnchorToLeft>true</RightAnchorToLeft>
    <ListHeight>48</ListHeight>
    <Button>BDT_Combo</Button>
    <Style_Border>true</Style_Border>
    <Choices>Normal</Choices>
    <Choices>High</Choices>
  </Combobox>
  <!-- View Stats Button -->
  <Button item="AdvRqst_ViewStatsButton">
    <ScreenID>AdvRqst_ViewStatsButton</ScreenID>
    <RelativePosition>true</RelativePosition>
    <AutoStretch>true</AutoStretch>
    <LeftAnchorOffset>145</LeftAnchorOffset>
    <TopAnchorOffset>145</TopAnchorOffset>
    <RightAnchorOffset>15</RightAnchorOffset>
    <BottomAnchorOffset>121</BottomAnchorOffset>
    <TopAnchorToTop>false</TopAnchorToTop>
    <BottomAnchorToTop>false</BottomAnchorToTop>
    <LeftAnchorToLeft>false</LeftAnchorToLeft>
    <RightAnchorToLeft>false</RightAnchorToLeft>
    <Style_Transparent>false</Style_Transparent>
    <Style_Checkbox>false</Style_Checkbox>
    <Text>View Stats</Text>
    <TextColor>
      <R>255</R>
      <G>255</G>
      <B>255</B>
    </TextColor>
    <ButtonDrawTemplate>
      <Normal>A_BtnNormal</Normal>
      <Pressed>A_BtnPressed</Pressed>
      <Flyby>A_BtnFlyby</Flyby>
      <Disabled>A_BtnDisabled</Disabled>
      <PressedFlyby>A_BtnPressedFlyby</PressedFlyby>
    </ButtonDrawTemplate>
  </Button>
  <!-- Type Combobox -->
  <Label item="AdvRqst_TypeLabel">
    <ScreenID>AdvRqst_TypeLabel</ScreenID>
    <RelativePosition>true</RelativePosition>
    <AutoStretch>true</AutoStretch>
    <LeftAnchorOffset>10</LeftAnchorOffset>
    <TopAnchorOffset>105</TopAnchorOffset>
    <RightAnchorOffset>50</RightAnchorOffset>
    <BottomAnchorOffset>87</BottomAnchorOffset>
    <TopAnchorToTop>false</TopAnchorToTop>
    <BottomAnchorToTop>false</BottomAnchorToTop>
    <LeftAnchorToLeft>true</LeftAnchorToLeft>
    <RightAnchorToLeft>true</RightAnchorToLeft>
    <Text>Type:</Text>
    <TextColor>
      <R>255</R>
      <G>255</G>
      <B>255</B>
    </TextColor>
    <NoWrap>true</NoWrap>
    <AlignCenter>false</AlignCenter>
    <AlignRight>false</AlignRight>
  </Label>
  <Combobox item="AdvRqst_TypeCombobox">
    <ScreenID>AdvRqst_TypeCombobox</ScreenID>
    <DrawTemplate>WDT_Inner</DrawTemplate>
    <AutoStretch>true</AutoStretch>
    <LeftAnchorOffset>50</LeftAnchorOffset>
    <TopAnchorOffset>108</TopAnchorOffset>
    <RightAnchorOffset>150</RightAnchorOffset>
    <BottomAnchorOffset>84</BottomAnchorOffset>
    <TopAnchorToTop>false</TopAnchorToTop>
    <BottomAnchorToTop>false</BottomAnchorToTop>
    <LeftAnchorToLeft>true</LeftAnchorToLeft>
    <RightAnchorToLeft>true</RightAnchorToLeft>
    <ListHeight>80</ListHeight>
    <Button>BDT_Combo</Button>
    <Style_Border>true</Style_Border>
    <Choices>Random</Choices>
    <Choices>Single Boss</Choices>
    <Choices>Mob count</Choices>
    <Choices>Collection</Choices>
    <Choices>Rescue</Choices>
  </Combobox>
  <!-- Request Adventure Button -->
  <Button item="AdvRqst_RequestButton">
    <ScreenID>AdvRqst_RequestButton</ScreenID>
    <RelativePosition>true</RelativePosition>
    <AutoStretch>true</AutoStretch>
    <LeftAnchorOffset>145</LeftAnchorOffset>
    <TopAnchorOffset>110</TopAnchorOffset>
    <RightAnchorOffset>15</RightAnchorOffset>
    <BottomAnchorOffset>80</BottomAnchorOffset>
    <TopAnchorToTop>false</TopAnchorToTop>
    <BottomAnchorToTop>false</BottomAnchorToTop>
    <LeftAnchorToLeft>false</LeftAnchorToLeft>
    <RightAnchorToLeft>false</RightAnchorToLeft>
    <Style_Transparent>false</Style_Transparent>
    <Style_Checkbox>false</Style_Checkbox>
    <Text>Request Adventure</Text>
    <TextColor>
      <R>255</R>
      <G>255</G>
      <B>255</B>
    </TextColor>
    <ButtonDrawTemplate>
      <Normal>A_BtnNormal</Normal>
      <Pressed>A_BtnPressed</Pressed>
      <Flyby>A_BtnFlyby</Flyby>
      <Disabled>A_BtnDisabled</Disabled>
      <PressedFlyby>A_BtnPressedFlyby</PressedFlyby>
    </ButtonDrawTemplate>
  </Button>
  <!-- Time to Enter Label -->
  <Label item="AdvRqst_EnterTimeLabel">
    <ScreenID>AdvRqst_EnterTimeLabel</ScreenID>
    <RelativePosition>true</RelativePosition>
    <AutoStretch>true</AutoStretch>
    <LeftAnchorOffset>5</LeftAnchorOffset>
    <TopAnchorOffset>69</TopAnchorOffset>
    <RightAnchorOffset>125</RightAnchorOffset>
    <BottomAnchorOffset>55</BottomAnchorOffset>
    <TopAnchorToTop>false</TopAnchorToTop>
    <BottomAnchorToTop>false</BottomAnchorToTop>
    <LeftAnchorToLeft>true</LeftAnchorToLeft>
    <RightAnchorToLeft>true</RightAnchorToLeft>
    <Text>Time to Enter:</Text>
    <TextColor>
      <R>255</R>
      <G>255</G>
      <B>255</B>
    </TextColor>
    <NoWrap>false</NoWrap>
    <AlignCenter>false</AlignCenter>
    <AlignRight>false</AlignRight>
  </Label>
  <!-- Time to Enter Timer Label -->
  <Label item="AdvRqst_EnterTimeLeftLabel">
    <ScreenID>AdvRqst_EnterTimeLeftLabel</ScreenID>
    <RelativePosition>true</RelativePosition>
    <AutoStretch>true</AutoStretch>
    <LeftAnchorOffset>125</LeftAnchorOffset>
    <TopAnchorOffset>69</TopAnchorOffset>
    <RightAnchorOffset>225</RightAnchorOffset>
    <BottomAnchorOffset>55</BottomAnchorOffset>
    <TopAnchorToTop>false</TopAnchorToTop>
    <BottomAnchorToTop>false</BottomAnchorToTop>
    <LeftAnchorToLeft>true</LeftAnchorToLeft>
    <RightAnchorToLeft>true</RightAnchorToLeft>
    <Text />
    <TextColor>
      <R>255</R>
      <G>255</G>
      <B>255</B>
    </TextColor>
    <NoWrap>true</NoWrap>
    <AlignCenter>false</AlignCenter>
    <AlignRight>false</AlignRight>
  </Label>
  <!-- Time to Complete Label -->
  <Label item="AdvRqst_CompleteTimeLabel">
    <ScreenID>AdvRqst_CompleteTimeLabel</ScreenID>
    <RelativePosition>true</RelativePosition>
    <AutoStretch>true</AutoStretch>
    <LeftAnchorOffset>5</LeftAnchorOffset>
    <TopAnchorOffset>54</TopAnchorOffset>
    <RightAnchorOffset>125</RightAnchorOffset>
    <BottomAnchorOffset>40</BottomAnchorOffset>
    <TopAnchorToTop>false</TopAnchorToTop>
    <BottomAnchorToTop>false</BottomAnchorToTop>
    <LeftAnchorToLeft>true</LeftAnchorToLeft>
    <RightAnchorToLeft>true</RightAnchorToLeft>
    <Text>Time to Complete:</Text>
    <TextColor>
      <R>255</R>
      <G>255</G>
      <B>255</B>
    </TextColor>
    <NoWrap>false</NoWrap>
    <AlignCenter>false</AlignCenter>
    <AlignRight>false</AlignRight>
  </Label>
  <!-- Time to Complete Timer Label -->
  <Label item="AdvRqst_CompleteTimeLeftLabel">
    <ScreenID>AdvRqst_CompleteTimeLeftLabel</ScreenID>
    <RelativePosition>true</RelativePosition>
    <AutoStretch>true</AutoStretch>
    <LeftAnchorOffset>125</LeftAnchorOffset>
    <TopAnchorOffset>54</TopAnchorOffset>
    <RightAnchorOffset>225</RightAnchorOffset>
    <BottomAnchorOffset>40</BottomAnchorOffset>
    <TopAnchorToTop>false</TopAnchorToTop>
    <BottomAnchorToTop>false</BottomAnchorToTop>
    <LeftAnchorToLeft>true</LeftAnchorToLeft>
    <RightAnchorToLeft>true</RightAnchorToLeft>
    <Text />
    <TextColor>
      <R>255</R>
      <G>255</G>
      <B>255</B>
    </TextColor>
    <NoWrap>true</NoWrap>
    <AlignCenter>false</AlignCenter>
    <AlignRight>false</AlignRight>
  </Label>
  <!-- Progress Label -->
  <Label item="AdvRqst_ProgressLabel">
    <ScreenID>AdvRqst_ProgressLabel</ScreenID>
    <RelativePosition>true</RelativePosition>
    <AutoStretch>true</AutoStretch>
    <LeftAnchorOffset>170</LeftAnchorOffset>
    <TopAnchorOffset>69</TopAnchorOffset>
    <RightAnchorOffset>10</RightAnchorOffset>
    <BottomAnchorOffset>55</BottomAnchorOffset>
    <TopAnchorToTop>false</TopAnchorToTop>
    <BottomAnchorToTop>false</BottomAnchorToTop>
    <LeftAnchorToLeft>false</LeftAnchorToLeft>
    <RightAnchorToLeft>false</RightAnchorToLeft>
    <Text>Progress:</Text>
    <TextColor>
      <R>255</R>
      <G>255</G>
      <B>255</B>
    </TextColor>
    <NoWrap>false</NoWrap>
    <AlignCenter>true</AlignCenter>
    <AlignRight>false</AlignRight>
  </Label>
  <!-- Progress Text Label -->
  <Label item="AdvRqst_ProgressTextLabel">
    <ScreenID>AdvRqst_ProgressTextLabel</ScreenID>
    <RelativePosition>true</RelativePosition>
    <AutoStretch>true</AutoStretch>
    <LeftAnchorOffset>170</LeftAnchorOffset>
    <TopAnchorOffset>54</TopAnchorOffset>
    <RightAnchorOffset>10</RightAnchorOffset>
    <BottomAnchorOffset>40</BottomAnchorOffset>
    <TopAnchorToTop>false</TopAnchorToTop>
    <BottomAnchorToTop>false</BottomAnchorToTop>
    <LeftAnchorToLeft>false</LeftAnchorToLeft>
    <RightAnchorToLeft>false</RightAnchorToLeft>
    <Text />
    <TextColor>
      <R>255</R>
      <G>255</G>
      <B>255</B>
    </TextColor>
    <NoWrap>false</NoWrap>
    <AlignCenter>true</AlignCenter>
    <AlignRight>false</AlignRight>
  </Label>
  <!-- Accept Button -->
  <Button item="AdvRqst_AcceptButton">
    <ScreenID>AdvRqst_AcceptButton</ScreenID>
    <RelativePosition>true</RelativePosition>
    <AutoStretch>true</AutoStretch>
    <LeftAnchorOffset>5</LeftAnchorOffset>
    <TopAnchorOffset>29</TopAnchorOffset>
    <RightAnchorOffset>135</RightAnchorOffset>
    <BottomAnchorOffset>5</BottomAnchorOffset>
    <TopAnchorToTop>false</TopAnchorToTop>
    <BottomAnchorToTop>false</BottomAnchorToTop>
    <LeftAnchorToLeft>true</LeftAnchorToLeft>
    <RightAnchorToLeft>true</RightAnchorToLeft>
    <Style_Transparent>false</Style_Transparent>
    <Style_Checkbox>false</Style_Checkbox>
    <Text>Accept</Text>
    <TextColor>
      <R>255</R>
      <G>255</G>
      <B>255</B>
    </TextColor>
    <ButtonDrawTemplate>
      <Normal>A_BtnNormal</Normal>
      <Pressed>A_BtnPressed</Pressed>
      <Flyby>A_BtnFlyby</Flyby>
      <Disabled>A_BtnDisabled</Disabled>
      <PressedFlyby>A_BtnPressedFlyby</PressedFlyby>
    </ButtonDrawTemplate>
  </Button>
  <!-- Decline Button -->
  <Button item="AdvRqst_DeclineButton">
    <ScreenID>AdvRqst_DeclineButton</ScreenID>
    <RelativePosition>true</RelativePosition>
    <AutoStretch>true</AutoStretch>
    <LeftAnchorOffset>145</LeftAnchorOffset>
    <TopAnchorOffset>29</TopAnchorOffset>
    <RightAnchorOffset>15</RightAnchorOffset>
    <BottomAnchorOffset>5</BottomAnchorOffset>
    <TopAnchorToTop>false</TopAnchorToTop>
    <BottomAnchorToTop>false</BottomAnchorToTop>
    <LeftAnchorToLeft>false</LeftAnchorToLeft>
    <RightAnchorToLeft>false</RightAnchorToLeft>
    <Style_Transparent>false</Style_Transparent>
    <Style_Checkbox>false</Style_Checkbox>
    <Text>Decline</Text>
    <TextColor>
      <R>255</R>
      <G>255</G>
      <B>255</B>
    </TextColor>
    <ButtonDrawTemplate>
      <Normal>A_BtnNormal</Normal>
      <Pressed>A_BtnPressed</Pressed>
      <Flyby>A_BtnFlyby</Flyby>
      <Disabled>A_BtnDisabled</Disabled>
      <PressedFlyby>A_BtnPressedFlyby</PressedFlyby>
    </ButtonDrawTemplate>
  </Button>
  <!-- The Adventure Request Window -->
  <Screen item="AdventureRequestWnd">
    <RelativePosition>false</RelativePosition>
    <Location>
      <X>200</X>
      <Y>200</Y>
    </Location>
    <Size>
      <CX>370</CX>
      <CY>393</CY>
    </Size>
    <Style_VScroll>false</Style_VScroll>
    <Style_HScroll>false</Style_HScroll>
    <Style_Transparent>false</Style_Transparent>
    <Text>Sparxx - Adventure Window</Text>
    <DrawTemplate>WDT_Rounded</DrawTemplate>
    <Style_Titlebar>true</Style_Titlebar>
    <Style_Closebox>true</Style_Closebox>
    <Style_Minimizebox>true</Style_Minimizebox>
    <Style_Border>true</Style_Border>
    <Style_Sizable>true</Style_Sizable>
    <Pieces>AdvRqst_NPCLabel</Pieces>
    <Pieces>AdvRqst_NPCText</Pieces>
    <Pieces>AdvRqst_RiskLabel</Pieces>
    <Pieces>AdvRqst_TypeLabel</Pieces>
    <Pieces>AdvRqst_RequestButton</Pieces>
    <Pieces>AdvRqst_ViewStatsButton</Pieces>
    <Pieces>AdvRqst_EnterTimeLabel</Pieces>
    <Pieces>AdvRqst_EnterTimeLeftLabel</Pieces>
    <Pieces>AdvRqst_CompleteTimeLabel</Pieces>
    <Pieces>AdvRqst_CompleteTimeLeftLabel</Pieces>
    <Pieces>AdvRqst_ProgressLabel</Pieces>
    <Pieces>AdvRqst_ProgressTextLabel</Pieces>
    <Pieces>AdvRqst_AcceptButton</Pieces>
    <Pieces>AdvRqst_DeclineButton</Pieces>
    <Pieces>AdvRqst_TypeCombobox</Pieces>
    <Pieces>AdvRqst_RiskCombobox</Pieces>
    <Font>2</Font>
  </Screen>
</XML>