<?xml version="1.0" encoding="us-ascii"?>
<XML ID="EQInterfaceDefinitionLanguage">
  <Schema xmlns="EverQuestData" xmlns:dt="EverQuestDataTypes" />
  <Button item="ContainerCombine_Icon">
    <ScreenID>ContainerCombine_Icon</ScreenID>
    <RelativePosition>true</RelativePosition>
    <Location>
      <X>5</X>
      <Y>5</Y>
    </Location>
    <Size>
      <CX>40</CX>
      <CY>40</CY>
    </Size>
    <TextColor>
      <R>255</R>
      <G>255</G>
      <B>255</B>
    </TextColor>
    <Template>BDT_DragItem</Template>
    <DecalOffset>
      <X>0</X>
      <Y>0</Y>
    </DecalOffset>
    <DecalSize>
      <CX>40</CX>
      <CY>40</CY>
    </DecalSize>
  </Button>
  <InvSlot item="Container_Slot">
    <ScreenID>Container_Slot</ScreenID>
    <RelativePosition>true</RelativePosition>
    <Size>
      <CX>40</CX>
      <CY>40</CY>
    </Size>
    <Background>A_RecessedBox</Background>
    <EQType>-1</EQType>
    <Font>2</Font>
  </InvSlot>
  <TileLayoutBox item="ContainerStandard_Items">
    <ScreenID>ContainerStandard_Items</ScreenID>
    <DrawTemplate>WDT_RoundedNoTitle</DrawTemplate>
    <RelativePosition>true</RelativePosition>
    <AutoStretchHorizontal>true</AutoStretchHorizontal>
    <RightAnchorToLeft>false</RightAnchorToLeft>
    <Style_Transparent>true</Style_Transparent>
    <Spacing>2</Spacing>
    <SecondarySpacing>2</SecondarySpacing>
    <HorizontalFirst>true</HorizontalFirst>
    <AnchorToTop>true</AnchorToTop>
    <AnchorToLeft>true</AnchorToLeft>
    <FirstPieceTemplate>false</FirstPieceTemplate>
    <SnapToChildren>true</SnapToChildren>
  </TileLayoutBox>
  <TileLayoutBox item="ContainerStandardWithDone_Items">
    <ScreenID>ContainerStandardWithDone_Items</ScreenID>
    <DrawTemplate>WDT_RoundedNoTitle</DrawTemplate>
    <RelativePosition>true</RelativePosition>
    <AutoStretchHorizontal>true</AutoStretchHorizontal>
    <RightAnchorToLeft>false</RightAnchorToLeft>
    <Style_Transparent>true</Style_Transparent>
    <Spacing>2</Spacing>
    <SecondarySpacing>2</SecondarySpacing>
    <HorizontalFirst>true</HorizontalFirst>
    <AnchorToTop>true</AnchorToTop>
    <AnchorToLeft>true</AnchorToLeft>
    <FirstPieceTemplate>false</FirstPieceTemplate>
    <SnapToChildren>true</SnapToChildren>
  </TileLayoutBox>
  <TileLayoutBox item="ContainerCombine_Items">
    <ScreenID>ContainerCombine_Items</ScreenID>
    <DrawTemplate>WDT_RoundedNoTitle</DrawTemplate>
    <RelativePosition>true</RelativePosition>
    <AutoStretchHorizontal>true</AutoStretchHorizontal>
    <BottomAnchorToTop>false</BottomAnchorToTop>
    <RightAnchorToLeft>false</RightAnchorToLeft>
    <Style_Transparent>true</Style_Transparent>
    <Spacing>2</Spacing>
    <SecondarySpacing>2</SecondarySpacing>
    <HorizontalFirst>true</HorizontalFirst>
    <AnchorToTop>true</AnchorToTop>
    <AnchorToLeft>true</AnchorToLeft>
    <FirstPieceTemplate>false</FirstPieceTemplate>
    <SnapToChildren>true</SnapToChildren>
  </TileLayoutBox>
  <Button item="Container_Combine">
    <ScreenID>Container_Combine</ScreenID>
    <RelativePosition>true</RelativePosition>
    <Location>
      <X>55</X>
      <Y>10</Y>
    </Location>
    <Size>
      <CX>60</CX>
      <CY>20</CY>
    </Size>
    <Text>Combine</Text>
    <TextColor>
      <R>255</R>
      <G>255</G>
      <B>255</B>
    </TextColor>
    <Template>BDT_SmallNormal</Template>
    <UseInLayoutVertical>false</UseInLayoutVertical>
    <Font>2</Font>
  </Button>
  <Button item="StandardDoneButton">
    <ScreenID>StandardDoneButton</ScreenID>
    <RelativePosition>true</RelativePosition>
    <Size>
      <CX>50</CX>
      <CY>24</CY>
    </Size>
    <Text>Done</Text>
    <TextColor>
      <R>255</R>
      <G>255</G>
      <B>255</B>
    </TextColor>
    <Template>BDT_Normal</Template>
    <Font>2</Font>
  </Button>
  <Button item="CombineDoneButton">
    <ScreenID>CombineDoneButton</ScreenID>
    <RelativePosition>true</RelativePosition>
    <Location>
      <X>115</X>
      <Y>10</Y>
    </Location>
    <Size>
      <CX>60</CX>
      <CY>20</CY>
    </Size>
    <UseInLayoutVertical>false</UseInLayoutVertical>
    <Style_Transparent>false</Style_Transparent>
    <Text>Done</Text>
    <TextColor>
      <R>255</R>
      <G>255</G>
      <B>255</B>
    </TextColor>
    <Template>BDT_Normal</Template>
  </Button>
  <STMLbox item="Container_StandardSize">
    <ScreenID>StandardSize</ScreenID>
    <RelativePosition>true</RelativePosition>
    <Size>
      <CX>115</CX>
      <CY>240</CY>
    </Size>
    <UseInLayoutVertical>false</UseInLayoutVertical>
    <UseInLayoutHorizontal>false</UseInLayoutHorizontal>
    <Style_Transparent>true</Style_Transparent>
    <Style_Tooltip>false</Style_Tooltip>
    <Font>2</Font>
  </STMLbox>
  <STMLbox item="Container_CombineSize">
    <ScreenID>CombineSize</ScreenID>
    <RelativePosition>true</RelativePosition>
    <Size>
      <CX>230</CX>
      <CY>170</CY>
    </Size>
    <UseInLayoutVertical>false</UseInLayoutVertical>
    <UseInLayoutHorizontal>false</UseInLayoutHorizontal>
    <Style_Transparent>true</Style_Transparent>
    <Style_Tooltip>false</Style_Tooltip>
    <Font>2</Font>
  </STMLbox>
  <LayoutVertical item="Container_LayoutV">
    <ResizeVertical>true</ResizeVertical>
    <ResizeHorizontal>true</ResizeHorizontal>
  </LayoutVertical>
  <Screen item="ContainerWindow">
    <Layout>Container_LayoutV</Layout>
    <RelativePosition>false</RelativePosition>
    <Location>
      <X>200</X>
      <Y>200</Y>
    </Location>
    <Size>
      <CX>115</CX>
      <CY>240</CY>
    </Size>
    <Text>Container</Text>
    <Style_VScroll>false</Style_VScroll>
    <Style_HScroll>false</Style_HScroll>
    <Style_Transparent>false</Style_Transparent>
    <TooltipReference>Container</TooltipReference>
    <DrawTemplate>WDT_Rounded</DrawTemplate>
    <Style_Titlebar>true</Style_Titlebar>
    <Style_Closebox>true</Style_Closebox>
    <Style_Minimizebox>false</Style_Minimizebox>
    <Style_Border>true</Style_Border>
    <Style_Sizable>true</Style_Sizable>
    <Pieces>ContainerCombine_Icon</Pieces>
    <Pieces>Container_Slot</Pieces>
    <Pieces>TileLayoutBox:ContainerStandard_Items</Pieces>
    <Pieces>TileLayoutBox:ContainerStandardWithDone_Items</Pieces>
    <Pieces>TileLayoutBox:ContainerCombine_Items</Pieces>
    <Pieces>Container_Combine</Pieces>
    <Pieces>StandardDoneButton</Pieces>
    <Pieces>CombineDoneButton</Pieces>
    <Pieces>Container_StandardSize</Pieces>
    <Pieces>Container_CombineSize</Pieces>
    <Font>2</Font>
  </Screen>
</XML>