<?xml version="1.0" encoding="us-ascii"?>
<XML ID="EQInterfaceDefinitionLanguage">
  <Schema xmlns="EverQuestData" xmlns:dt="EverQuestDataTypes" />
  <Label item="REPW_Owner_Label">
    <ScreenID>REPW_Owner_Label</ScreenID>
    <Size>
      <CX>50</CX>
      <CY>17</CY>
    </Size>
    <Text>Owner:</Text>
    <TextColor>
      <R>255</R>
      <G>255</G>
      <B>255</B>
    </TextColor>
  </Label>
  <Label item="REPW_OwnerVal_Label">
    <ScreenID>REPW_OwnerVal_Label</ScreenID>
    <AutoStretch>true</AutoStretch>
    <TopAnchorOffset>0</TopAnchorOffset>
    <BottomAnchorOffset>0</BottomAnchorOffset>
    <LeftAnchorOffset>55</LeftAnchorOffset>
    <RightAnchorOffset>0</RightAnchorOffset>
    <BottomAnchorToTop>false</BottomAnchorToTop>
    <RightAnchorToLeft>false</RightAnchorToLeft>
    <Text>None</Text>
    <TextColor>
      <R>255</R>
      <G>255</G>
      <B>255</B>
    </TextColor>
  </Label>
  <Screen item="REPW_Owner_Screen">
    <RelativePosition>true</RelativePosition>
    <Size>
      <CX>275</CX>
      <CY>17</CY>
    </Size>
    <Style_VScroll>false</Style_VScroll>
    <Style_HScroll>false</Style_HScroll>
    <Style_Transparent>false</Style_Transparent>
    <Style_Sizable>false</Style_Sizable>
    <Pieces>REPW_Owner_Label</Pieces>
    <Pieces>REPW_OwnerVal_Label</Pieces>
  </Screen>
  <Label item="REPW_Guild_Label">
    <ScreenID>REPW_Guild_Label</ScreenID>
    <Size>
      <CX>50</CX>
      <CY>17</CY>
    </Size>
    <Text>Guild:</Text>
    <TextColor>
      <R>255</R>
      <G>255</G>
      <B>255</B>
    </TextColor>
  </Label>
  <Label item="REPW_GuildVal_Label">
    <ScreenID>REPW_GuildVal_Label</ScreenID>
    <AutoStretch>true</AutoStretch>
    <TopAnchorOffset>0</TopAnchorOffset>
    <BottomAnchorOffset>0</BottomAnchorOffset>
    <LeftAnchorOffset>55</LeftAnchorOffset>
    <RightAnchorOffset>0</RightAnchorOffset>
    <BottomAnchorToTop>false</BottomAnchorToTop>
    <RightAnchorToLeft>false</RightAnchorToLeft>
    <Text>None</Text>
    <TextColor>
      <R>255</R>
      <G>255</G>
      <B>255</B>
    </TextColor>
  </Label>
  <Screen item="REPW_Guild_Screen">
    <ScreenID>REPW_Guild_Screen</ScreenID>
    <RelativePosition>true</RelativePosition>
    <Size>
      <CX>275</CX>
      <CY>17</CY>
    </Size>
    <Style_VScroll>false</Style_VScroll>
    <Style_HScroll>false</Style_HScroll>
    <Style_Transparent>false</Style_Transparent>
    <Style_Sizable>false</Style_Sizable>
    <Pieces>REPW_Guild_Label</Pieces>
    <Pieces>REPW_GuildVal_Label</Pieces>
  </Screen>
  <Screen item="REPW_Spacer_Screen">
    <RelativePosition>true</RelativePosition>
    <Size>
      <CX>275</CX>
      <CY>5</CY>
    </Size>
    <Style_VScroll>false</Style_VScroll>
    <Style_HScroll>false</Style_HScroll>
    <Style_Transparent>false</Style_Transparent>
    <Style_Sizable>false</Style_Sizable>
  </Screen>
  <Label item="REPW_Type_Label">
    <ScreenID>REPW_Type_Label</ScreenID>
    <Size>
      <CX>50</CX>
      <CY>17</CY>
    </Size>
    <Text>Type:</Text>
    <TextColor>
      <R>255</R>
      <G>255</G>
      <B>255</B>
    </TextColor>
  </Label>
  <Label item="REPW_TypeVal_Label">
    <ScreenID>REPW_TypeVal_Label</ScreenID>
    <AutoStretch>true</AutoStretch>
    <TopAnchorOffset>0</TopAnchorOffset>
    <BottomAnchorOffset>0</BottomAnchorOffset>
    <LeftAnchorOffset>55</LeftAnchorOffset>
    <RightAnchorOffset>0</RightAnchorOffset>
    <BottomAnchorToTop>false</BottomAnchorToTop>
    <RightAnchorToLeft>false</RightAnchorToLeft>
    <Text>None</Text>
    <TextColor>
      <R>255</R>
      <G>255</G>
      <B>255</B>
    </TextColor>
  </Label>
  <Screen item="REPW_Type_Screen">
    <RelativePosition>true</RelativePosition>
    <Size>
      <CX>275</CX>
      <CY>17</CY>
    </Size>
    <Style_VScroll>false</Style_VScroll>
    <Style_HScroll>false</Style_HScroll>
    <Style_Transparent>false</Style_Transparent>
    <Style_Sizable>false</Style_Sizable>
    <Pieces>REPW_Type_Label</Pieces>
    <Pieces>REPW_TypeVal_Label</Pieces>
  </Screen>
  <Label item="REPW_Price_Label">
    <ScreenID>REPW_Price_Label</ScreenID>
    <Size>
      <CX>50</CX>
      <CY>17</CY>
    </Size>
    <Text>Price:</Text>
    <TextColor>
      <R>255</R>
      <G>255</G>
      <B>255</B>
    </TextColor>
  </Label>
  <Combobox item="REPW_Price_Combobox">
    <ScreenID>REPW_Price_Combobox</ScreenID>
    <DrawTemplate>WDT_Inner</DrawTemplate>
    <AutoStretch>true</AutoStretch>
    <TopAnchorOffset>0</TopAnchorOffset>
    <BottomAnchorOffset>0</BottomAnchorOffset>
    <LeftAnchorOffset>55</LeftAnchorOffset>
    <RightAnchorOffset>0</RightAnchorOffset>
    <BottomAnchorToTop>false</BottomAnchorToTop>
    <RightAnchorToLeft>false</RightAnchorToLeft>
    <Style_Transparent>false</Style_Transparent>
    <TextColor>
      <R>255</R>
      <G>255</G>
      <B>255</B>
    </TextColor>
    <ListHeight>75</ListHeight>
    <Button>BDT_Combo</Button>
    <Style_Border>true</Style_Border>
    <Choices>Player</Choices>
    <Choices>Neighborhood</Choices>
  </Combobox>
  <Screen item="REPW_Price_Screen">
    <RelativePosition>true</RelativePosition>
    <Size>
      <CX>175</CX>
      <CY>17</CY>
    </Size>
    <Style_VScroll>false</Style_VScroll>
    <Style_HScroll>false</Style_HScroll>
    <Style_Transparent>false</Style_Transparent>
    <Style_Sizable>false</Style_Sizable>
    <Pieces>REPW_Price_Label</Pieces>
    <Pieces>REPW_Price_Combobox</Pieces>
  </Screen>
  <Label item="REPW_Upkeep_Label">
    <ScreenID>REPW_Upkeep_Label</ScreenID>
    <Size>
      <CX>50</CX>
      <CY>17</CY>
    </Size>
    <Text>Upkeep:</Text>
    <TextColor>
      <R>255</R>
      <G>255</G>
      <B>255</B>
    </TextColor>
  </Label>
  <Combobox item="REPW_Upkeep_Combobox">
    <ScreenID>REPW_Upkeep_Combobox</ScreenID>
    <DrawTemplate>WDT_Inner</DrawTemplate>
    <AutoStretch>true</AutoStretch>
    <TopAnchorOffset>0</TopAnchorOffset>
    <BottomAnchorOffset>0</BottomAnchorOffset>
    <LeftAnchorOffset>55</LeftAnchorOffset>
    <RightAnchorOffset>0</RightAnchorOffset>
    <BottomAnchorToTop>false</BottomAnchorToTop>
    <RightAnchorToLeft>false</RightAnchorToLeft>
    <Style_Transparent>false</Style_Transparent>
    <TextColor>
      <R>255</R>
      <G>255</G>
      <B>255</B>
    </TextColor>
    <ListHeight>75</ListHeight>
    <Button>BDT_Combo</Button>
    <Style_Border>true</Style_Border>
    <Choices>100 platinum</Choices>
    <Choices>50 Doubloons</Choices>
  </Combobox>
  <Screen item="REPW_Upkeep_Screen">
    <RelativePosition>true</RelativePosition>
    <Size>
      <CX>175</CX>
      <CY>17</CY>
    </Size>
    <Style_VScroll>false</Style_VScroll>
    <Style_HScroll>false</Style_HScroll>
    <Style_Transparent>false</Style_Transparent>
    <Style_Sizable>false</Style_Sizable>
    <Pieces>REPW_Upkeep_Label</Pieces>
    <Pieces>REPW_Upkeep_Combobox</Pieces>
  </Screen>
  <Label item="REPW_Capacity_Label">
    <ScreenID>REPW_Capacity_Label</ScreenID>
    <Size>
      <CX>50</CX>
      <CY>17</CY>
    </Size>
    <Location>
      <X>0</X>
      <Y>0</Y>
    </Location>
    <Text>Capacity:</Text>
    <TextColor>
      <R>255</R>
      <G>255</G>
      <B>255</B>
    </TextColor>
  </Label>
  <Label item="REPW_CapacityVal_Label">
    <ScreenID>REPW_CapacityVal_Label</ScreenID>
    <Size>
      <CX>50</CX>
      <CY>17</CY>
    </Size>
    <Location>
      <X>55</X>
      <Y>0</Y>
    </Location>
    <Text>2000</Text>
    <TextColor>
      <R>255</R>
      <G>255</G>
      <B>255</B>
    </TextColor>
  </Label>
  <Label item="REPW_Vault_Capacity_Label">
    <ScreenID>REPW_Vault_Capacity_Label</ScreenID>
    <Size>
      <CX>35</CX>
      <CY>17</CY>
    </Size>
    <Location>
      <X>110</X>
      <Y>0</Y>
    </Location>
    <Text>Vault:</Text>
    <TextColor>
      <R>255</R>
      <G>255</G>
      <B>255</B>
    </TextColor>
  </Label>
  <Label item="REPW_Vault_CapacityVal_Label">
    <ScreenID>REPW_Vault_CapacityVal_Label</ScreenID>
    <Size>
      <CX>50</CX>
      <CY>17</CY>
    </Size>
    <Location>
      <X>150</X>
      <Y>0</Y>
    </Location>
    <Text>2000</Text>
    <TextColor>
      <R>255</R>
      <G>255</G>
      <B>255</B>
    </TextColor>
  </Label>
  <Label item="REPW_Npc_Capacity_Label">
    <ScreenID>REPW_Npc_Capacity_Label</ScreenID>
    <Size>
      <CX>30</CX>
      <CY>17</CY>
    </Size>
    <Location>
      <X>205</X>
      <Y>0</Y>
    </Location>
    <Text>Pets:</Text>
    <TextColor>
      <R>255</R>
      <G>255</G>
      <B>255</B>
    </TextColor>
  </Label>
  <Label item="REPW_Npc_CapacityVal_Label">
    <ScreenID>REPW_Npc_CapacityVal_Label</ScreenID>
    <Size>
      <CX>55</CX>
      <CY>17</CY>
    </Size>
    <Location>
      <X>240</X>
      <Y>0</Y>
    </Location>
    <Text>2000</Text>
    <TextColor>
      <R>255</R>
      <G>255</G>
      <B>255</B>
    </TextColor>
  </Label>
  <Screen item="REPW_Capacity_Screen">
    <RelativePosition>true</RelativePosition>
    <Size>
      <CX>175</CX>
      <CY>17</CY>
    </Size>
    <Style_VScroll>false</Style_VScroll>
    <Style_HScroll>false</Style_HScroll>
    <Style_Transparent>false</Style_Transparent>
    <Style_Sizable>false</Style_Sizable>
    <Pieces>REPW_Capacity_Label</Pieces>
    <Pieces>REPW_CapacityVal_Label</Pieces>
    <Pieces>REPW_Vault_Capacity_Label</Pieces>
    <Pieces>REPW_Vault_CapacityVal_Label</Pieces>
    <Pieces>REPW_Npc_Capacity_Label</Pieces>
    <Pieces>REPW_Npc_CapacityVal_Label</Pieces>
  </Screen>
  <Label item="REPW_Category_Label">
    <ScreenID>REPW_Category_Label</ScreenID>
    <Size>
      <CX>95</CX>
      <CY>17</CY>
    </Size>
    <Location>
      <X>303</X>
      <Y>47</Y>
    </Location>
    <Text>Category</Text>
    <TextColor>
      <R>255</R>
      <G>255</G>
      <B>255</B>
    </TextColor>
  </Label>
  <Button item="REPW_Manage_Button">
    <ScreenID>REPW_Manage_Button</ScreenID>
    <RelativePosition>true</RelativePosition>
    <Size>
      <CX>72</CX>
      <CY>20</CY>
    </Size>
    <Location>
      <X>0</X>
      <Y>0</Y>
    </Location>
    <TooltipReference>Opens up the real estate management window.  You must be standing inside this plot and have access to manage this plot to use this button.</TooltipReference>
    <TextColor>
      <R>255</R>
      <G>255</G>
      <B>255</B>
    </TextColor>
    <ButtonDrawTemplate>
      <Normal>A_ManageBtnNormal</Normal>
      <Pressed>A_ManageBtnPressed</Pressed>
      <Flyby>A_ManageBtnFlyby</Flyby>
      <Disabled>A_ManageBtnDisabled</Disabled>
    </ButtonDrawTemplate>
  </Button>
  <Button item="REPW_Items_Button">
    <ScreenID>REPW_Items_Button</ScreenID>
    <RelativePosition>true</RelativePosition>
    <Size>
      <CX>72</CX>
      <CY>20</CY>
    </Size>
    <Location>
      <X>77</X>
      <Y>0</Y>
    </Location>
    <TooltipReference>Opens up the real estate items window.</TooltipReference>
    <TextColor>
      <R>255</R>
      <G>255</G>
      <B>255</B>
    </TextColor>
    <ButtonDrawTemplate>
      <Normal>A_ItemsBtnNormal</Normal>
      <Pressed>A_ItemsBtnPressed</Pressed>
      <Flyby>A_ItemsBtnFlyby</Flyby>
    </ButtonDrawTemplate>
  </Button>
  <Button item="REPW_Purchase_Button">
    <ScreenID>REPW_Purchase_Button</ScreenID>
    <RelativePosition>true</RelativePosition>
    <Size>
      <CX>40</CX>
      <CY>20</CY>
    </Size>
    <Location>
      <X>154</X>
      <Y>0</Y>
    </Location>
    <TextColor>
      <R>255</R>
      <G>255</G>
      <B>255</B>
    </TextColor>
    <ButtonDrawTemplate>
      <Normal>A_SmallBuyBtnNormal</Normal>
      <Pressed>A_SmallBuyBtnPressed</Pressed>
      <Flyby>A_SmallBuyBtnFlyby</Flyby>
      <Disabled>A_SmallBuyBtnDisabled</Disabled>
    </ButtonDrawTemplate>
  </Button>
  <Button item="REPW_Sell_Button">
    <ScreenID>REPW_Sell_Button</ScreenID>
    <RelativePosition>true</RelativePosition>
    <Size>
      <CX>72</CX>
      <CY>20</CY>
    </Size>
    <Location>
      <X>154</X>
      <Y>0</Y>
    </Location>
    <TextColor>
      <R>255</R>
      <G>255</G>
      <B>255</B>
    </TextColor>
    <ButtonDrawTemplate>
      <Normal>A_MoveOutBtnNormal</Normal>
      <Pressed>A_MoveOutBtnPressed</Pressed>
      <Flyby>A_MoveOutBtnFlyby</Flyby>
    </ButtonDrawTemplate>
  </Button>
  <Button item="REPW_Transfer_Button">
    <ScreenID>REPW_Transfer_Button</ScreenID>
    <RelativePosition>true</RelativePosition>
    <Size>
      <CX>72</CX>
      <CY>20</CY>
    </Size>
    <Location>
      <X>231</X>
      <Y>0</Y>
    </Location>
    <TooltipReference>Transfers the current plot to the targeted player.  You must be standing inside this plot and be the primary owner of this plot.</TooltipReference>
    <TextColor>
      <R>255</R>
      <G>255</G>
      <B>255</B>
    </TextColor>
    <ButtonDrawTemplate>
      <Normal>A_TransferBtnNormal</Normal>
      <Pressed>A_TransferBtnPressed</Pressed>
      <Flyby>A_TransferBtnFlyby</Flyby>
    </ButtonDrawTemplate>
  </Button>
  <Screen item="REPW_Purchase_Screen">
    <RelativePosition>true</RelativePosition>
    <Size>
      <CX>175</CX>
      <CY>20</CY>
    </Size>
    <Style_VScroll>false</Style_VScroll>
    <Style_HScroll>false</Style_HScroll>
    <Style_Transparent>false</Style_Transparent>
    <Style_Sizable>false</Style_Sizable>
    <Pieces>REPW_Manage_Button</Pieces>
    <Pieces>REPW_Items_Button</Pieces>
    <Pieces>REPW_Purchase_Button</Pieces>
    <Pieces>REPW_Sell_Button</Pieces>
    <Pieces>REPW_Transfer_Button</Pieces>
  </Screen>
  <Label item="REPW_Eviction_Label">
    <ScreenID>REPW_Eviction_Label</ScreenID>
    <RelativePosition>true</RelativePosition>
    <Size>
      <CX>200</CX>
      <CY>50</CY>
    </Size>
    <Text>Plots will pack up all items, send them to the owner, and become available for purchase again if the owner of the plot has not logged in within 90 days.</Text>
    <TextColor>
      <R>255</R>
      <G>255</G>
      <B>255</B>
    </TextColor>
    <NoWrap>false</NoWrap>
  </Label>
  <VerticalLayoutBox item="REPW_Main_Layout">
    <ScreenID>REPW_Main_Layout</ScreenID>
    <DrawTemplate>WDT_Def</DrawTemplate>
    <RelativePosition>true</RelativePosition>
    <AutoStretch>true</AutoStretch>
    <TopAnchorOffset>10</TopAnchorOffset>
    <BottomAnchorToTop>false</BottomAnchorToTop>
    <RightAnchorToLeft>false</RightAnchorToLeft>
    <ResizeLast>false</ResizeLast>
    <Style_VScroll>true</Style_VScroll>
    <Style_AutoVScroll>true</Style_AutoVScroll>
    <Style_Border>false</Style_Border>
    <Style_Transparent>true</Style_Transparent>
    <Style_Dividers>false</Style_Dividers>
    <Spacing>5</Spacing>
    <PaddingLeft>10</PaddingLeft>
    <PaddingRight>10</PaddingRight>
    <Pieces>Screen:REPW_Owner_Screen</Pieces>
    <Pieces>Screen:REPW_Guild_Screen</Pieces>
    <Pieces>Screen:REPW_Spacer_Screen</Pieces>
    <Pieces>Screen:REPW_Type_Screen</Pieces>
    <Pieces>Screen:REPW_Price_Screen</Pieces>
    <Pieces>Screen:REPW_Upkeep_Screen</Pieces>
    <Pieces>Screen:REPW_Capacity_Screen</Pieces>
    <Pieces>REPW_Category_Label</Pieces>
    <Pieces>Screen:REPW_Purchase_Screen</Pieces>
    <Pieces>REPW_Eviction_Label</Pieces>
  </VerticalLayoutBox>
  <Label item="REPW_VotingOptOut_Label">
    <ScreenID>REPW_VotingOptOut_Label</ScreenID>
    <AutoStretch>true</AutoStretch>
    <TopAnchorOffset>10</TopAnchorOffset>
    <BottomAnchorOffset>30</BottomAnchorOffset>
    <LeftAnchorOffset>175</LeftAnchorOffset>
    <RightAnchorOffset>105</RightAnchorOffset>
    <LeftAnchorToLeft>false</LeftAnchorToLeft>
    <RightAnchorToLeft>false</RightAnchorToLeft>
    <AlignRight>true</AlignRight>
    <Font>2</Font>
    <Text>Opt Out?:</Text>
    <TooltipReference>Allows you to opt out on this property from being voted on.</TooltipReference>
    <TextColor>
      <R>255</R>
      <G>255</G>
      <B>255</B>
    </TextColor>
  </Label>
  <Button item="REPW_VotingOptOut_Checkbox">
    <ScreenID>REPW_VotingOptOut_Checkbox</ScreenID>
    <RelativePosition>true</RelativePosition>
    <AutoStretch>true</AutoStretch>
    <TopAnchorOffset>10</TopAnchorOffset>
    <BottomAnchorOffset>26</BottomAnchorOffset>
    <LeftAnchorOffset>101</LeftAnchorOffset>
    <RightAnchorOffset>85</RightAnchorOffset>
    <LeftAnchorToLeft>false</LeftAnchorToLeft>
    <RightAnchorToLeft>false</RightAnchorToLeft>
    <Style_Checkbox>true</Style_Checkbox>
    <TooltipReference>Allows you to opt out on this property from being voted on.</TooltipReference>
    <TextColor>
      <R>255</R>
      <G>255</G>
      <B>255</B>
    </TextColor>
    <Template>BDT_Checkbox</Template>
  </Button>
  <Button item="REPW_Vote_Button">
    <ScreenID>REPW_Vote_Button</ScreenID>
    <RelativePosition>true</RelativePosition>
    <AutoStretch>true</AutoStretch>
    <TopAnchorOffset>10</TopAnchorOffset>
    <BottomAnchorOffset>30</BottomAnchorOffset>
    <LeftAnchorOffset>82</LeftAnchorOffset>
    <RightAnchorOffset>10</RightAnchorOffset>
    <LeftAnchorToLeft>false</LeftAnchorToLeft>
    <RightAnchorToLeft>false</RightAnchorToLeft>
    <Text>Vote</Text>
    <TooltipReference>Opens the voting window.</TooltipReference>
    <TextColor>
      <R>49</R>
      <G>158</G>
      <B>206</B>
    </TextColor>
    <UseCustomMouseoverColor>true</UseCustomMouseoverColor>
    <MouseoverColor>
      <R>107</R>
      <G>215</G>
      <B>255</B>
    </MouseoverColor>
    <UseCustomPressedColor>true</UseCustomPressedColor>
    <PressedColor>
      <R>255</R>
      <G>255</G>
      <B>255</B>
    </PressedColor>
    <UseCustomDisabledColor>true</UseCustomDisabledColor>
    <DisabledColor>
      <R>120</R>
      <G>120</G>
      <B>120</B>
    </DisabledColor>
    <Style_Transparent>false</Style_Transparent>
    <Template>BDT_Blue</Template>
  </Button>
  <Screen item="RealEstatePurchaseWnd">
    <RelativePosition>false</RelativePosition>
    <Location>
      <X>200</X>
      <Y>200</Y>
    </Location>
    <Size>
      <CX>350</CX>
      <CY>185</CY>
    </Size>
    <MinHSize>350</MinHSize>
    <MinVSize>230</MinVSize>
    <Text>Sparxx - Purchase</Text>
    <Style_Transparent>false</Style_Transparent>
    <DrawTemplate>WDT_Rounded</DrawTemplate>
    <Style_Titlebar>true</Style_Titlebar>
    <Style_Qmarkbox>true</Style_Qmarkbox>
    <Style_Closebox>true</Style_Closebox>
    <Style_Minimizebox>false</Style_Minimizebox>
    <Style_Border>true</Style_Border>
    <Style_Sizable>true</Style_Sizable>
    <Pieces>REPW_Main_Layout</Pieces>
    <Pieces>REPW_VotingOptOut_Label</Pieces>
    <Pieces>REPW_VotingOptOut_Checkbox</Pieces>
    <Pieces>REPW_Vote_Button</Pieces>
    <Font>2</Font>
  </Screen>
</XML>