<?xml version="1.0" encoding="us-ascii"?>
<XML ID="EQInterfaceDefinitionLanguage">
  <Schema xmlns="EverQuestData" xmlns:dt="EverQuestDataTypes" />
  <Gauge item="BREATH_Gauge">
    <ScreenID>Gauge</ScreenID>
    <!--<Font>3</Font>-->
    <RelativePosition>true</RelativePosition>
    <Location>
      <X>0</X>
      <Y>0</Y>
    </Location>
    <Size>
      <CX>102</CX>
      <CY>8</CY>
    </Size>
    <GaugeOffsetY>-1</GaugeOffsetY>
    <Style_VScroll>false</Style_VScroll>
    <Style_HScroll>false</Style_HScroll>
    <Style_Transparent>false</Style_Transparent>
    <!--<TooltipReference/>-->
    <FillTint>
      <R>0</R>
      <G>240</G>
      <B>240</B>
    </FillTint>
    <LinesFillTint>
      <R>0</R>
      <G>0</G>
      <B>0</B>
    </LinesFillTint>
    <DrawLinesFill>false</DrawLinesFill>
    <EQType>8</EQType>
    <GaugeDrawTemplate>
      <Background>A_GaugeBackground</Background>
      <Fill>A_GaugeFill</Fill>
      <Lines>A_GaugeLines</Lines>
      <LinesFill>A_GaugeLinesFill</LinesFill>
      <EndCapLeft>A_GaugeEndCapLeft</EndCapLeft>
      <EndCapRight>A_GaugeEndCapRight</EndCapRight>
    </GaugeDrawTemplate>
    <GaugeOffsetX>-3</GaugeOffsetX>
  </Gauge>
  <Screen item="BreathWindow">
    <!--<ScreenID/>-->
    <!--<Font/>-->
    <RelativePosition>false</RelativePosition>
    <Location>
      <X>200</X>
      <Y>200</Y>
    </Location>
    <Size>
      <CX>112</CX>
      <CY>18</CY>
    </Size>
    <Text>Air Remaining</Text>
    <Style_VScroll>false</Style_VScroll>
    <Style_HScroll>false</Style_HScroll>
    <Style_Transparent>false</Style_Transparent>
    <DrawTemplate>WDT_RoundedNoTitle</DrawTemplate>
    <Style_Titlebar>False</Style_Titlebar>
    <Style_Closebox>false</Style_Closebox>
    <Style_Minimizebox>false</Style_Minimizebox>
    <Style_Border>true</Style_Border>
    <Style_Sizable>false</Style_Sizable>
    <Pieces>BREATH_Gauge</Pieces>
    <Font>2</Font>
  </Screen>
</XML>