<?xml version="1.0" encoding="us-ascii"?>
<XML ID="EQInterfaceDefinitionLanguage">
  <Schema xmlns="EverQuestData" xmlns:dt="EverQuestDataTypes" />
  <Button item="AAW_TrainButton">
    <ScreenID>TrainButton</ScreenID>
    <!--<Font>3</Font>-->
    <RelativePosition>true</RelativePosition>
    <Location>
      <X>99</X>
      <Y>85</Y>
    </Location>
    <Size>
      <CX>50</CX>
      <CY>24</CY>
    </Size>
    <Style_Transparent>false</Style_Transparent>
    <TooltipReference>Purchase the selected ability</TooltipReference>
    <Style_Checkbox>false</Style_Checkbox>
    <!--<RadioGroup/>-->
    <Text>Train</Text>
    <TextColor>
      <R>255</R>
      <G>255</G>
      <B>255</B>
    </TextColor>
    <ButtonDrawTemplate>
      <Normal>A_BtnNormal</Normal>
      <Pressed>A_BtnPressed</Pressed>
      <Flyby>A_BtnFlyby</Flyby>
      <Disabled>A_BtnDisabled</Disabled>
      <PressedFlyby>A_BtnPressedFlyby</PressedFlyby>
    </ButtonDrawTemplate>
  </Button>
  <Button item="AAW_HotButton">
    <ScreenID>HotButton</ScreenID>
    <!--<Font>3</Font>-->
    <RelativePosition>true</RelativePosition>
    <Location>
      <X>99</X>
      <Y>59</Y>
    </Location>
    <Size>
      <CX>50</CX>
      <CY>24</CY>
    </Size>
    <Style_Transparent>false</Style_Transparent>
    <TooltipReference>Create a hotkey for the selected ability</TooltipReference>
    <Style_Checkbox>false</Style_Checkbox>
    <!--<RadioGroup/>-->
    <Text>Hotkey</Text>
    <TextColor>
      <R>255</R>
      <G>255</G>
      <B>255</B>
    </TextColor>
    <ButtonDrawTemplate>
      <Normal>A_BtnNormal</Normal>
      <Pressed>A_BtnPressed</Pressed>
      <Flyby>A_BtnFlyby</Flyby>
      <Disabled>A_BtnDisabled</Disabled>
      <PressedFlyby>A_BtnPressedFlyby</PressedFlyby>
    </ButtonDrawTemplate>
    <NoWrap>false</NoWrap>
  </Button>
  <Label item="AAW_LoadSaveLabel">
    <ScreenID>AAW_LoadSaveLabel</ScreenID>
    <RelativePosition>true</RelativePosition>
    <Location>
      <X>261</X>
      <Y>13</Y>
    </Location>
    <Size>
      <CX>140</CX>
      <CY>17</CY>
    </Size>
    <Text>Monster Abilities</Text>
    <TextColor>
      <R>255</R>
      <G>255</G>
      <B>255</B>
    </TextColor>
    <NoWrap>true</NoWrap>
    <AlignCenter>true</AlignCenter>
    <AlignRight>False</AlignRight>
    <Font>3</Font>
    <AutoStretch>true</AutoStretch>
    <RightAnchorToLeft>false</RightAnchorToLeft>
    <LeftAnchorToLeft>true</LeftAnchorToLeft>
    <TopAnchorOffset>16</TopAnchorOffset>
    <RightAnchorOffset>100</RightAnchorOffset>
    <LeftAnchorOffset>100</LeftAnchorOffset>
    <BottomAnchorOffset>28</BottomAnchorOffset>
  </Label>
  <Button item="AAW_LoadButton">
    <ScreenID>AAW_LoadButton</ScreenID>
    <!--<Font>3</Font>-->
    <RelativePosition>true</RelativePosition>
    <Location>
      <X>3</X>
      <Y>137</Y>
    </Location>
    <Size>
      <CX>47</CX>
      <CY>24</CY>
    </Size>
    <Style_Transparent>false</Style_Transparent>
    <TooltipReference>Load a set of abilities for this monster character which you have previously saved</TooltipReference>
    <Style_Checkbox>false</Style_Checkbox>
    <!--<RadioGroup/>-->
    <Text>Load</Text>
    <TextColor>
      <R>255</R>
      <G>255</G>
      <B>255</B>
    </TextColor>
    <ButtonDrawTemplate>
      <Normal>A_BtnNormal</Normal>
      <Pressed>A_BtnPressed</Pressed>
      <Flyby>A_BtnFlyby</Flyby>
      <Disabled>A_BtnDisabled</Disabled>
      <PressedFlyby>A_BtnPressedFlyby</PressedFlyby>
    </ButtonDrawTemplate>
  </Button>
  <Button item="AAW_SaveButton">
    <ScreenID>AAW_SaveButton</ScreenID>
    <!--<Font>3</Font>-->
    <RelativePosition>true</RelativePosition>
    <Location>
      <X>51</X>
      <Y>137</Y>
    </Location>
    <Size>
      <CX>47</CX>
      <CY>24</CY>
    </Size>
    <Style_Transparent>false</Style_Transparent>
    <TooltipReference>Save this monster character's current set of abilities so you can load them again later</TooltipReference>
    <Style_Checkbox>false</Style_Checkbox>
    <!--<RadioGroup/>-->
    <Text>Save</Text>
    <TextColor>
      <R>255</R>
      <G>255</G>
      <B>255</B>
    </TextColor>
    <ButtonDrawTemplate>
      <Normal>A_BtnNormal</Normal>
      <Pressed>A_BtnPressed</Pressed>
      <Flyby>A_BtnFlyby</Flyby>
      <Disabled>A_BtnDisabled</Disabled>
      <PressedFlyby>A_BtnPressedFlyby</PressedFlyby>
    </ButtonDrawTemplate>
  </Button>
  <Button item="AAW_DoneButton">
    <ScreenID>DoneButton</ScreenID>
    <!--<Font>3</Font>-->
    <RelativePosition>true</RelativePosition>
    <Location>
      <X>99</X>
      <Y>137</Y>
    </Location>
    <Size>
      <CX>50</CX>
      <CY>24</CY>
    </Size>
    <Style_Transparent>false</Style_Transparent>
    <!--<TooltipReference/>-->
    <Style_Checkbox>false</Style_Checkbox>
    <!--<RadioGroup/>-->
    <Text>Done</Text>
    <TextColor>
      <R>255</R>
      <G>255</G>
      <B>255</B>
    </TextColor>
    <ButtonDrawTemplate>
      <Normal>A_BtnNormal</Normal>
      <Pressed>A_BtnPressed</Pressed>
      <Flyby>A_BtnFlyby</Flyby>
      <Disabled>A_BtnDisabled</Disabled>
      <PressedFlyby>A_BtnPressedFlyby</PressedFlyby>
    </ButtonDrawTemplate>
  </Button>
  <Button item="AAW_LessExpButton">
    <ScreenID>LessExpButton</ScreenID>
    <!--<Font>3</Font>-->
    <RelativePosition>true</RelativePosition>
    <Location>
      <X>55</X>
      <Y>3</Y>
    </Location>
    <Size>
      <CX>25</CX>
      <CY>25</CY>
    </Size>
    <Style_Transparent>false</Style_Transparent>
    <TooltipReference>Decrease the percentage of your experience which will be converted to AA experience</TooltipReference>
    <Style_Checkbox>false</Style_Checkbox>
    <!--<RadioGroup/>-->
    <Text> -</Text>
    <TextColor>
      <R>255</R>
      <G>255</G>
      <B>0</B>
    </TextColor>
    <ButtonDrawTemplate>
      <Normal>A_BtnNormal</Normal>
      <Pressed>A_BtnPressed</Pressed>
      <Flyby>A_BtnFlyby</Flyby>
      <Disabled>A_BtnDisabled</Disabled>
      <PressedFlyby>A_BtnPressedFlyby</PressedFlyby>
    </ButtonDrawTemplate>
    <Font>3</Font>
  </Button>
  <Button item="AAW_MoreExpButton">
    <ScreenID>MoreExpButton</ScreenID>
    <!--<Font>3</Font>-->
    <RelativePosition>true</RelativePosition>
    <Location>
      <X>81</X>
      <Y>3</Y>
    </Location>
    <Size>
      <CX>25</CX>
      <CY>25</CY>
    </Size>
    <Style_Transparent>false</Style_Transparent>
    <TooltipReference>Increase the percentage of your experience which will be converted to AA experience</TooltipReference>
    <Style_Checkbox>false</Style_Checkbox>
    <!--<RadioGroup/>-->
    <Text> +</Text>
    <TextColor>
      <R>255</R>
      <G>255</G>
      <B>0</B>
    </TextColor>
    <ButtonDrawTemplate>
      <Normal>A_BtnNormal</Normal>
      <Pressed>A_BtnPressed</Pressed>
      <Flyby>A_BtnFlyby</Flyby>
      <Disabled>A_BtnDisabled</Disabled>
      <PressedFlyby>A_BtnPressedFlyby</PressedFlyby>
    </ButtonDrawTemplate>
    <!-- 
			<SoundPressed/>
			<SoundUp/>
			<SoundFlyby/>
		-->
    <Font>3</Font>
  </Button>
  <Label item="AAW_PercentLabel">
    <ScreenID>PercentLabel</ScreenID>
    <!--<Font>3</Font>-->
    <RelativePosition>true</RelativePosition>
    <Location>
      <X>331</X>
      <Y>16</Y>
    </Location>
    <Size>
      <CX>87</CX>
      <CY>14</CY>
    </Size>
    <Text>AA Experience</Text>
    <TextColor>
      <R>255</R>
      <G>255</G>
      <B>255</B>
    </TextColor>
    <NoWrap>false</NoWrap>
    <AlignCenter>true</AlignCenter>
    <AlignRight>false</AlignRight>
  </Label>
  <Label item="AAW_PercentCount">
    <ScreenID>ExpCount</ScreenID>
    <!--<Font>3</Font>-->
    <RelativePosition>true</RelativePosition>
    <Location>
      <X>11</X>
      <Y>0</Y>
    </Location>
    <Size>
      <CX>36</CX>
      <CY>20</CY>
    </Size>
    <Text>100%</Text>
    <TextColor>
      <R>255</R>
      <G>255</G>
      <B>255</B>
    </TextColor>
    <NoWrap>false</NoWrap>
    <AlignCenter>true</AlignCenter>
    <AlignRight>false</AlignRight>
  </Label>
  <Gauge item="AAW_ExpGauge">
    <ScreenID>ExpGauge</ScreenID>
    <!--<Font>3</Font>-->
    <RelativePosition>true</RelativePosition>
    <Location>
      <X>316</X>
      <Y>6</Y>
    </Location>
    <Size>
      <CX>108</CX>
      <CY>8</CY>
    </Size>
    <GaugeOffsetY>0</GaugeOffsetY>
    <TextColor>
      <R>255</R>
      <G>255</G>
      <B>255</B>
    </TextColor>
    <TextOffsetY>0</TextOffsetY>
    <TextOffsetX>5</TextOffsetX>
    <Style_VScroll>false</Style_VScroll>
    <Style_HScroll>false</Style_HScroll>
    <Style_Transparent>false</Style_Transparent>
    <!--<TooltipReference/>-->
    <FillTint>
      <R>240</R>
      <G>240</G>
      <B>0</B>
    </FillTint>
    <LinesFillTint>
      <R>0</R>
      <G>220</G>
      <B>220</B>
    </LinesFillTint>
    <DrawLinesFill>true</DrawLinesFill>
    <EQType>5</EQType>
    <GaugeDrawTemplate>
      <Background>A_GaugeBackground</Background>
      <Fill>A_GaugeFill</Fill>
      <Lines>A_GaugeLines</Lines>
      <LinesFill>A_GaugeLinesFill</LinesFill>
      <EndCapLeft>A_GaugeEndCapLeft</EndCapLeft>
      <EndCapRight>A_GaugeEndCapRight</EndCapRight>
    </GaugeDrawTemplate>
    <GaugeOffsetX>0</GaugeOffsetX>
    <Text />
  </Gauge>
  <Label item="AAW_TotalLabel">
    <ScreenID>TotalLabel</ScreenID>
    <!--<Font>3</Font>-->
    <RelativePosition>true</RelativePosition>
    <Location>
      <X>98</X>
      <Y>16</Y>
    </Location>
    <Size>
      <CX>90</CX>
      <CY>20</CY>
    </Size>
    <Text>Points Spent:</Text>
    <TextColor>
      <R>255</R>
      <G>255</G>
      <B>255</B>
    </TextColor>
    <NoWrap>false</NoWrap>
    <AlignCenter>false</AlignCenter>
    <AlignRight>true</AlignRight>
  </Label>
  <Label item="AAW_CurrentLabel">
    <ScreenID>CurrentLabel</ScreenID>
    <!--<Font>3</Font>-->
    <RelativePosition>true</RelativePosition>
    <Location>
      <X>98</X>
      <Y>1</Y>
    </Location>
    <Size>
      <CX>90</CX>
      <CY>16</CY>
    </Size>
    <Text>AA Saved:</Text>
    <TextColor>
      <R>255</R>
      <G>255</G>
      <B>255</B>
    </TextColor>
    <NoWrap>false</NoWrap>
    <AlignCenter>false</AlignCenter>
    <AlignRight>true</AlignRight>
  </Label>
  <Label item="AAW_MonsterLabel">
    <ScreenID>MonsterLabel</ScreenID>
    <!--<Font>3</Font>-->
    <RelativePosition>true</RelativePosition>
    <Location>
      <X>99</X>
      <Y>1</Y>
    </Location>
    <Size>
      <CX>90</CX>
      <CY>20</CY>
    </Size>
    <Text>Monster Points:</Text>
    <TextColor>
      <R>255</R>
      <G>255</G>
      <B>255</B>
    </TextColor>
    <NoWrap>false</NoWrap>
    <AlignCenter>false</AlignCenter>
    <AlignLeft>true</AlignLeft>
    <AlignRight>True</AlignRight>
  </Label>
  <Label item="AAW_TotalCount">
    <ScreenID>TotalCount</ScreenID>
    <!--<Font>3</Font>-->
    <RelativePosition>true</RelativePosition>
    <Location>
      <X>192</X>
      <Y>16</Y>
    </Location>
    <Size>
      <CX>80</CX>
      <CY>16</CY>
    </Size>
    <Text>100</Text>
    <TextColor>
      <R>255</R>
      <G>255</G>
      <B>255</B>
    </TextColor>
    <NoWrap>false</NoWrap>
    <AlignCenter>false</AlignCenter>
    <AlignRight>False</AlignRight>
  </Label>
  <Label item="AAW_CurrentCount">
    <ScreenID>CurrentCount</ScreenID>
    <!--<Font>3</Font>-->
    <RelativePosition>true</RelativePosition>
    <Location>
      <X>192</X>
      <Y>1</Y>
    </Location>
    <Size>
      <CX>80</CX>
      <CY>15</CY>
    </Size>
    <Text>0</Text>
    <TextColor>
      <R>255</R>
      <G>255</G>
      <B>255</B>
    </TextColor>
    <NoWrap>false</NoWrap>
    <AlignCenter>false</AlignCenter>
    <AlignRight>False</AlignRight>
  </Label>
  <STMLbox item="AAW_Description">
    <ScreenID>Description</ScreenID>
    <RelativePosition>true</RelativePosition>
    <Style_VScroll>true</Style_VScroll>
    <Style_Transparent>false</Style_Transparent>
    <AutoStretch>true</AutoStretch>
    <LeftAnchorOffset>151</LeftAnchorOffset>
    <TopAnchorOffset>34</TopAnchorOffset>
    <RightAnchorOffset>4</RightAnchorOffset>
    <BottomAnchorOffset>161</BottomAnchorOffset>
    <TopAnchorToTop>true</TopAnchorToTop>
    <BottomAnchorToTop>true</BottomAnchorToTop>
    <RightAnchorToLeft>false</RightAnchorToLeft>
    <LeftAnchorToLeft>true</LeftAnchorToLeft>
    <Style_Border>true</Style_Border>
    <Text>Description Area</Text>
    <DrawTemplate>WDT_Inner</DrawTemplate>
  </STMLbox>
  <Listbox item="AAW_GeneralList">
    <ScreenID>List1</ScreenID>
    <DrawTemplate>WDT_Inner</DrawTemplate>
    <AutoStretch>true</AutoStretch>
    <TopAnchorToTop>true</TopAnchorToTop>
    <BottomAnchorToTop>false</BottomAnchorToTop>
    <LeftAnchorToLeft>true</LeftAnchorToLeft>
    <RightAnchorToLeft>false</RightAnchorToLeft>
    <Style_Border>true</Style_Border>
    <Style_VScroll>true</Style_VScroll>
    <Columns>
      <Width>210</Width>
      <Heading>Title</Heading>
    </Columns>
    <Columns>
      <Width>70</Width>
      <Heading>Cur/Max</Heading>
    </Columns>
    <Columns>
      <Width>40</Width>
      <Heading>Cost</Heading>
    </Columns>
  </Listbox>
  <Page item="AAW_GeneralPage">
    <ScreenID>Page1</ScreenID>
    <RelativePosition>true</RelativePosition>
    <!-- Pages are sized and positioned by their parent tab -->
    <Style_VScroll>false</Style_VScroll>
    <Style_HScroll>false</Style_HScroll>
    <Style_Transparent>false</Style_Transparent>
    <TooltipReference />
    <DrawTemplate>WDT_Def</DrawTemplate>
    <TabText>General</TabText>
    <TabTextColor>
      <R>255</R>
      <G>255</G>
      <B>255</B>
    </TabTextColor>
    <TabTextActiveColor>
      <R>255</R>
      <G>255</G>
      <B>0</B>
    </TabTextActiveColor>
    <Style_Sizable>true</Style_Sizable>
    <Pieces>AAW_GeneralList</Pieces>
    <Location>
      <X>0</X>
      <Y>22</Y>
    </Location>
    <Size>
      <CX>450</CX>
      <CY>202</CY>
    </Size>
  </Page>
  <Listbox item="AAW_ArchList">
    <ScreenID>List2</ScreenID>
    <DrawTemplate>WDT_Inner</DrawTemplate>
    <AutoStretch>true</AutoStretch>
    <TopAnchorToTop>true</TopAnchorToTop>
    <BottomAnchorToTop>false</BottomAnchorToTop>
    <LeftAnchorToLeft>true</LeftAnchorToLeft>
    <RightAnchorToLeft>false</RightAnchorToLeft>
    <Style_Border>true</Style_Border>
    <Style_VScroll>true</Style_VScroll>
    <Columns>
      <Width>210</Width>
      <Heading>Title</Heading>
    </Columns>
    <Columns>
      <Width>70</Width>
      <Heading>Cur/Max</Heading>
    </Columns>
    <Columns>
      <Width>40</Width>
      <Heading>Cost</Heading>
    </Columns>
  </Listbox>
  <Page item="AAW_ArchetypePage">
    <ScreenID>Page2</ScreenID>
    <RelativePosition>true</RelativePosition>
    <!-- Pages are sized and positioned by their parent tab -->
    <Style_VScroll>false</Style_VScroll>
    <Style_HScroll>false</Style_HScroll>
    <Style_Transparent>false</Style_Transparent>
    <TooltipReference />
    <DrawTemplate>WDT_Def</DrawTemplate>
    <TabText>Archetype</TabText>
    <TabTextColor>
      <R>255</R>
      <G>255</G>
      <B>255</B>
    </TabTextColor>
    <TabTextActiveColor>
      <R>255</R>
      <G>255</G>
      <B>0</B>
    </TabTextActiveColor>
    <Style_Sizable>true</Style_Sizable>
    <Pieces>AAW_ArchList</Pieces>
    <Location>
      <X>0</X>
      <Y>22</Y>
    </Location>
    <Size>
      <CX>450</CX>
      <CY>202</CY>
    </Size>
  </Page>
  <Listbox item="AAW_ClassList">
    <ScreenID>List3</ScreenID>
    <DrawTemplate>WDT_Inner</DrawTemplate>
    <AutoStretch>true</AutoStretch>
    <TopAnchorToTop>true</TopAnchorToTop>
    <BottomAnchorToTop>false</BottomAnchorToTop>
    <LeftAnchorToLeft>true</LeftAnchorToLeft>
    <RightAnchorToLeft>false</RightAnchorToLeft>
    <Style_Border>true</Style_Border>
    <Style_VScroll>true</Style_VScroll>
    <Columns>
      <Width>210</Width>
      <Heading>Title</Heading>
    </Columns>
    <Columns>
      <Width>70</Width>
      <Heading>Cur/Max</Heading>
    </Columns>
    <Columns>
      <Width>40</Width>
      <Heading>Cost</Heading>
    </Columns>
  </Listbox>
  <Page item="AAW_ClassPage">
    <ScreenID>Page3</ScreenID>
    <RelativePosition>true</RelativePosition>
    <!-- Pages are sized and positioned by their parent tab -->
    <Style_VScroll>false</Style_VScroll>
    <Style_HScroll>false</Style_HScroll>
    <Style_Transparent>false</Style_Transparent>
    <TooltipReference />
    <DrawTemplate>WDT_Def</DrawTemplate>
    <TabText>Class</TabText>
    <TabTextColor>
      <R>255</R>
      <G>255</G>
      <B>255</B>
    </TabTextColor>
    <TabTextActiveColor>
      <R>255</R>
      <G>255</G>
      <B>0</B>
    </TabTextActiveColor>
    <Style_Sizable>true</Style_Sizable>
    <Pieces>AAW_ClassList</Pieces>
    <Location>
      <X>0</X>
      <Y>22</Y>
    </Location>
    <Size>
      <CX>450</CX>
      <CY>202</CY>
    </Size>
  </Page>
  <Listbox item="AAW_SpecialList">
    <ScreenID>List4</ScreenID>
    <DrawTemplate>WDT_Inner</DrawTemplate>
    <AutoStretch>true</AutoStretch>
    <TopAnchorToTop>true</TopAnchorToTop>
    <BottomAnchorToTop>false</BottomAnchorToTop>
    <LeftAnchorToLeft>true</LeftAnchorToLeft>
    <RightAnchorToLeft>false</RightAnchorToLeft>
    <Style_Border>true</Style_Border>
    <Style_VScroll>true</Style_VScroll>
    <Columns>
      <Width>210</Width>
      <Heading>Title</Heading>
    </Columns>
    <Columns>
      <Width>50</Width>
      <Heading>Cur/Max</Heading>
    </Columns>
    <Columns>
      <Width>40</Width>
      <Heading>Cost</Heading>
    </Columns>
    <Columns>
      <Width>160</Width>
      <Heading>Category</Heading>
    </Columns>
  </Listbox>
  <Page item="AAW_SpecialPage">
    <ScreenID>Page4</ScreenID>
    <RelativePosition>true</RelativePosition>
    <!-- Pages are sized and positioned by their parent tab -->
    <Style_VScroll>false</Style_VScroll>
    <Style_HScroll>false</Style_HScroll>
    <Style_Transparent>false</Style_Transparent>
    <TooltipReference />
    <DrawTemplate>WDT_Def</DrawTemplate>
    <TabText>Special</TabText>
    <TabTextColor>
      <R>255</R>
      <G>255</G>
      <B>255</B>
    </TabTextColor>
    <TabTextActiveColor>
      <R>255</R>
      <G>255</G>
      <B>0</B>
    </TabTextActiveColor>
    <Style_Sizable>true</Style_Sizable>
    <Pieces>AAW_SpecialList</Pieces>
    <Location>
      <X>0</X>
      <Y>22</Y>
    </Location>
    <Size>
      <CX>450</CX>
      <CY>202</CY>
    </Size>
  </Page>
  <TabBox item="AAW_Subwindows">
    <ScreenID>Subwindows</ScreenID>
    <RelativePosition>true</RelativePosition>
    <AutoStretch>true</AutoStretch>
    <LeftAnchorOffset>1</LeftAnchorOffset>
    <TopAnchorOffset>164</TopAnchorOffset>
    <RightAnchorOffset>1</RightAnchorOffset>
    <BottomAnchorOffset>2</BottomAnchorOffset>
    <TopAnchorToTop>true</TopAnchorToTop>
    <BottomAnchorToTop>false</BottomAnchorToTop>
    <RightAnchorToLeft>false</RightAnchorToLeft>
    <LeftAnchorToLeft>true</LeftAnchorToLeft>
    <TabBorderTemplate>FT_DefTabBorder</TabBorderTemplate>
    <PageBorderTemplate>FT_DefPageBorder</PageBorderTemplate>
    <Pages>AAW_GeneralPage</Pages>
    <Pages>AAW_ArchetypePage</Pages>
    <Pages>AAW_ClassPage</Pages>
    <Pages>AAW_SpecialPage</Pages>
  </TabBox>
  <Label item="AAW_Timer">
    <ScreenID>Timer</ScreenID>
    <RelativePosition>true</RelativePosition>
    <Text>Ready</Text>
    <TextColor>
      <R>51</R>
      <G>255</G>
      <B>51</B>
      <Alpha>255</Alpha>
    </TextColor>
    <NoWrap>true</NoWrap>
    <AlignCenter>true</AlignCenter>
    <AlignRight>false</AlignRight>
    <AutoStretch>false</AutoStretch>
    <Location>
      <X>2</X>
      <Y>15</Y>
    </Location>
    <Size>
      <CX>49</CX>
      <CY>20</CY>
    </Size>
  </Label>
  <Label item="AAW_Count">
    <ScreenID>Count</ScreenID>
    <RelativePosition>False</RelativePosition>
    <Text>21</Text>
    <TextColor>
      <R>51</R>
      <G>255</G>
      <B>51</B>
      <Alpha>255</Alpha>
    </TextColor>
    <NoWrap>true</NoWrap>
    <AlignCenter>true</AlignCenter>
    <AlignRight>false</AlignRight>
    <AutoStretch>false</AutoStretch>
    <Location>
      <X>2</X>
      <Y>15</Y>
    </Location>
    <Size>
      <CX>49</CX>
      <CY>20</CY>
    </Size>
  </Label>
  <Button item="AAW_TrainFilter">
    <ScreenID>CanPurchaseFilter</ScreenID>
    <!--<Font>3</Font>-->
    <RelativePosition>true</RelativePosition>
    <Location>
      <X>3</X>
      <Y>33</Y>
    </Location>
    <Size>
      <CX>95</CX>
      <CY>24</CY>
    </Size>
    <Style_Transparent>false</Style_Transparent>
    <TooltipReference>Filter Only Trainable Abilities</TooltipReference>
    <Style_Checkbox>true</Style_Checkbox>
    <!--<RadioGroup/>-->
    <Text>Can Purchase</Text>
    <TextColor>
      <R>255</R>
      <G>255</G>
      <B>255</B>
    </TextColor>
    <ButtonDrawTemplate>
      <Normal>A_BtnNormal</Normal>
      <Pressed>A_BtnPressed</Pressed>
      <Flyby>A_BtnFlyby</Flyby>
      <Disabled>A_BtnDisabled</Disabled>
      <PressedFlyby>A_BtnPressedFlyby</PressedFlyby>
    </ButtonDrawTemplate>
  </Button>
  <Combobox item="AAW_PassiveFilter">
    <ScreenID>PassiveFilter</ScreenID>
    <DrawTemplate>WDT_Inner</DrawTemplate>
    <Location>
      <X>3</X>
      <Y>60</Y>
    </Location>
    <Size>
      <CX>95</CX>
      <CY>24</CY>
    </Size>
    <ListHeight>53</ListHeight>
    <Button>BDT_Combo</Button>
    <Style_Border>true</Style_Border>
  </Combobox>
  <Combobox item="AAW_ExpansionFilter">
    <ScreenID>ExpansionFilter</ScreenID>
    <DrawTemplate>WDT_Inner</DrawTemplate>
    <Location>
      <X>3</X>
      <Y>111</Y>
    </Location>
    <Size>
      <CX>146</CX>
      <CY>24</CY>
    </Size>
    <ListHeight>120</ListHeight>
    <Button>BDT_Combo</Button>
    <Style_Border>true</Style_Border>
  </Combobox>
  <Combobox item="AAW_CatigoryFilter">
    <ScreenID>CatigoryFilter</ScreenID>
    <DrawTemplate>WDT_Inner</DrawTemplate>
    <Location>
      <X>3</X>
      <Y>86</Y>
    </Location>
    <Size>
      <CX>95</CX>
      <CY>24</CY>
    </Size>
    <ListHeight>85</ListHeight>
    <Button>BDT_Combo</Button>
    <Style_Border>true</Style_Border>
  </Combobox>
  <Button item="AAW_ResetFilter">
    <ScreenID>ResetFilter</ScreenID>
    <!--<Font>3</Font>-->
    <RelativePosition>true</RelativePosition>
    <Location>
      <X>99</X>
      <Y>33</Y>
    </Location>
    <Size>
      <CX>50</CX>
      <CY>24</CY>
    </Size>
    <Style_Transparent>false</Style_Transparent>
    <TooltipReference>Resets filters to there default setting</TooltipReference>
    <Style_Checkbox>false</Style_Checkbox>
    <!--<RadioGroup/>-->
    <Text>Reset</Text>
    <TextColor>
      <R>255</R>
      <G>255</G>
      <B>255</B>
    </TextColor>
    <ButtonDrawTemplate>
      <Normal>A_BtnNormal</Normal>
      <Pressed>A_BtnPressed</Pressed>
      <Flyby>A_BtnFlyby</Flyby>
      <Disabled>A_BtnDisabled</Disabled>
      <PressedFlyby>A_BtnPressedFlyby</PressedFlyby>
    </ButtonDrawTemplate>
  </Button>
  <Screen item="AAWindow">
    <!--<ScreenID/>-->
    <RelativePosition>false</RelativePosition>
    <Location>
      <X>10</X>
      <Y>10</Y>
    </Location>
    <Size>
      <CX>470</CX>
      <CY>420</CY>
    </Size>
    <Style_VScroll>false</Style_VScroll>
    <Style_HScroll>false</Style_HScroll>
    <Style_Transparent>false</Style_Transparent>
    <!--<TooltipReference/>-->
    <Text>AA Window</Text>
    <DrawTemplate>WDT_Rounded</DrawTemplate>
    <Style_Titlebar>true</Style_Titlebar>
    <Style_Closebox>true</Style_Closebox>
    <Style_Minimizebox>true</Style_Minimizebox>
    <Style_Border>true</Style_Border>
    <Style_Sizable>true</Style_Sizable>
    <Pieces>AAW_Subwindows</Pieces>
    <Pieces>AAW_Description</Pieces>
    <Pieces>AAW_TotalLabel</Pieces>
    <Pieces>AAW_TotalCount</Pieces>
    <Pieces>AAW_CurrentLabel</Pieces>
    <Pieces>AAW_MonsterLabel</Pieces>
    <Pieces>AAW_CurrentCount</Pieces>
    <Pieces>AAW_ExpGauge</Pieces>
    <Pieces>AAW_TrainButton</Pieces>
    <Pieces>AAW_HotButton</Pieces>
    <Pieces>AAW_LoadSaveLabel</Pieces>
    <Pieces>AAW_LoadButton</Pieces>
    <Pieces>AAW_SaveButton</Pieces>
    <Pieces>AAW_DoneButton</Pieces>
    <Pieces>AAW_PercentLabel</Pieces>
    <Pieces>AAW_PercentCount</Pieces>
    <Pieces>AAW_LessExpButton</Pieces>
    <Pieces>AAW_MoreExpButton</Pieces>
    <Pieces>AAW_Timer</Pieces>
    <Pieces>AAW_Count</Pieces>
    <Pieces>AAW_TrainFilter</Pieces>
    <Pieces>AAW_ExpansionFilter</Pieces>
    <Pieces>AAW_CatigoryFilter</Pieces>
    <Pieces>AAW_ResetFilter</Pieces>
    <Pieces>AAW_PassiveFilter</Pieces>
  </Screen>
</XML>