<?xml version="1.0" encoding="us-ascii"?>
<XML ID="EQInterfaceDefinitionLanguage">
  <Schema xmlns="EverQuestData" xmlns:dt="EverQuestDataTypes" />
  <Button item="SMW_MyMoney0">
    <ScreenID>SMW_MyMoney0</ScreenID>
    <!--<Font>3</Font>-->
    <RelativePosition>true</RelativePosition>
    <Location>
      <X>2</X>
      <Y>1</Y>
    </Location>
    <Size>
      <CX>94</CX>
      <CY>24</CY>
    </Size>
    <Style_Transparent>false</Style_Transparent>
    <TooltipReference>Drop coins here</TooltipReference>
    <Style_Checkbox>false</Style_Checkbox>
    <RadioGroup />
    <Text>60000</Text>
    <TextColor>
      <R>255</R>
      <G>255</G>
      <B>255</B>
    </TextColor>
    <ButtonDrawTemplate>
      <Normal>A_RecessedBox</Normal>
      <NormalDecal>A_PlatinumCoin</NormalDecal>
    </ButtonDrawTemplate>
    <DecalOffset>
      <X>2</X>
      <Y>2</Y>
    </DecalOffset>
    <DecalSize>
      <CX>18</CX>
      <CY>18</CY>
    </DecalSize>
    <Font>2</Font>
  </Button>
  <Button item="SMW_MyMoney1">
    <ScreenID>SMW_MyMoney1</ScreenID>
    <!--<Font>3</Font>-->
    <RelativePosition>true</RelativePosition>
    <Location>
      <X>2</X>
      <Y>25</Y>
    </Location>
    <Size>
      <CX>94</CX>
      <CY>24</CY>
    </Size>
    <Style_Transparent>false</Style_Transparent>
    <TooltipReference>Drop coins here</TooltipReference>
    <Style_Checkbox>false</Style_Checkbox>
    <!--<RadioGroup/>-->
    <Text>60000</Text>
    <TextColor>
      <R>255</R>
      <G>255</G>
      <B>255</B>
    </TextColor>
    <ButtonDrawTemplate>
      <Normal>A_RecessedBox</Normal>
      <NormalDecal>A_GoldCoin</NormalDecal>
    </ButtonDrawTemplate>
    <DecalOffset>
      <X>2</X>
      <Y>2</Y>
    </DecalOffset>
    <DecalSize>
      <CX>18</CX>
      <CY>18</CY>
    </DecalSize>
    <Font>2</Font>
  </Button>
  <Button item="SMW_MyMoney2">
    <ScreenID>SMW_MyMoney2</ScreenID>
    <!--<Font>3</Font>-->
    <RelativePosition>true</RelativePosition>
    <Location>
      <X>2</X>
      <Y>49</Y>
    </Location>
    <Size>
      <CX>94</CX>
      <CY>24</CY>
    </Size>
    <Style_Transparent>false</Style_Transparent>
    <TooltipReference>Drop coins here</TooltipReference>
    <Style_Checkbox>false</Style_Checkbox>
    <!--<RadioGroup/>-->
    <Text>60000</Text>
    <TextColor>
      <R>255</R>
      <G>255</G>
      <B>255</B>
    </TextColor>
    <ButtonDrawTemplate>
      <Normal>A_RecessedBox</Normal>
      <NormalDecal>A_SilverCoin</NormalDecal>
    </ButtonDrawTemplate>
    <DecalOffset>
      <X>2</X>
      <Y>2</Y>
    </DecalOffset>
    <DecalSize>
      <CX>18</CX>
      <CY>18</CY>
    </DecalSize>
    <Font>2</Font>
  </Button>
  <Button item="SMW_MyMoney3">
    <ScreenID>SMW_MyMoney3</ScreenID>
    <!--<Font>3</Font>-->
    <RelativePosition>true</RelativePosition>
    <Location>
      <X>2</X>
      <Y>73</Y>
    </Location>
    <Size>
      <CX>94</CX>
      <CY>24</CY>
    </Size>
    <Style_Transparent>false</Style_Transparent>
    <TooltipReference>Drop coins here</TooltipReference>
    <Style_Checkbox>false</Style_Checkbox>
    <!--<RadioGroup/>-->
    <Text>60000</Text>
    <TextColor>
      <R>255</R>
      <G>255</G>
      <B>255</B>
    </TextColor>
    <ButtonDrawTemplate>
      <Normal>A_RecessedBox</Normal>
      <NormalDecal>A_CopperCoin</NormalDecal>
    </ButtonDrawTemplate>
    <DecalOffset>
      <X>2</X>
      <Y>2</Y>
    </DecalOffset>
    <DecalSize>
      <CX>18</CX>
      <CY>18</CY>
    </DecalSize>
    <Font>2</Font>
  </Button>
  <Button item="SMW_Deposit_Button">
    <ScreenID>SMW_Deposit_Button</ScreenID>
    <!--<Font>3</Font>-->
    <RelativePosition>true</RelativePosition>
    <Location>
      <X>6</X>
      <Y>101</Y>
    </Location>
    <Size>
      <CX>86</CX>
      <CY>20</CY>
    </Size>
    <Style_Transparent>false</Style_Transparent>
    <!--<TooltipReference/>-->
    <Style_Checkbox>false</Style_Checkbox>
    <TooltipReference>This button deposits the selected amount of money into your parcel window.</TooltipReference>
    <!--<RadioGroup/>-->
    <Text>Deposit</Text>
    <TextColor>
      <R>0</R>
      <G>255</G>
      <B>0</B>
    </TextColor>
    <ButtonDrawTemplate>
      <Normal>A_BtnNormal</Normal>
      <Pressed>A_BtnPressed</Pressed>
      <Flyby>A_BtnFlyby</Flyby>
      <Disabled>A_BtnDisabled</Disabled>
      <PressedFlyby>A_BtnPressedFlyby</PressedFlyby>
    </ButtonDrawTemplate>
    <Font>2</Font>
  </Button>
  <Button item="SMW_Cancel_Button">
    <ScreenID>SMW_Cancel_Button</ScreenID>
    <!--<Font>3</Font>-->
    <RelativePosition>true</RelativePosition>
    <Location>
      <X>6</X>
      <Y>124</Y>
    </Location>
    <Size>
      <CX>86</CX>
      <CY>20</CY>
    </Size>
    <BottomAnchorToTop>false</BottomAnchorToTop>
    <Style_Transparent>false</Style_Transparent>
    <!--<TooltipReference/>-->
    <Style_Checkbox>false</Style_Checkbox>
    <!--<RadioGroup/>-->
    <Text>Cancel</Text>
    <TextColor>
      <R>255</R>
      <G>255</G>
      <B>0</B>
    </TextColor>
    <ButtonDrawTemplate>
      <Normal>A_BtnNormal</Normal>
      <Pressed>A_BtnPressed</Pressed>
      <Flyby>A_BtnFlyby</Flyby>
      <Disabled>A_BtnDisabled</Disabled>
      <PressedFlyby>A_BtnPressedFlyby</PressedFlyby>
    </ButtonDrawTemplate>
    <Font>2</Font>
  </Button>
  <Screen item="SendMoneyWnd">
    <!--<ScreenID/>-->
    <RelativePosition>false</RelativePosition>
    <Location>
      <X>200</X>
      <Y>200</Y>
    </Location>
    <Size>
      <CX>108</CX>
      <CY>168</CY>
    </Size>
    <Text>Sparxx - Send</Text>
    <Style_Transparent>false</Style_Transparent>
    <!--<TooltipReference/>-->
    <DrawTemplate>WDT_Rounded</DrawTemplate>
    <Style_Titlebar>true</Style_Titlebar>
    <Style_Closebox>true</Style_Closebox>
    <Style_Minimizebox>false</Style_Minimizebox>
    <Style_Border>true</Style_Border>
    <Style_Sizable>false</Style_Sizable>
    <Pieces>SMW_MyMoney0</Pieces>
    <Pieces>SMW_MyMoney1</Pieces>
    <Pieces>SMW_MyMoney2</Pieces>
    <Pieces>SMW_MyMoney3</Pieces>
    <Pieces>SMW_Deposit_Button</Pieces>
    <Pieces>SMW_Cancel_Button</Pieces>
    <Font>2</Font>
  </Screen>
</XML>