<?xml version="1.0" encoding="us-ascii"?>
<XML ID="EQInterfaceDefinitionLanguage">
	<Schema xmlns="EverQuestData" xmlns:dt="EverQuestDataTypes" />

	<Label item="ETW_AggroPct0">
		<ScreenID>ETW_AggroPct0</ScreenID>
		<RelativePosition>true</RelativePosition>
		<Font>2</Font>
		<Text>78</Text>
		<TextColor>
			<R>255</R>
			<G>255</G>
			<B>255</B>
		</TextColor>
		<EQType>314</EQType>
		<NoWrap>true</NoWrap>
		<AutoStretch>true</AutoStretch>
		<AlignLeft>true</AlignLeft>
		<TopAnchorOffset>26</TopAnchorOffset>
		<BottomAnchorOffset>38</BottomAnchorOffset>
		<RightAnchorToLeft>false</RightAnchorToLeft>
	</Label>
	<Gauge item="ETW_Gauge0">
		<ScreenID>ETW_Gauge0</ScreenID>
		<TextColor>
			<R>240</R>
			<G>240</G>
			<B>240</B>
		</TextColor>
		<RelativePosition>true</RelativePosition>
		<FillTint>
			<R>220</R>
			<G>0</G>
			<B>0</B>
		</FillTint>
		<EQType>42</EQType>
		<GaugeDrawTemplate>
			<Fill>A_GaugeFill</Fill>
			<EndCapLeft>A_GaugeEndCapLeft</EndCapLeft>
			<EndCapRight>A_GaugeEndCapRight</EndCapRight>
			<Background>A_GaugeBackground</Background>
		</GaugeDrawTemplate>
		<GaugeOffsetY>15</GaugeOffsetY>
		<AutoStretch>true</AutoStretch>
		<TopAnchorOffset>2</TopAnchorOffset>
		<BottomAnchorOffset>37</BottomAnchorOffset>
		<RightAnchorToLeft>false</RightAnchorToLeft>
		<LeftAnchorOffset>20</LeftAnchorOffset>
		<RightAnchorOffset>0</RightAnchorOffset>
	</Gauge>
	<Gauge item="ETW_ManaGauge0">
		<ScreenID>ETW_ManaGauge0</ScreenID>
		<TextOffsetY>-50</TextOffsetY>
		<GaugeOffsetY>-2</GaugeOffsetY>
		<RelativePosition>true</RelativePosition>
		<FillTint>
			<R>0</R>
			<G>128</G>
			<B>255</B>
		</FillTint>
		<EQType>62</EQType>
		<GaugeDrawTemplate>
			<Fill>A_GaugeFill</Fill>
		</GaugeDrawTemplate>
		<AutoStretch>true</AutoStretch>
		<TopAnchorOffset>28</TopAnchorOffset>
		<BottomAnchorOffset>36</BottomAnchorOffset>
		<RightAnchorToLeft>false</RightAnchorToLeft>
		<LeftAnchorOffset>24</LeftAnchorOffset>
		<RightAnchorOffset>4</RightAnchorOffset>
	</Gauge>
	<Gauge item="ETW_STAGauge0">
		<ScreenID>ETW_STAGauge0</ScreenID>
		<TextOffsetY>-50</TextOffsetY>
		<GaugeOffsetY>-2</GaugeOffsetY>
		<RelativePosition>true</RelativePosition>
		<FillTint>
			<R>240</R>
			<G>240</G>
			<B>0</B>
		</FillTint>
		<EQType>82</EQType>
		<GaugeDrawTemplate>
			<Fill>A_GaugeFill</Fill>
		</GaugeDrawTemplate>
		<AutoStretch>true</AutoStretch>
		<TopAnchorOffset>32</TopAnchorOffset>
		<BottomAnchorOffset>36</BottomAnchorOffset>
		<RightAnchorToLeft>false</RightAnchorToLeft>
		<LeftAnchorOffset>24</LeftAnchorOffset>
		<RightAnchorOffset>4</RightAnchorOffset>
	</Gauge>
	<Label item="ETW_HPLabel0">
		<ScreenID>ETW_HPLabel0</ScreenID>
		<RelativePosition>true</RelativePosition>
		<Text>100</Text>
		<TextColor>
			<R>255</R>
			<G>255</G>
			<B>255</B>
		</TextColor>
		<NoWrap>true</NoWrap>
		<AlignCenter>true</AlignCenter>
		<Font>2</Font>
		<EQType>151</EQType>
		<AutoStretch>true</AutoStretch>
		<TopAnchorOffset>21</TopAnchorOffset>
		<BottomAnchorOffset>33</BottomAnchorOffset>
		<RightAnchorToLeft>false</RightAnchorToLeft>
		<Style_Tooltip>false</Style_Tooltip>
	</Label>
	<Label item="ETW_HPPercLabel0">
		<ScreenID>ETW_HPPercLabel0</ScreenID>
		<RelativePosition>true</RelativePosition>
		<Text>%</Text>
		<TextColor>
			<R>255</R>
			<G>255</G>
			<B>255</B>
		</TextColor>
		<NoWrap>true</NoWrap>
		<AlignCenter>true</AlignCenter>
		<Font>2</Font>
		<AutoStretch>true</AutoStretch>
		<TopAnchorOffset>21</TopAnchorOffset>
		<BottomAnchorOffset>33</BottomAnchorOffset>
		<LeftAnchorOffset>28</LeftAnchorOffset>
		<RightAnchorToLeft>false</RightAnchorToLeft>
		<Style_Tooltip>false</Style_Tooltip>
	</Label>
	<Button item="ETW_Role0">
		<ScreenID>ETW_Role0</ScreenID>
		<RelativePosition>true</RelativePosition>
		<Style_Transparent>false</Style_Transparent>
		<Style_Checkbox>false</Style_Checkbox>
		<ButtonDrawTemplate>
		</ButtonDrawTemplate>
		<DecalSize>
			<CX>16</CX>
			<CY>16</CY>
		</DecalSize>
		<TopAnchorOffset>5</TopAnchorOffset>
		<BottomAnchorOffset>21</BottomAnchorOffset>
		<LeftAnchorOffset>1</LeftAnchorOffset>
		<RightAnchorOffset>19</RightAnchorOffset>
		<AutoStretch>true</AutoStretch>
		<LeftAnchorToLeft>true</LeftAnchorToLeft>
		<RightAnchorToLeft>true</RightAnchorToLeft>
	</Button>
 
	<Label item="ETW_AggroPct1">
		<ScreenID>ETW_AggroPct1</ScreenID>
		<RelativePosition>true</RelativePosition>
		<Font>2</Font>
		<Text>78</Text>
		<TextColor>
			<R>255</R>
			<G>255</G>
			<B>255</B>
		</TextColor>
		<EQType>315</EQType>
		<NoWrap>true</NoWrap>
		<AutoStretch>true</AutoStretch>
		<AlignLeft>true</AlignLeft>
		<TopAnchorOffset>67</TopAnchorOffset>
		<BottomAnchorOffset>79</BottomAnchorOffset>
		<RightAnchorToLeft>false</RightAnchorToLeft>
	</Label>
	<Gauge item="ETW_Gauge1">
		<ScreenID>ETW_Gauge1</ScreenID>
		<TextColor>
			<R>240</R>
			<G>240</G>
			<B>240</B>
		</TextColor>
		<RelativePosition>true</RelativePosition>
		<FillTint>
			<R>220</R>
			<G>0</G>
			<B>0</B>
		</FillTint>
		<EQType>43</EQType>
		<GaugeDrawTemplate>
			<Fill>A_GaugeFill</Fill>
			<EndCapLeft>A_GaugeEndCapLeft</EndCapLeft>
			<EndCapRight>A_GaugeEndCapRight</EndCapRight>
			<Background>A_GaugeBackground</Background>
		</GaugeDrawTemplate>
		<GaugeOffsetY>15</GaugeOffsetY>
		<AutoStretch>true</AutoStretch>
		<TopAnchorOffset>43</TopAnchorOffset>
		<BottomAnchorOffset>78</BottomAnchorOffset>
		<RightAnchorToLeft>false</RightAnchorToLeft>
		<LeftAnchorOffset>20</LeftAnchorOffset>
		<RightAnchorOffset>0</RightAnchorOffset>
	</Gauge>
	<Gauge item="ETW_ManaGauge1">
		<ScreenID>ETW_ManaGauge1</ScreenID>
		<TextOffsetY>-50</TextOffsetY>
		<GaugeOffsetY>-2</GaugeOffsetY>
		<RelativePosition>true</RelativePosition>
		<FillTint>
			<R>0</R>
			<G>128</G>
			<B>255</B>
		</FillTint>
		<EQType>63</EQType>
		<GaugeDrawTemplate>
			<Fill>A_GaugeFill</Fill>
		</GaugeDrawTemplate>
		<AutoStretch>true</AutoStretch>
		<TopAnchorOffset>69</TopAnchorOffset>
		<BottomAnchorOffset>77</BottomAnchorOffset>
		<RightAnchorToLeft>false</RightAnchorToLeft>
		<LeftAnchorOffset>24</LeftAnchorOffset>
		<RightAnchorOffset>4</RightAnchorOffset>
	</Gauge>
	<Gauge item="ETW_STAGauge1">
		<ScreenID>ETW_STAGauge1</ScreenID>
		<TextOffsetY>-50</TextOffsetY>
		<GaugeOffsetY>-2</GaugeOffsetY>
		<RelativePosition>true</RelativePosition>
		<FillTint>
			<R>240</R>
			<G>240</G>
			<B>0</B>
		</FillTint>
		<EQType>83</EQType>
		<GaugeDrawTemplate>
			<Fill>A_GaugeFill</Fill>
		</GaugeDrawTemplate>
		<AutoStretch>true</AutoStretch>
		<TopAnchorOffset>73</TopAnchorOffset>
		<BottomAnchorOffset>77</BottomAnchorOffset>
		<RightAnchorToLeft>false</RightAnchorToLeft>
		<LeftAnchorOffset>24</LeftAnchorOffset>
		<RightAnchorOffset>4</RightAnchorOffset>
	</Gauge>
	<Label item="ETW_HPLabel1">
		<ScreenID>ETW_HPLabel1</ScreenID>
		<RelativePosition>true</RelativePosition>
		<Text>100</Text>
		<TextColor>
			<R>255</R>
			<G>255</G>
			<B>255</B>
		</TextColor>
		<NoWrap>true</NoWrap>
		<AlignCenter>true</AlignCenter>
		<Font>2</Font>
		<EQType>152</EQType>
		<AutoStretch>true</AutoStretch>
		<TopAnchorOffset>62</TopAnchorOffset>
		<BottomAnchorOffset>74</BottomAnchorOffset>
		<RightAnchorToLeft>false</RightAnchorToLeft>
		<Style_Tooltip>false</Style_Tooltip>
	</Label>
	<Label item="ETW_HPPercLabel1">
		<ScreenID>ETW_HPPercLabel1</ScreenID>
		<RelativePosition>true</RelativePosition>
		<Text>%</Text>
		<TextColor>
			<R>255</R>
			<G>255</G>
			<B>255</B>
		</TextColor>
		<NoWrap>true</NoWrap>
		<AlignCenter>true</AlignCenter>
		<Font>2</Font>
		<AutoStretch>true</AutoStretch>
		<TopAnchorOffset>62</TopAnchorOffset>
		<BottomAnchorOffset>74</BottomAnchorOffset>
		<LeftAnchorOffset>28</LeftAnchorOffset>
		<RightAnchorToLeft>false</RightAnchorToLeft>
		<Style_Tooltip>false</Style_Tooltip>
	</Label>
	<Button item="ETW_Role1">
		<ScreenID>ETW_Role1</ScreenID>
		<RelativePosition>true</RelativePosition>
		<Style_Transparent>false</Style_Transparent>
		<Style_Checkbox>false</Style_Checkbox>
		<ButtonDrawTemplate>
		</ButtonDrawTemplate>
		<DecalSize>
			<CX>16</CX>
			<CY>16</CY>
		</DecalSize>
		<TopAnchorOffset>46</TopAnchorOffset>
		<BottomAnchorOffset>62</BottomAnchorOffset>
		<LeftAnchorOffset>1</LeftAnchorOffset>
		<RightAnchorOffset>19</RightAnchorOffset>
		<AutoStretch>true</AutoStretch>
		<LeftAnchorToLeft>true</LeftAnchorToLeft>
		<RightAnchorToLeft>true</RightAnchorToLeft>
	</Button>
 
	<Label item="ETW_AggroPct2">
		<ScreenID>ETW_AggroPct2</ScreenID>
		<RelativePosition>true</RelativePosition>
		<Font>2</Font>
		<Text>78</Text>
		<TextColor>
			<R>255</R>
			<G>255</G>
			<B>255</B>
		</TextColor>
		<EQType>316</EQType>
		<NoWrap>true</NoWrap>
		<AutoStretch>true</AutoStretch>
		<AlignLeft>true</AlignLeft>
		<TopAnchorOffset>108</TopAnchorOffset>
		<BottomAnchorOffset>120</BottomAnchorOffset>
		<RightAnchorToLeft>false</RightAnchorToLeft>
	</Label>
	<Gauge item="ETW_Gauge2">
		<ScreenID>ETW_Gauge2</ScreenID>
		<TextColor>
			<R>240</R>
			<G>240</G>
			<B>240</B>
		</TextColor>
		<RelativePosition>true</RelativePosition>
		<FillTint>
			<R>220</R>
			<G>0</G>
			<B>0</B>
		</FillTint>
		<EQType>44</EQType>
		<GaugeDrawTemplate>
			<Fill>A_GaugeFill</Fill>
			<EndCapLeft>A_GaugeEndCapLeft</EndCapLeft>
			<EndCapRight>A_GaugeEndCapRight</EndCapRight>
			<Background>A_GaugeBackground</Background>
		</GaugeDrawTemplate>
		<GaugeOffsetY>15</GaugeOffsetY>
		<AutoStretch>true</AutoStretch>
		<TopAnchorOffset>84</TopAnchorOffset>
		<BottomAnchorOffset>119</BottomAnchorOffset>
		<RightAnchorToLeft>false</RightAnchorToLeft>
		<LeftAnchorOffset>20</LeftAnchorOffset>
		<RightAnchorOffset>0</RightAnchorOffset>
	</Gauge>
	<Gauge item="ETW_ManaGauge2">
		<ScreenID>ETW_ManaGauge2</ScreenID>
		<TextOffsetY>-50</TextOffsetY>
		<GaugeOffsetY>-2</GaugeOffsetY>
		<RelativePosition>true</RelativePosition>
		<FillTint>
			<R>0</R>
			<G>128</G>
			<B>255</B>
		</FillTint>
		<EQType>64</EQType>
		<GaugeDrawTemplate>
			<Fill>A_GaugeFill</Fill>
		</GaugeDrawTemplate>
		<AutoStretch>true</AutoStretch>
		<TopAnchorOffset>110</TopAnchorOffset>
		<BottomAnchorOffset>118</BottomAnchorOffset>
		<RightAnchorToLeft>false</RightAnchorToLeft>
		<LeftAnchorOffset>24</LeftAnchorOffset>
		<RightAnchorOffset>4</RightAnchorOffset>
	</Gauge>
	<Gauge item="ETW_STAGauge2">
		<ScreenID>ETW_STAGauge2</ScreenID>
		<TextOffsetY>-50</TextOffsetY>
		<GaugeOffsetY>-2</GaugeOffsetY>
		<RelativePosition>true</RelativePosition>
		<FillTint>
			<R>240</R>
			<G>240</G>
			<B>0</B>
		</FillTint>
		<EQType>84</EQType>
		<GaugeDrawTemplate>
			<Fill>A_GaugeFill</Fill>
		</GaugeDrawTemplate>
		<AutoStretch>true</AutoStretch>
		<TopAnchorOffset>114</TopAnchorOffset>
		<BottomAnchorOffset>118</BottomAnchorOffset>
		<RightAnchorToLeft>false</RightAnchorToLeft>
		<LeftAnchorOffset>24</LeftAnchorOffset>
		<RightAnchorOffset>4</RightAnchorOffset>
	</Gauge>
	<Label item="ETW_HPLabel2">
		<ScreenID>ETW_HPLabel2</ScreenID>
		<RelativePosition>true</RelativePosition>
		<Text>100</Text>
		<TextColor>
			<R>255</R>
			<G>255</G>
			<B>255</B>
		</TextColor>
		<NoWrap>true</NoWrap>
		<AlignCenter>true</AlignCenter>
		<Font>2</Font>
		<EQType>153</EQType>
		<AutoStretch>true</AutoStretch>
		<TopAnchorOffset>103</TopAnchorOffset>
		<BottomAnchorOffset>115</BottomAnchorOffset>
		<RightAnchorToLeft>false</RightAnchorToLeft>
		<Style_Tooltip>false</Style_Tooltip>
	</Label>
	<Label item="ETW_HPPercLabel2">
		<ScreenID>ETW_HPPercLabel2</ScreenID>
		<RelativePosition>true</RelativePosition>
		<Text>%</Text>
		<TextColor>
			<R>255</R>
			<G>255</G>
			<B>255</B>
		</TextColor>
		<NoWrap>true</NoWrap>
		<AlignCenter>true</AlignCenter>
		<Font>2</Font>
		<AutoStretch>true</AutoStretch>
		<TopAnchorOffset>103</TopAnchorOffset>
		<BottomAnchorOffset>115</BottomAnchorOffset>
		<LeftAnchorOffset>28</LeftAnchorOffset>
		<RightAnchorToLeft>false</RightAnchorToLeft>
		<Style_Tooltip>false</Style_Tooltip>
	</Label>
	<Button item="ETW_Role2">
		<ScreenID>ETW_Role2</ScreenID>
		<RelativePosition>true</RelativePosition>
		<Style_Transparent>false</Style_Transparent>
		<Style_Checkbox>false</Style_Checkbox>
		<ButtonDrawTemplate>
		</ButtonDrawTemplate>
		<DecalSize>
			<CX>16</CX>
			<CY>16</CY>
		</DecalSize>
		<TopAnchorOffset>87</TopAnchorOffset>
		<BottomAnchorOffset>103</BottomAnchorOffset>
		<LeftAnchorOffset>1</LeftAnchorOffset>
		<RightAnchorOffset>19</RightAnchorOffset>
		<AutoStretch>true</AutoStretch>
		<LeftAnchorToLeft>true</LeftAnchorToLeft>
		<RightAnchorToLeft>true</RightAnchorToLeft>
	</Button>
 
	<Label item="ETW_AggroPct3">
		<ScreenID>ETW_AggroPct3</ScreenID>
		<RelativePosition>true</RelativePosition>
		<Font>2</Font>
		<Text>78</Text>
		<TextColor>
			<R>255</R>
			<G>255</G>
			<B>255</B>
		</TextColor>
		<EQType>317</EQType>
		<NoWrap>true</NoWrap>
		<AutoStretch>true</AutoStretch>
		<AlignLeft>true</AlignLeft>
		<TopAnchorOffset>149</TopAnchorOffset>
		<BottomAnchorOffset>161</BottomAnchorOffset>
		<RightAnchorToLeft>false</RightAnchorToLeft>
	</Label>
	<Gauge item="ETW_Gauge3">
		<ScreenID>ETW_Gauge3</ScreenID>
		<TextColor>
			<R>240</R>
			<G>240</G>
			<B>240</B>
		</TextColor>
		<RelativePosition>true</RelativePosition>
		<FillTint>
			<R>220</R>
			<G>0</G>
			<B>0</B>
		</FillTint>
		<EQType>45</EQType>
		<GaugeDrawTemplate>
			<Fill>A_GaugeFill</Fill>
			<EndCapLeft>A_GaugeEndCapLeft</EndCapLeft>
			<EndCapRight>A_GaugeEndCapRight</EndCapRight>
			<Background>A_GaugeBackground</Background>
		</GaugeDrawTemplate>
		<GaugeOffsetY>15</GaugeOffsetY>
		<AutoStretch>true</AutoStretch>
		<TopAnchorOffset>125</TopAnchorOffset>
		<BottomAnchorOffset>160</BottomAnchorOffset>
		<RightAnchorToLeft>false</RightAnchorToLeft>
		<LeftAnchorOffset>20</LeftAnchorOffset>
		<RightAnchorOffset>0</RightAnchorOffset>
	</Gauge>
	<Gauge item="ETW_ManaGauge3">
		<ScreenID>ETW_ManaGauge3</ScreenID>
		<TextOffsetY>-50</TextOffsetY>
		<GaugeOffsetY>-2</GaugeOffsetY>
		<RelativePosition>true</RelativePosition>
		<FillTint>
			<R>0</R>
			<G>128</G>
			<B>255</B>
		</FillTint>
		<EQType>65</EQType>
		<GaugeDrawTemplate>
			<Fill>A_GaugeFill</Fill>
		</GaugeDrawTemplate>
		<AutoStretch>true</AutoStretch>
		<TopAnchorOffset>151</TopAnchorOffset>
		<BottomAnchorOffset>159</BottomAnchorOffset>
		<RightAnchorToLeft>false</RightAnchorToLeft>
		<LeftAnchorOffset>24</LeftAnchorOffset>
		<RightAnchorOffset>4</RightAnchorOffset>
	</Gauge>
	<Gauge item="ETW_STAGauge3">
		<ScreenID>ETW_STAGauge3</ScreenID>
		<TextOffsetY>-50</TextOffsetY>
		<GaugeOffsetY>-2</GaugeOffsetY>
		<RelativePosition>true</RelativePosition>
		<FillTint>
			<R>240</R>
			<G>240</G>
			<B>0</B>
		</FillTint>
		<EQType>85</EQType>
		<GaugeDrawTemplate>
			<Fill>A_GaugeFill</Fill>
		</GaugeDrawTemplate>
		<AutoStretch>true</AutoStretch>
		<TopAnchorOffset>155</TopAnchorOffset>
		<BottomAnchorOffset>159</BottomAnchorOffset>
		<RightAnchorToLeft>false</RightAnchorToLeft>
		<LeftAnchorOffset>24</LeftAnchorOffset>
		<RightAnchorOffset>4</RightAnchorOffset>
	</Gauge>
	<Label item="ETW_HPLabel3">
		<ScreenID>ETW_HPLabel3</ScreenID>
		<RelativePosition>true</RelativePosition>
		<Text>100</Text>
		<TextColor>
			<R>255</R>
			<G>255</G>
			<B>255</B>
		</TextColor>
		<NoWrap>true</NoWrap>
		<AlignCenter>true</AlignCenter>
		<Font>2</Font>
		<EQType>154</EQType>
		<AutoStretch>true</AutoStretch>
		<TopAnchorOffset>144</TopAnchorOffset>
		<BottomAnchorOffset>156</BottomAnchorOffset>
		<RightAnchorToLeft>false</RightAnchorToLeft>
		<Style_Tooltip>false</Style_Tooltip>
	</Label>
	<Label item="ETW_HPPercLabel3">
		<ScreenID>ETW_HPPercLabel3</ScreenID>
		<RelativePosition>true</RelativePosition>
		<Text>%</Text>
		<TextColor>
			<R>255</R>
			<G>255</G>
			<B>255</B>
		</TextColor>
		<NoWrap>true</NoWrap>
		<AlignCenter>true</AlignCenter>
		<Font>2</Font>
		<AutoStretch>true</AutoStretch>
		<TopAnchorOffset>144</TopAnchorOffset>
		<BottomAnchorOffset>156</BottomAnchorOffset>
		<LeftAnchorOffset>28</LeftAnchorOffset>
		<RightAnchorToLeft>false</RightAnchorToLeft>
		<Style_Tooltip>false</Style_Tooltip>
	</Label>
	<Button item="ETW_Role3">
		<ScreenID>ETW_Role3</ScreenID>
		<RelativePosition>true</RelativePosition>
		<Style_Transparent>false</Style_Transparent>
		<Style_Checkbox>false</Style_Checkbox>
		<ButtonDrawTemplate>
		</ButtonDrawTemplate>
		<DecalSize>
			<CX>16</CX>
			<CY>16</CY>
		</DecalSize>
		<TopAnchorOffset>128</TopAnchorOffset>
		<BottomAnchorOffset>144</BottomAnchorOffset>
		<LeftAnchorOffset>1</LeftAnchorOffset>
		<RightAnchorOffset>19</RightAnchorOffset>
		<AutoStretch>true</AutoStretch>
		<LeftAnchorToLeft>true</LeftAnchorToLeft>
		<RightAnchorToLeft>true</RightAnchorToLeft>
	</Button>

	<Label item="ETW_AggroPct4">
		<ScreenID>ETW_AggroPct4</ScreenID>
		<RelativePosition>true</RelativePosition>
		<Font>2</Font>
		<Text>78</Text>
		<TextColor>
			<R>255</R>
			<G>255</G>
			<B>255</B>
		</TextColor>
		<EQType>318</EQType>
		<NoWrap>true</NoWrap>
		<AutoStretch>true</AutoStretch>
		<AlignLeft>true</AlignLeft>
		<TopAnchorOffset>190</TopAnchorOffset>
		<BottomAnchorOffset>202</BottomAnchorOffset>
		<RightAnchorToLeft>false</RightAnchorToLeft>
	</Label>
	<Gauge item="ETW_Gauge4">
		<ScreenID>ETW_Gauge4</ScreenID>
		<TextColor>
			<R>240</R>
			<G>240</G>
			<B>240</B>
		</TextColor>
		<RelativePosition>true</RelativePosition>
		<FillTint>
			<R>220</R>
			<G>0</G>
			<B>0</B>
		</FillTint>
		<EQType>46</EQType>
		<GaugeDrawTemplate>
			<Fill>A_GaugeFill</Fill>
			<EndCapLeft>A_GaugeEndCapLeft</EndCapLeft>
			<EndCapRight>A_GaugeEndCapRight</EndCapRight>
			<Background>A_GaugeBackground</Background>
		</GaugeDrawTemplate>
		<GaugeOffsetY>15</GaugeOffsetY>
		<AutoStretch>true</AutoStretch>
		<TopAnchorOffset>166</TopAnchorOffset>
		<BottomAnchorOffset>201</BottomAnchorOffset>
		<RightAnchorToLeft>false</RightAnchorToLeft>
		<LeftAnchorOffset>20</LeftAnchorOffset>
		<RightAnchorOffset>0</RightAnchorOffset>
	</Gauge>
	<Gauge item="ETW_ManaGauge4">
		<ScreenID>ETW_ManaGauge4</ScreenID>
		<TextOffsetY>-50</TextOffsetY>
		<GaugeOffsetY>-2</GaugeOffsetY>
		<RelativePosition>true</RelativePosition>
		<FillTint>
			<R>0</R>
			<G>128</G>
			<B>255</B>
		</FillTint>
		<EQType>66</EQType>
		<GaugeDrawTemplate>
			<Fill>A_GaugeFill</Fill>
		</GaugeDrawTemplate>
		<AutoStretch>true</AutoStretch>
		<TopAnchorOffset>192</TopAnchorOffset>
		<BottomAnchorOffset>200</BottomAnchorOffset>
		<RightAnchorToLeft>false</RightAnchorToLeft>
		<LeftAnchorOffset>24</LeftAnchorOffset>
		<RightAnchorOffset>4</RightAnchorOffset>
	</Gauge>
	<Gauge item="ETW_STAGauge4">
		<ScreenID>ETW_STAGauge4</ScreenID>
		<TextOffsetY>-50</TextOffsetY>
		<GaugeOffsetY>-2</GaugeOffsetY>
		<RelativePosition>true</RelativePosition>
		<FillTint>
			<R>240</R>
			<G>240</G>
			<B>0</B>
		</FillTint>
		<EQType>86</EQType>
		<GaugeDrawTemplate>
			<Fill>A_GaugeFill</Fill>
		</GaugeDrawTemplate>
		<AutoStretch>true</AutoStretch>
		<TopAnchorOffset>196</TopAnchorOffset>
		<BottomAnchorOffset>200</BottomAnchorOffset>
		<RightAnchorToLeft>false</RightAnchorToLeft>
		<LeftAnchorOffset>24</LeftAnchorOffset>
		<RightAnchorOffset>4</RightAnchorOffset>
	</Gauge>
	<Label item="ETW_HPLabel4">
		<ScreenID>ETW_HPLabel4</ScreenID>
		<RelativePosition>true</RelativePosition>
		<Text>100</Text>
		<TextColor>
			<R>255</R>
			<G>255</G>
			<B>255</B>
		</TextColor>
		<NoWrap>true</NoWrap>
		<AlignCenter>true</AlignCenter>
		<Font>2</Font>
		<EQType>155</EQType>
		<AutoStretch>true</AutoStretch>
		<TopAnchorOffset>185</TopAnchorOffset>
		<BottomAnchorOffset>197</BottomAnchorOffset>
		<RightAnchorToLeft>false</RightAnchorToLeft>
		<Style_Tooltip>false</Style_Tooltip>
	</Label>
	<Label item="ETW_HPPercLabel4">
		<ScreenID>ETW_HPPercLabel4</ScreenID>
		<RelativePosition>true</RelativePosition>
		<Text>%</Text>
		<TextColor>
			<R>255</R>
			<G>255</G>
			<B>255</B>
		</TextColor>
		<NoWrap>true</NoWrap>
		<AlignCenter>true</AlignCenter>
		<Font>2</Font>
		<AutoStretch>true</AutoStretch>
		<TopAnchorOffset>185</TopAnchorOffset>
		<BottomAnchorOffset>197</BottomAnchorOffset>
		<LeftAnchorOffset>28</LeftAnchorOffset>
		<RightAnchorToLeft>false</RightAnchorToLeft>
		<Style_Tooltip>false</Style_Tooltip>
	</Label>
	<Button item="ETW_Role4">
		<ScreenID>ETW_Role4</ScreenID>
		<RelativePosition>true</RelativePosition>
		<Style_Transparent>false</Style_Transparent>
		<Style_Checkbox>false</Style_Checkbox>
		<ButtonDrawTemplate>
		</ButtonDrawTemplate>
		<DecalSize>
			<CX>16</CX>
			<CY>16</CY>
		</DecalSize>
		<TopAnchorOffset>169</TopAnchorOffset>
		<BottomAnchorOffset>185</BottomAnchorOffset>
		<LeftAnchorOffset>1</LeftAnchorOffset>
		<RightAnchorOffset>19</RightAnchorOffset>
		<AutoStretch>true</AutoStretch>
		<LeftAnchorToLeft>true</LeftAnchorToLeft>
		<RightAnchorToLeft>true</RightAnchorToLeft>
	</Button>
 
	<Label item="ETW_AggroPct5">
		<ScreenID>ETW_AggroPct5</ScreenID>
		<RelativePosition>true</RelativePosition>
		<Font>2</Font>
		<Text>78</Text>
		<TextColor>
			<R>255</R>
			<G>255</G>
			<B>255</B>
		</TextColor>
		<EQType>319</EQType>
		<NoWrap>true</NoWrap>
		<AutoStretch>true</AutoStretch>
		<AlignLeft>true</AlignLeft>
		<TopAnchorOffset>231</TopAnchorOffset>
		<BottomAnchorOffset>243</BottomAnchorOffset>
		<RightAnchorToLeft>false</RightAnchorToLeft>
	</Label>
	<Gauge item="ETW_Gauge5">
		<ScreenID>ETW_Gauge5</ScreenID>
		<TextColor>
			<R>240</R>
			<G>240</G>
			<B>240</B>
		</TextColor>
		<RelativePosition>true</RelativePosition>
		<FillTint>
			<R>220</R>
			<G>0</G>
			<B>0</B>
		</FillTint>
		<EQType>47</EQType>
		<GaugeDrawTemplate>
			<Fill>A_GaugeFill</Fill>
			<EndCapLeft>A_GaugeEndCapLeft</EndCapLeft>
			<EndCapRight>A_GaugeEndCapRight</EndCapRight>
			<Background>A_GaugeBackground</Background>
		</GaugeDrawTemplate>
		<GaugeOffsetY>15</GaugeOffsetY>
		<AutoStretch>true</AutoStretch>
		<TopAnchorOffset>207</TopAnchorOffset>
		<BottomAnchorOffset>242</BottomAnchorOffset>
		<RightAnchorToLeft>false</RightAnchorToLeft>
		<LeftAnchorOffset>20</LeftAnchorOffset>
		<RightAnchorOffset>0</RightAnchorOffset>
	</Gauge>
	<Gauge item="ETW_ManaGauge5">
		<ScreenID>ETW_ManaGauge5</ScreenID>
		<TextOffsetY>-50</TextOffsetY>
		<GaugeOffsetY>-2</GaugeOffsetY>
		<RelativePosition>true</RelativePosition>
		<FillTint>
			<R>0</R>
			<G>128</G>
			<B>255</B>
		</FillTint>
		<EQType>67</EQType>
		<GaugeDrawTemplate>
			<Fill>A_GaugeFill</Fill>
		</GaugeDrawTemplate>
		<AutoStretch>true</AutoStretch>
		<TopAnchorOffset>233</TopAnchorOffset>
		<BottomAnchorOffset>241</BottomAnchorOffset>
		<RightAnchorToLeft>false</RightAnchorToLeft>
		<LeftAnchorOffset>24</LeftAnchorOffset>
		<RightAnchorOffset>4</RightAnchorOffset>
	</Gauge>
	<Gauge item="ETW_STAGauge5">
		<ScreenID>ETW_STAGauge5</ScreenID>
		<TextOffsetY>-50</TextOffsetY>
		<GaugeOffsetY>-2</GaugeOffsetY>
		<RelativePosition>true</RelativePosition>
		<FillTint>
			<R>240</R>
			<G>240</G>
			<B>0</B>
		</FillTint>
		<EQType>87</EQType>
		<GaugeDrawTemplate>
			<Fill>A_GaugeFill</Fill>
		</GaugeDrawTemplate>
		<AutoStretch>true</AutoStretch>
		<TopAnchorOffset>237</TopAnchorOffset>
		<BottomAnchorOffset>241</BottomAnchorOffset>
		<RightAnchorToLeft>false</RightAnchorToLeft>
		<LeftAnchorOffset>24</LeftAnchorOffset>
		<RightAnchorOffset>4</RightAnchorOffset>
	</Gauge>
	<Label item="ETW_HPLabel5">
		<ScreenID>ETW_HPLabel5</ScreenID>
		<RelativePosition>true</RelativePosition>
		<Text>100</Text>
		<TextColor>
			<R>255</R>
			<G>255</G>
			<B>255</B>
		</TextColor>
		<NoWrap>true</NoWrap>
		<AlignCenter>true</AlignCenter>
		<Font>2</Font>
		<EQType>156</EQType>
		<AutoStretch>true</AutoStretch>
		<TopAnchorOffset>226</TopAnchorOffset>
		<BottomAnchorOffset>238</BottomAnchorOffset>
		<RightAnchorToLeft>false</RightAnchorToLeft>
		<Style_Tooltip>false</Style_Tooltip>
	</Label>
	<Label item="ETW_HPPercLabel5">
		<ScreenID>ETW_HPPercLabel5</ScreenID>
		<RelativePosition>true</RelativePosition>
		<Text>%</Text>
		<TextColor>
			<R>255</R>
			<G>255</G>
			<B>255</B>
		</TextColor>
		<NoWrap>true</NoWrap>
		<AlignCenter>true</AlignCenter>
		<Font>2</Font>
		<AutoStretch>true</AutoStretch>
		<TopAnchorOffset>226</TopAnchorOffset>
		<BottomAnchorOffset>238</BottomAnchorOffset>
		<LeftAnchorOffset>28</LeftAnchorOffset>
		<RightAnchorToLeft>false</RightAnchorToLeft>
		<Style_Tooltip>false</Style_Tooltip>
	</Label>
	<Button item="ETW_Role5">
		<ScreenID>ETW_Role5</ScreenID>
		<RelativePosition>true</RelativePosition>
		<Style_Transparent>false</Style_Transparent>
		<Style_Checkbox>false</Style_Checkbox>
		<ButtonDrawTemplate>
		</ButtonDrawTemplate>
		<DecalSize>
			<CX>16</CX>
			<CY>16</CY>
		</DecalSize>
		<TopAnchorOffset>210</TopAnchorOffset>
		<BottomAnchorOffset>226</BottomAnchorOffset>
		<LeftAnchorOffset>1</LeftAnchorOffset>
		<RightAnchorOffset>19</RightAnchorOffset>
		<AutoStretch>true</AutoStretch>
		<LeftAnchorToLeft>true</LeftAnchorToLeft>
		<RightAnchorToLeft>true</RightAnchorToLeft>
	</Button>
 
	<Label item="ETW_AggroPct6">
		<ScreenID>ETW_AggroPct6</ScreenID>
		<RelativePosition>true</RelativePosition>
		<Font>2</Font>
		<Text>78</Text>
		<TextColor>
			<R>255</R>
			<G>255</G>
			<B>255</B>
		</TextColor>
		<EQType>320</EQType>
		<NoWrap>true</NoWrap>
		<AutoStretch>true</AutoStretch>
		<AlignLeft>true</AlignLeft>
		<TopAnchorOffset>272</TopAnchorOffset>
		<BottomAnchorOffset>284</BottomAnchorOffset>
		<RightAnchorToLeft>false</RightAnchorToLeft>
	</Label>
	<Gauge item="ETW_Gauge6">
		<ScreenID>ETW_Gauge6</ScreenID>
		<TextColor>
			<R>240</R>
			<G>240</G>
			<B>240</B>
		</TextColor>
		<RelativePosition>true</RelativePosition>
		<FillTint>
			<R>220</R>
			<G>0</G>
			<B>0</B>
		</FillTint>
		<EQType>48</EQType>
		<GaugeDrawTemplate>
			<Fill>A_GaugeFill</Fill>
			<EndCapLeft>A_GaugeEndCapLeft</EndCapLeft>
			<EndCapRight>A_GaugeEndCapRight</EndCapRight>
			<Background>A_GaugeBackground</Background>
		</GaugeDrawTemplate>
		<GaugeOffsetY>15</GaugeOffsetY>
		<AutoStretch>true</AutoStretch>
		<TopAnchorOffset>248</TopAnchorOffset>
		<BottomAnchorOffset>283</BottomAnchorOffset>
		<RightAnchorToLeft>false</RightAnchorToLeft>
		<LeftAnchorOffset>20</LeftAnchorOffset>
		<RightAnchorOffset>0</RightAnchorOffset>
	</Gauge>
	<Gauge item="ETW_ManaGauge6">
		<ScreenID>ETW_ManaGauge6</ScreenID>
		<TextOffsetY>-50</TextOffsetY>
		<GaugeOffsetY>-2</GaugeOffsetY>
		<RelativePosition>true</RelativePosition>
		<FillTint>
			<R>0</R>
			<G>128</G>
			<B>255</B>
		</FillTint>
		<EQType>68</EQType>
		<GaugeDrawTemplate>
			<Fill>A_GaugeFill</Fill>
		</GaugeDrawTemplate>
		<AutoStretch>true</AutoStretch>
		<TopAnchorOffset>274</TopAnchorOffset>
		<BottomAnchorOffset>282</BottomAnchorOffset>
		<RightAnchorToLeft>false</RightAnchorToLeft>
		<LeftAnchorOffset>24</LeftAnchorOffset>
		<RightAnchorOffset>4</RightAnchorOffset>
	</Gauge>
	<Gauge item="ETW_STAGauge6">
		<ScreenID>ETW_STAGauge6</ScreenID>
		<TextOffsetY>-50</TextOffsetY>
		<GaugeOffsetY>-2</GaugeOffsetY>
		<RelativePosition>true</RelativePosition>
		<FillTint>
			<R>240</R>
			<G>240</G>
			<B>0</B>
		</FillTint>
		<EQType>88</EQType>
		<GaugeDrawTemplate>
			<Fill>A_GaugeFill</Fill>
		</GaugeDrawTemplate>
		<AutoStretch>true</AutoStretch>
		<TopAnchorOffset>278</TopAnchorOffset>
		<BottomAnchorOffset>282</BottomAnchorOffset>
		<RightAnchorToLeft>false</RightAnchorToLeft>
		<LeftAnchorOffset>24</LeftAnchorOffset>
		<RightAnchorOffset>4</RightAnchorOffset>
	</Gauge>
	<Label item="ETW_HPLabel6">
		<ScreenID>ETW_HPLabel6</ScreenID>
		<RelativePosition>true</RelativePosition>
		<Text>100</Text>
		<TextColor>
			<R>255</R>
			<G>255</G>
			<B>255</B>
		</TextColor>
		<NoWrap>true</NoWrap>
		<AlignCenter>true</AlignCenter>
		<Font>2</Font>
		<EQType>157</EQType>
		<AutoStretch>true</AutoStretch>
		<TopAnchorOffset>267</TopAnchorOffset>
		<BottomAnchorOffset>279</BottomAnchorOffset>
		<RightAnchorToLeft>false</RightAnchorToLeft>
		<Style_Tooltip>false</Style_Tooltip>
	</Label>
	<Label item="ETW_HPPercLabel6">
		<ScreenID>ETW_HPPercLabel6</ScreenID>
		<RelativePosition>true</RelativePosition>
		<Text>%</Text>
		<TextColor>
			<R>255</R>
			<G>255</G>
			<B>255</B>
		</TextColor>
		<NoWrap>true</NoWrap>
		<AlignCenter>true</AlignCenter>
		<Font>2</Font>
		<AutoStretch>true</AutoStretch>
		<TopAnchorOffset>267</TopAnchorOffset>
		<BottomAnchorOffset>279</BottomAnchorOffset>
		<LeftAnchorOffset>28</LeftAnchorOffset>
		<RightAnchorToLeft>false</RightAnchorToLeft>
		<Style_Tooltip>false</Style_Tooltip>
	</Label>
	<Button item="ETW_Role6">
		<ScreenID>ETW_Role6</ScreenID>
		<RelativePosition>true</RelativePosition>
		<Style_Transparent>false</Style_Transparent>
		<Style_Checkbox>false</Style_Checkbox>
		<ButtonDrawTemplate>
		</ButtonDrawTemplate>
		<DecalSize>
			<CX>16</CX>
			<CY>16</CY>
		</DecalSize>
		<TopAnchorOffset>251</TopAnchorOffset>
		<BottomAnchorOffset>267</BottomAnchorOffset>
		<LeftAnchorOffset>1</LeftAnchorOffset>
		<RightAnchorOffset>19</RightAnchorOffset>
		<AutoStretch>true</AutoStretch>
		<LeftAnchorToLeft>true</LeftAnchorToLeft>
		<RightAnchorToLeft>true</RightAnchorToLeft>
	</Button>
 
	<Label item="ETW_AggroPct7">
		<ScreenID>ETW_AggroPct7</ScreenID>
		<RelativePosition>true</RelativePosition>
		<Font>2</Font>
		<Text>78</Text>
		<TextColor>
			<R>255</R>
			<G>255</G>
			<B>255</B>
		</TextColor>
		<EQType>321</EQType>
		<NoWrap>true</NoWrap>
		<AutoStretch>true</AutoStretch>
		<AlignLeft>true</AlignLeft>
		<TopAnchorOffset>313</TopAnchorOffset>
		<BottomAnchorOffset>325</BottomAnchorOffset>
		<RightAnchorToLeft>false</RightAnchorToLeft>
	</Label>
	<Gauge item="ETW_Gauge7">
		<ScreenID>ETW_Gauge7</ScreenID>
		<TextColor>
			<R>240</R>
			<G>240</G>
			<B>240</B>
		</TextColor>
		<RelativePosition>true</RelativePosition>
		<FillTint>
			<R>220</R>
			<G>0</G>
			<B>0</B>
		</FillTint>
		<EQType>49</EQType>
		<GaugeDrawTemplate>
			<Fill>A_GaugeFill</Fill>
			<EndCapLeft>A_GaugeEndCapLeft</EndCapLeft>
			<EndCapRight>A_GaugeEndCapRight</EndCapRight>
			<Background>A_GaugeBackground</Background>
		</GaugeDrawTemplate>
		<GaugeOffsetY>15</GaugeOffsetY>
		<AutoStretch>true</AutoStretch>
		<TopAnchorOffset>289</TopAnchorOffset>
		<BottomAnchorOffset>324</BottomAnchorOffset>
		<RightAnchorToLeft>false</RightAnchorToLeft>
		<LeftAnchorOffset>20</LeftAnchorOffset>
		<RightAnchorOffset>0</RightAnchorOffset>
	</Gauge>
	<Gauge item="ETW_ManaGauge7">
		<ScreenID>ETW_ManaGauge7</ScreenID>
		<TextOffsetY>-50</TextOffsetY>
		<GaugeOffsetY>-2</GaugeOffsetY>
		<RelativePosition>true</RelativePosition>
		<FillTint>
			<R>0</R>
			<G>128</G>
			<B>255</B>
		</FillTint>
		<EQType>69</EQType>
		<GaugeDrawTemplate>
			<Fill>A_GaugeFill</Fill>
		</GaugeDrawTemplate>
		<AutoStretch>true</AutoStretch>
		<TopAnchorOffset>315</TopAnchorOffset>
		<BottomAnchorOffset>323</BottomAnchorOffset>
		<RightAnchorToLeft>false</RightAnchorToLeft>
		<LeftAnchorOffset>24</LeftAnchorOffset>
		<RightAnchorOffset>4</RightAnchorOffset>
	</Gauge>
	<Gauge item="ETW_STAGauge7">
		<ScreenID>ETW_STAGauge7</ScreenID>
		<TextOffsetY>-50</TextOffsetY>
		<GaugeOffsetY>-2</GaugeOffsetY>
		<RelativePosition>true</RelativePosition>
		<FillTint>
			<R>240</R>
			<G>240</G>
			<B>0</B>
		</FillTint>
		<EQType>89</EQType>
		<GaugeDrawTemplate>
			<Fill>A_GaugeFill</Fill>
		</GaugeDrawTemplate>
		<AutoStretch>true</AutoStretch>
		<TopAnchorOffset>319</TopAnchorOffset>
		<BottomAnchorOffset>323</BottomAnchorOffset>
		<RightAnchorToLeft>false</RightAnchorToLeft>
		<LeftAnchorOffset>24</LeftAnchorOffset>
		<RightAnchorOffset>4</RightAnchorOffset>
	</Gauge>
	<Label item="ETW_HPLabel7">
		<ScreenID>ETW_HPLabel7</ScreenID>
		<RelativePosition>true</RelativePosition>
		<Text>100</Text>
		<TextColor>
			<R>255</R>
			<G>255</G>
			<B>255</B>
		</TextColor>
		<NoWrap>true</NoWrap>
		<AlignCenter>true</AlignCenter>
		<Font>2</Font>
		<EQType>158</EQType>
		<AutoStretch>true</AutoStretch>
		<TopAnchorOffset>308</TopAnchorOffset>
		<BottomAnchorOffset>320</BottomAnchorOffset>
		<RightAnchorToLeft>false</RightAnchorToLeft>
		<Style_Tooltip>false</Style_Tooltip>
	</Label>
	<Label item="ETW_HPPercLabel7">
		<ScreenID>ETW_HPPercLabel7</ScreenID>
		<RelativePosition>true</RelativePosition>
		<Text>%</Text>
		<TextColor>
			<R>255</R>
			<G>255</G>
			<B>255</B>
		</TextColor>
		<NoWrap>true</NoWrap>
		<AlignCenter>true</AlignCenter>
		<Font>2</Font>
		<AutoStretch>true</AutoStretch>
		<TopAnchorOffset>308</TopAnchorOffset>
		<BottomAnchorOffset>320</BottomAnchorOffset>
		<LeftAnchorOffset>28</LeftAnchorOffset>
		<RightAnchorToLeft>false</RightAnchorToLeft>
		<Style_Tooltip>false</Style_Tooltip>
	</Label>
	<Button item="ETW_Role7">
		<ScreenID>ETW_Role7</ScreenID>
		<RelativePosition>true</RelativePosition>
		<Style_Transparent>false</Style_Transparent>
		<Style_Checkbox>false</Style_Checkbox>
		<ButtonDrawTemplate>
		</ButtonDrawTemplate>
		<DecalSize>
			<CX>16</CX>
			<CY>16</CY>
		</DecalSize>
		<TopAnchorOffset>292</TopAnchorOffset>
		<BottomAnchorOffset>308</BottomAnchorOffset>
		<LeftAnchorOffset>1</LeftAnchorOffset>
		<RightAnchorOffset>19</RightAnchorOffset>
		<AutoStretch>true</AutoStretch>
		<LeftAnchorToLeft>true</LeftAnchorToLeft>
		<RightAnchorToLeft>true</RightAnchorToLeft>
	</Button>
 
	<Label item="ETW_AggroPct8">
		<ScreenID>ETW_AggroPct8</ScreenID>
		<RelativePosition>true</RelativePosition>
		<Font>2</Font>
		<Text>78</Text>
		<TextColor>
			<R>255</R>
			<G>255</G>
			<B>255</B>
		</TextColor>
		<EQType>322</EQType>
		<NoWrap>true</NoWrap>
		<AutoStretch>true</AutoStretch>
		<AlignLeft>true</AlignLeft>
		<TopAnchorOffset>354</TopAnchorOffset>
		<BottomAnchorOffset>366</BottomAnchorOffset>
		<RightAnchorToLeft>false</RightAnchorToLeft>
	</Label>
	<Gauge item="ETW_Gauge8">
		<ScreenID>ETW_Gauge8</ScreenID>
		<TextColor>
			<R>240</R>
			<G>240</G>
			<B>240</B>
		</TextColor>
		<RelativePosition>true</RelativePosition>
		<FillTint>
			<R>220</R>
			<G>0</G>
			<B>0</B>
		</FillTint>
		<EQType>50</EQType>
		<GaugeDrawTemplate>
			<Fill>A_GaugeFill</Fill>
			<EndCapLeft>A_GaugeEndCapLeft</EndCapLeft>
			<EndCapRight>A_GaugeEndCapRight</EndCapRight>
			<Background>A_GaugeBackground</Background>
		</GaugeDrawTemplate>
		<GaugeOffsetY>15</GaugeOffsetY>
		<AutoStretch>true</AutoStretch>
		<TopAnchorOffset>330</TopAnchorOffset>
		<BottomAnchorOffset>365</BottomAnchorOffset>
		<RightAnchorToLeft>false</RightAnchorToLeft>
		<LeftAnchorOffset>20</LeftAnchorOffset>
		<RightAnchorOffset>0</RightAnchorOffset>
	</Gauge>
	<Gauge item="ETW_ManaGauge8">
		<ScreenID>ETW_ManaGauge8</ScreenID>
		<TextOffsetY>-50</TextOffsetY>
		<GaugeOffsetY>-2</GaugeOffsetY>
		<RelativePosition>true</RelativePosition>
		<FillTint>
			<R>0</R>
			<G>128</G>
			<B>255</B>
		</FillTint>
		<EQType>70</EQType>
		<GaugeDrawTemplate>
			<Fill>A_GaugeFill</Fill>
		</GaugeDrawTemplate>
		<AutoStretch>true</AutoStretch>
		<TopAnchorOffset>356</TopAnchorOffset>
		<BottomAnchorOffset>364</BottomAnchorOffset>
		<RightAnchorToLeft>false</RightAnchorToLeft>
		<LeftAnchorOffset>24</LeftAnchorOffset>
		<RightAnchorOffset>4</RightAnchorOffset>
	</Gauge>
	<Gauge item="ETW_STAGauge8">
		<ScreenID>ETW_STAGauge8</ScreenID>
		<TextOffsetY>-50</TextOffsetY>
		<GaugeOffsetY>-2</GaugeOffsetY>
		<RelativePosition>true</RelativePosition>
		<FillTint>
			<R>240</R>
			<G>240</G>
			<B>0</B>
		</FillTint>
		<EQType>90</EQType>
		<GaugeDrawTemplate>
			<Fill>A_GaugeFill</Fill>
		</GaugeDrawTemplate>
		<AutoStretch>true</AutoStretch>
		<TopAnchorOffset>360</TopAnchorOffset>
		<BottomAnchorOffset>364</BottomAnchorOffset>
		<RightAnchorToLeft>false</RightAnchorToLeft>
		<LeftAnchorOffset>24</LeftAnchorOffset>
		<RightAnchorOffset>4</RightAnchorOffset>
	</Gauge>
	<Label item="ETW_HPLabel8">
		<ScreenID>ETW_HPLabel8</ScreenID>
		<RelativePosition>true</RelativePosition>
		<Text>100</Text>
		<TextColor>
			<R>255</R>
			<G>255</G>
			<B>255</B>
		</TextColor>
		<NoWrap>true</NoWrap>
		<AlignCenter>true</AlignCenter>
		<Font>2</Font>
		<EQType>159</EQType>
		<AutoStretch>true</AutoStretch>
		<TopAnchorOffset>349</TopAnchorOffset>
		<BottomAnchorOffset>361</BottomAnchorOffset>
		<RightAnchorToLeft>false</RightAnchorToLeft>
		<Style_Tooltip>false</Style_Tooltip>
	</Label>
	<Label item="ETW_HPPercLabel8">
		<ScreenID>ETW_HPPercLabel8</ScreenID>
		<RelativePosition>true</RelativePosition>
		<Text>%</Text>
		<TextColor>
			<R>255</R>
			<G>255</G>
			<B>255</B>
		</TextColor>
		<NoWrap>true</NoWrap>
		<AlignCenter>true</AlignCenter>
		<Font>2</Font>
		<AutoStretch>true</AutoStretch>
		<TopAnchorOffset>349</TopAnchorOffset>
		<BottomAnchorOffset>361</BottomAnchorOffset>
		<LeftAnchorOffset>28</LeftAnchorOffset>
		<RightAnchorToLeft>false</RightAnchorToLeft>
		<Style_Tooltip>false</Style_Tooltip>
	</Label>
	<Button item="ETW_Role8">
		<ScreenID>ETW_Role8</ScreenID>
		<RelativePosition>true</RelativePosition>
		<Style_Transparent>false</Style_Transparent>
		<Style_Checkbox>false</Style_Checkbox>
		<ButtonDrawTemplate>
		</ButtonDrawTemplate>
		<DecalSize>
			<CX>16</CX>
			<CY>16</CY>
		</DecalSize>
		<TopAnchorOffset>333</TopAnchorOffset>
		<BottomAnchorOffset>349</BottomAnchorOffset>
		<LeftAnchorOffset>1</LeftAnchorOffset>
		<RightAnchorOffset>19</RightAnchorOffset>
		<AutoStretch>true</AutoStretch>
		<LeftAnchorToLeft>true</LeftAnchorToLeft>
		<RightAnchorToLeft>true</RightAnchorToLeft>
	</Button>
 
	<Label item="ETW_AggroPct9">
		<ScreenID>ETW_AggroPct9</ScreenID>
		<RelativePosition>true</RelativePosition>
		<Font>2</Font>
		<Text>78</Text>
		<TextColor>
			<R>255</R>
			<G>255</G>
			<B>255</B>
		</TextColor>
		<EQType>323</EQType>
		<NoWrap>true</NoWrap>
		<AutoStretch>true</AutoStretch>
		<AlignLeft>true</AlignLeft>
		<TopAnchorOffset>395</TopAnchorOffset>
		<BottomAnchorOffset>407</BottomAnchorOffset>
		<RightAnchorToLeft>false</RightAnchorToLeft>
	</Label>
	<Gauge item="ETW_Gauge9">
		<ScreenID>ETW_Gauge9</ScreenID>
		<TextColor>
			<R>240</R>
			<G>240</G>
			<B>240</B>
		</TextColor>
		<RelativePosition>true</RelativePosition>
		<FillTint>
			<R>220</R>
			<G>0</G>
			<B>0</B>
		</FillTint>
		<EQType>51</EQType>
		<GaugeDrawTemplate>
			<Fill>A_GaugeFill</Fill>
			<EndCapLeft>A_GaugeEndCapLeft</EndCapLeft>
			<EndCapRight>A_GaugeEndCapRight</EndCapRight>
			<Background>A_GaugeBackground</Background>
		</GaugeDrawTemplate>
		<GaugeOffsetY>15</GaugeOffsetY>
		<AutoStretch>true</AutoStretch>
		<TopAnchorOffset>371</TopAnchorOffset>
		<BottomAnchorOffset>406</BottomAnchorOffset>
		<RightAnchorToLeft>false</RightAnchorToLeft>
		<LeftAnchorOffset>20</LeftAnchorOffset>
		<RightAnchorOffset>0</RightAnchorOffset>
	</Gauge>
	<Gauge item="ETW_ManaGauge9">
		<ScreenID>ETW_ManaGauge9</ScreenID>
		<TextOffsetY>-50</TextOffsetY>
		<GaugeOffsetY>-2</GaugeOffsetY>
		<RelativePosition>true</RelativePosition>
		<FillTint>
			<R>0</R>
			<G>128</G>
			<B>255</B>
		</FillTint>
		<EQType>71</EQType>
		<GaugeDrawTemplate>
			<Fill>A_GaugeFill</Fill>
		</GaugeDrawTemplate>
		<AutoStretch>true</AutoStretch>
		<TopAnchorOffset>397</TopAnchorOffset>
		<BottomAnchorOffset>405</BottomAnchorOffset>
		<RightAnchorToLeft>false</RightAnchorToLeft>
		<LeftAnchorOffset>24</LeftAnchorOffset>
		<RightAnchorOffset>4</RightAnchorOffset>
	</Gauge>
	<Gauge item="ETW_STAGauge9">
		<ScreenID>ETW_STAGauge9</ScreenID>
		<TextOffsetY>-50</TextOffsetY>
		<GaugeOffsetY>-2</GaugeOffsetY>
		<RelativePosition>true</RelativePosition>
		<FillTint>
			<R>240</R>
			<G>240</G>
			<B>0</B>
		</FillTint>
		<EQType>91</EQType>
		<GaugeDrawTemplate>
			<Fill>A_GaugeFill</Fill>
		</GaugeDrawTemplate>
		<AutoStretch>true</AutoStretch>
		<TopAnchorOffset>401</TopAnchorOffset>
		<BottomAnchorOffset>405</BottomAnchorOffset>
		<RightAnchorToLeft>false</RightAnchorToLeft>
		<LeftAnchorOffset>24</LeftAnchorOffset>
		<RightAnchorOffset>4</RightAnchorOffset>
	</Gauge>
	<Label item="ETW_HPLabel9">
		<ScreenID>ETW_HPLabel9</ScreenID>
		<RelativePosition>true</RelativePosition>
		<Text>100</Text>
		<TextColor>
			<R>255</R>
			<G>255</G>
			<B>255</B>
		</TextColor>
		<NoWrap>true</NoWrap>
		<AlignCenter>true</AlignCenter>
		<Font>2</Font>
		<EQType>160</EQType>
		<AutoStretch>true</AutoStretch>
		<TopAnchorOffset>390</TopAnchorOffset>
		<BottomAnchorOffset>402</BottomAnchorOffset>
		<RightAnchorToLeft>false</RightAnchorToLeft>
		<Style_Tooltip>false</Style_Tooltip>
	</Label>
	<Label item="ETW_HPPercLabel9">
		<ScreenID>ETW_HPPercLabel9</ScreenID>
		<RelativePosition>true</RelativePosition>
		<Text>%</Text>
		<TextColor>
			<R>255</R>
			<G>255</G>
			<B>255</B>
		</TextColor>
		<NoWrap>true</NoWrap>
		<AlignCenter>true</AlignCenter>
		<Font>2</Font>
		<AutoStretch>true</AutoStretch>
		<TopAnchorOffset>390</TopAnchorOffset>
		<BottomAnchorOffset>402</BottomAnchorOffset>
		<LeftAnchorOffset>28</LeftAnchorOffset>
		<RightAnchorToLeft>false</RightAnchorToLeft>
		<Style_Tooltip>false</Style_Tooltip>
	</Label>
	<Button item="ETW_Role9">
		<ScreenID>ETW_Role9</ScreenID>
		<RelativePosition>true</RelativePosition>
		<Style_Transparent>false</Style_Transparent>
		<Style_Checkbox>false</Style_Checkbox>
		<ButtonDrawTemplate>
		</ButtonDrawTemplate>
		<DecalSize>
			<CX>16</CX>
			<CY>16</CY>
		</DecalSize>
		<TopAnchorOffset>374</TopAnchorOffset>
		<BottomAnchorOffset>390</BottomAnchorOffset>
		<LeftAnchorOffset>1</LeftAnchorOffset>
		<RightAnchorOffset>19</RightAnchorOffset>
		<AutoStretch>true</AutoStretch>
		<LeftAnchorToLeft>true</LeftAnchorToLeft>
		<RightAnchorToLeft>true</RightAnchorToLeft>
	</Button>

	<Label item="ETW_AggroPct10">
		<ScreenID>ETW_AggroPct10</ScreenID>
		<RelativePosition>true</RelativePosition>
		<Font>2</Font>
		<Text>78</Text>
		<TextColor>
			<R>255</R>
			<G>255</G>
			<B>255</B>
		</TextColor>
		<EQType>324</EQType>
		<NoWrap>true</NoWrap>
		<AutoStretch>true</AutoStretch>
		<AlignLeft>true</AlignLeft>
		<TopAnchorOffset>436</TopAnchorOffset>
		<BottomAnchorOffset>448</BottomAnchorOffset>
		<RightAnchorToLeft>false</RightAnchorToLeft>
	</Label>
	<Gauge item="ETW_Gauge10">
		<ScreenID>ETW_Gauge10</ScreenID>
		<TextColor>
			<R>240</R>
			<G>240</G>
			<B>240</B>
		</TextColor>
		<RelativePosition>true</RelativePosition>
		<FillTint>
			<R>220</R>
			<G>0</G>
			<B>0</B>
		</FillTint>
		<EQType>52</EQType>
		<GaugeDrawTemplate>
			<Fill>A_GaugeFill</Fill>
			<EndCapLeft>A_GaugeEndCapLeft</EndCapLeft>
			<EndCapRight>A_GaugeEndCapRight</EndCapRight>
			<Background>A_GaugeBackground</Background>
		</GaugeDrawTemplate>
		<GaugeOffsetY>15</GaugeOffsetY>
		<AutoStretch>true</AutoStretch>
		<TopAnchorOffset>412</TopAnchorOffset>
		<BottomAnchorOffset>447</BottomAnchorOffset>
		<RightAnchorToLeft>false</RightAnchorToLeft>
		<LeftAnchorOffset>20</LeftAnchorOffset>
		<RightAnchorOffset>0</RightAnchorOffset>
	</Gauge>
	<Gauge item="ETW_ManaGauge10">
		<ScreenID>ETW_ManaGauge10</ScreenID>
		<TextOffsetY>-50</TextOffsetY>
		<GaugeOffsetY>-2</GaugeOffsetY>
		<RelativePosition>true</RelativePosition>
		<FillTint>
			<R>0</R>
			<G>128</G>
			<B>255</B>
		</FillTint>
		<EQType>72</EQType>
		<GaugeDrawTemplate>
			<Fill>A_GaugeFill</Fill>
		</GaugeDrawTemplate>
		<AutoStretch>true</AutoStretch>
		<TopAnchorOffset>438</TopAnchorOffset>
		<BottomAnchorOffset>446</BottomAnchorOffset>
		<RightAnchorToLeft>false</RightAnchorToLeft>
		<LeftAnchorOffset>24</LeftAnchorOffset>
		<RightAnchorOffset>4</RightAnchorOffset>
	</Gauge>
	<Gauge item="ETW_STAGauge10">
		<ScreenID>ETW_STAGauge10</ScreenID>
		<TextOffsetY>-50</TextOffsetY>
		<GaugeOffsetY>-2</GaugeOffsetY>
		<RelativePosition>true</RelativePosition>
		<FillTint>
			<R>240</R>
			<G>240</G>
			<B>0</B>
		</FillTint>
		<EQType>92</EQType>
		<GaugeDrawTemplate>
			<Fill>A_GaugeFill</Fill>
		</GaugeDrawTemplate>
		<AutoStretch>true</AutoStretch>
		<TopAnchorOffset>442</TopAnchorOffset>
		<BottomAnchorOffset>446</BottomAnchorOffset>
		<RightAnchorToLeft>false</RightAnchorToLeft>
		<LeftAnchorOffset>24</LeftAnchorOffset>
		<RightAnchorOffset>4</RightAnchorOffset>
	</Gauge>
	<Label item="ETW_HPLabel10">
		<ScreenID>ETW_HPLabel10</ScreenID>
		<RelativePosition>true</RelativePosition>
		<Text>100</Text>
		<TextColor>
			<R>255</R>
			<G>255</G>
			<B>255</B>
		</TextColor>
		<NoWrap>true</NoWrap>
		<AlignCenter>true</AlignCenter>
		<Font>2</Font>
		<EQType>161</EQType>
		<AutoStretch>true</AutoStretch>
		<TopAnchorOffset>431</TopAnchorOffset>
		<BottomAnchorOffset>443</BottomAnchorOffset>
		<RightAnchorToLeft>false</RightAnchorToLeft>
		<Style_Tooltip>false</Style_Tooltip>
	</Label>
	<Label item="ETW_HPPercLabel10">
		<ScreenID>ETW_HPPercLabel10</ScreenID>
		<RelativePosition>true</RelativePosition>
		<Text>%</Text>
		<TextColor>
			<R>255</R>
			<G>255</G>
			<B>255</B>
		</TextColor>
		<NoWrap>true</NoWrap>
		<AlignCenter>true</AlignCenter>
		<Font>2</Font>
		<AutoStretch>true</AutoStretch>
		<TopAnchorOffset>431</TopAnchorOffset>
		<BottomAnchorOffset>443</BottomAnchorOffset>
		<LeftAnchorOffset>28</LeftAnchorOffset>
		<RightAnchorToLeft>false</RightAnchorToLeft>
		<Style_Tooltip>false</Style_Tooltip>
	</Label>
	<Button item="ETW_Role10">
		<ScreenID>ETW_Role10</ScreenID>
		<RelativePosition>true</RelativePosition>
		<Style_Transparent>false</Style_Transparent>
		<Style_Checkbox>false</Style_Checkbox>
		<ButtonDrawTemplate>
		</ButtonDrawTemplate>
		<DecalSize>
			<CX>16</CX>
			<CY>16</CY>
		</DecalSize>
		<TopAnchorOffset>415</TopAnchorOffset>
		<BottomAnchorOffset>431</BottomAnchorOffset>
		<LeftAnchorOffset>1</LeftAnchorOffset>
		<RightAnchorOffset>19</RightAnchorOffset>
		<AutoStretch>true</AutoStretch>
		<LeftAnchorToLeft>true</LeftAnchorToLeft>
		<RightAnchorToLeft>true</RightAnchorToLeft>
	</Button>
 
	<Label item="ETW_AggroPct11">
		<ScreenID>ETW_AggroPct11</ScreenID>
		<RelativePosition>true</RelativePosition>
		<Font>2</Font>
		<Text>78</Text>
		<TextColor>
			<R>255</R>
			<G>255</G>
			<B>255</B>
		</TextColor>
		<EQType>325</EQType>
		<NoWrap>true</NoWrap>
		<AutoStretch>true</AutoStretch>
		<AlignLeft>true</AlignLeft>
		<TopAnchorOffset>477</TopAnchorOffset>
		<BottomAnchorOffset>489</BottomAnchorOffset>
		<RightAnchorToLeft>false</RightAnchorToLeft>
	</Label> 
	<Gauge item="ETW_Gauge11">
		<ScreenID>ETW_Gauge11</ScreenID>
		<TextColor>
			<R>240</R>
			<G>240</G>
			<B>240</B>
		</TextColor>
		<RelativePosition>true</RelativePosition>
		<FillTint>
			<R>220</R>
			<G>0</G>
			<B>0</B>
		</FillTint>
		<EQType>53</EQType>
		<GaugeDrawTemplate>
			<Fill>A_GaugeFill</Fill>
			<EndCapLeft>A_GaugeEndCapLeft</EndCapLeft>
			<EndCapRight>A_GaugeEndCapRight</EndCapRight>
			<Background>A_GaugeBackground</Background>
		</GaugeDrawTemplate>
		<GaugeOffsetY>15</GaugeOffsetY>
		<AutoStretch>true</AutoStretch>
		<TopAnchorOffset>453</TopAnchorOffset>
		<BottomAnchorOffset>488</BottomAnchorOffset>
		<RightAnchorToLeft>false</RightAnchorToLeft>
		<LeftAnchorOffset>20</LeftAnchorOffset>
		<RightAnchorOffset>0</RightAnchorOffset>
	</Gauge>
	<Gauge item="ETW_ManaGauge11">
		<ScreenID>ETW_ManaGauge11</ScreenID>
		<TextOffsetY>-50</TextOffsetY>
		<GaugeOffsetY>-2</GaugeOffsetY>
		<RelativePosition>true</RelativePosition>
		<FillTint>
			<R>0</R>
			<G>128</G>
			<B>255</B>
		</FillTint>
		<EQType>73</EQType>
		<GaugeDrawTemplate>
			<Fill>A_GaugeFill</Fill>
		</GaugeDrawTemplate>
		<AutoStretch>true</AutoStretch>
		<TopAnchorOffset>479</TopAnchorOffset>
		<BottomAnchorOffset>487</BottomAnchorOffset>
		<RightAnchorToLeft>false</RightAnchorToLeft>
		<LeftAnchorOffset>24</LeftAnchorOffset>
		<RightAnchorOffset>4</RightAnchorOffset>
	</Gauge>
	<Gauge item="ETW_STAGauge11">
		<ScreenID>ETW_STAGauge11</ScreenID>
		<TextOffsetY>-50</TextOffsetY>
		<GaugeOffsetY>-2</GaugeOffsetY>
		<RelativePosition>true</RelativePosition>
		<FillTint>
			<R>240</R>
			<G>240</G>
			<B>0</B>
		</FillTint>
		<EQType>93</EQType>
		<GaugeDrawTemplate>
			<Fill>A_GaugeFill</Fill>
		</GaugeDrawTemplate>
		<AutoStretch>true</AutoStretch>
		<TopAnchorOffset>483</TopAnchorOffset>
		<BottomAnchorOffset>487</BottomAnchorOffset>
		<RightAnchorToLeft>false</RightAnchorToLeft>
		<LeftAnchorOffset>24</LeftAnchorOffset>
		<RightAnchorOffset>4</RightAnchorOffset>
	</Gauge>
	<Label item="ETW_HPLabel11">
		<ScreenID>ETW_HPLabel11</ScreenID>
		<RelativePosition>true</RelativePosition>
		<Text>100</Text>
		<TextColor>
			<R>255</R>
			<G>255</G>
			<B>255</B>
		</TextColor>
		<NoWrap>true</NoWrap>
		<AlignCenter>true</AlignCenter>
		<Font>2</Font>
		<EQType>162</EQType>
		<AutoStretch>true</AutoStretch>
		<TopAnchorOffset>472</TopAnchorOffset>
		<BottomAnchorOffset>484</BottomAnchorOffset>
		<RightAnchorToLeft>false</RightAnchorToLeft>
		<Style_Tooltip>false</Style_Tooltip>
	</Label>
	<Label item="ETW_HPPercLabel11">
		<ScreenID>ETW_HPPercLabel11</ScreenID>
		<RelativePosition>true</RelativePosition>
		<Text>%</Text>
		<TextColor>
			<R>255</R>
			<G>255</G>
			<B>255</B>
		</TextColor>
		<NoWrap>true</NoWrap>
		<AlignCenter>true</AlignCenter>
		<Font>2</Font>
		<AutoStretch>true</AutoStretch>
		<TopAnchorOffset>472</TopAnchorOffset>
		<BottomAnchorOffset>484</BottomAnchorOffset>
		<LeftAnchorOffset>28</LeftAnchorOffset>
		<RightAnchorToLeft>false</RightAnchorToLeft>
		<Style_Tooltip>false</Style_Tooltip>
	</Label>
	<Button item="ETW_Role11">
		<ScreenID>ETW_Role11</ScreenID>
		<RelativePosition>true</RelativePosition>
		<Style_Transparent>false</Style_Transparent>
		<Style_Checkbox>false</Style_Checkbox>
		<ButtonDrawTemplate>
		</ButtonDrawTemplate>
		<DecalSize>
			<CX>16</CX>
			<CY>16</CY>
		</DecalSize>
		<TopAnchorOffset>456</TopAnchorOffset>
		<BottomAnchorOffset>472</BottomAnchorOffset>
		<LeftAnchorOffset>1</LeftAnchorOffset>
		<RightAnchorOffset>19</RightAnchorOffset>
		<AutoStretch>true</AutoStretch>
		<LeftAnchorToLeft>true</LeftAnchorToLeft>
		<RightAnchorToLeft>true</RightAnchorToLeft>
	</Button>
 
	<Label item="ETW_AggroPct12">
		<ScreenID>ETW_AggroPct12</ScreenID>
		<RelativePosition>true</RelativePosition>
		<Font>2</Font>
		<Text>78</Text>
		<TextColor>
			<R>255</R>
			<G>255</G>
			<B>255</B>
		</TextColor>
		<EQType>326</EQType>
		<NoWrap>true</NoWrap>
		<AutoStretch>true</AutoStretch>
		<AlignLeft>true</AlignLeft>
		<TopAnchorOffset>518</TopAnchorOffset>
		<BottomAnchorOffset>530</BottomAnchorOffset>
		<RightAnchorToLeft>false</RightAnchorToLeft>
	</Label> 
	<Gauge item="ETW_Gauge12">
		<ScreenID>ETW_Gauge12</ScreenID>
		<TextColor>
			<R>240</R>
			<G>240</G>
			<B>240</B>
		</TextColor>
		<RelativePosition>true</RelativePosition>
		<FillTint>
			<R>220</R>
			<G>0</G>
			<B>0</B>
		</FillTint>
		<EQType>54</EQType>
		<GaugeDrawTemplate>
			<Fill>A_GaugeFill</Fill>
			<EndCapLeft>A_GaugeEndCapLeft</EndCapLeft>
			<EndCapRight>A_GaugeEndCapRight</EndCapRight>
			<Background>A_GaugeBackground</Background>
		</GaugeDrawTemplate>
		<GaugeOffsetY>15</GaugeOffsetY>
		<AutoStretch>true</AutoStretch>
		<TopAnchorOffset>494</TopAnchorOffset>
		<BottomAnchorOffset>529</BottomAnchorOffset>
		<RightAnchorToLeft>false</RightAnchorToLeft>
		<LeftAnchorOffset>20</LeftAnchorOffset>
		<RightAnchorOffset>0</RightAnchorOffset>
	</Gauge>
	<Gauge item="ETW_ManaGauge12">
		<ScreenID>ETW_ManaGauge12</ScreenID>
		<TextOffsetY>-50</TextOffsetY>
		<GaugeOffsetY>-2</GaugeOffsetY>
		<RelativePosition>true</RelativePosition>
		<FillTint>
			<R>0</R>
			<G>128</G>
			<B>255</B>
		</FillTint>
		<EQType>74</EQType>
		<GaugeDrawTemplate>
			<Fill>A_GaugeFill</Fill>
		</GaugeDrawTemplate>
		<AutoStretch>true</AutoStretch>
		<TopAnchorOffset>520</TopAnchorOffset>
		<BottomAnchorOffset>528</BottomAnchorOffset>
		<RightAnchorToLeft>false</RightAnchorToLeft>
		<LeftAnchorOffset>24</LeftAnchorOffset>
		<RightAnchorOffset>4</RightAnchorOffset>
	</Gauge>
	<Gauge item="ETW_STAGauge12">
		<ScreenID>ETW_STAGauge12</ScreenID>
		<TextOffsetY>-50</TextOffsetY>
		<GaugeOffsetY>-2</GaugeOffsetY>
		<RelativePosition>true</RelativePosition>
		<FillTint>
			<R>240</R>
			<G>240</G>
			<B>0</B>
		</FillTint>
		<EQType>94</EQType>
		<GaugeDrawTemplate>
			<Fill>A_GaugeFill</Fill>
		</GaugeDrawTemplate>
		<AutoStretch>true</AutoStretch>
		<TopAnchorOffset>524</TopAnchorOffset>
		<BottomAnchorOffset>528</BottomAnchorOffset>
		<RightAnchorToLeft>false</RightAnchorToLeft>
		<LeftAnchorOffset>24</LeftAnchorOffset>
		<RightAnchorOffset>4</RightAnchorOffset>
	</Gauge>
	<Label item="ETW_HPLabel12">
		<ScreenID>ETW_HPLabel12</ScreenID>
		<RelativePosition>true</RelativePosition>
		<Text>100</Text>
		<TextColor>
			<R>255</R>
			<G>255</G>
			<B>255</B>
		</TextColor>
		<NoWrap>true</NoWrap>
		<AlignCenter>true</AlignCenter>
		<Font>2</Font>
		<EQType>163</EQType>
		<AutoStretch>true</AutoStretch>
		<TopAnchorOffset>513</TopAnchorOffset>
		<BottomAnchorOffset>525</BottomAnchorOffset>
		<RightAnchorToLeft>false</RightAnchorToLeft>
		<Style_Tooltip>false</Style_Tooltip>
	</Label>
	<Label item="ETW_HPPercLabel12">
		<ScreenID>ETW_HPPercLabel12</ScreenID>
		<RelativePosition>true</RelativePosition>
		<Text>%</Text>
		<TextColor>
			<R>255</R>
			<G>255</G>
			<B>255</B>
		</TextColor>
		<NoWrap>true</NoWrap>
		<AlignCenter>true</AlignCenter>
		<Font>2</Font>
		<AutoStretch>true</AutoStretch>
		<TopAnchorOffset>513</TopAnchorOffset>
		<BottomAnchorOffset>525</BottomAnchorOffset>
		<LeftAnchorOffset>28</LeftAnchorOffset>
		<RightAnchorToLeft>false</RightAnchorToLeft>
		<Style_Tooltip>false</Style_Tooltip>
	</Label>
	<Button item="ETW_Role12">
		<ScreenID>ETW_Role12</ScreenID>
		<RelativePosition>true</RelativePosition>
		<Style_Transparent>false</Style_Transparent>
		<Style_Checkbox>false</Style_Checkbox>
		<ButtonDrawTemplate>
		</ButtonDrawTemplate>
		<DecalSize>
			<CX>16</CX>
			<CY>16</CY>
		</DecalSize>
		<TopAnchorOffset>497</TopAnchorOffset>
		<BottomAnchorOffset>513</BottomAnchorOffset>
		<LeftAnchorOffset>1</LeftAnchorOffset>
		<RightAnchorOffset>19</RightAnchorOffset>
		<AutoStretch>true</AutoStretch>
		<LeftAnchorToLeft>true</LeftAnchorToLeft>
		<RightAnchorToLeft>true</RightAnchorToLeft>
	</Button>
 
	<Label item="ETW_AggroPct13">
		<ScreenID>ETW_AggroPct13</ScreenID>
		<RelativePosition>true</RelativePosition>
		<Font>2</Font>
		<Text>78</Text>
		<TextColor>
			<R>255</R>
			<G>255</G>
			<B>255</B>
		</TextColor>
		<EQType>327</EQType>
		<NoWrap>true</NoWrap>
		<AutoStretch>true</AutoStretch>
		<AlignLeft>true</AlignLeft>
		<TopAnchorOffset>559</TopAnchorOffset>
		<BottomAnchorOffset>571</BottomAnchorOffset>
		<RightAnchorToLeft>false</RightAnchorToLeft>
	</Label> 
	<Gauge item="ETW_Gauge13">
		<ScreenID>ETW_Gauge13</ScreenID>
		<TextColor>
			<R>240</R>
			<G>240</G>
			<B>240</B>
		</TextColor>
		<RelativePosition>true</RelativePosition>
		<FillTint>
			<R>220</R>
			<G>0</G>
			<B>0</B>
		</FillTint>
		<EQType>55</EQType>
		<GaugeDrawTemplate>
			<Fill>A_GaugeFill</Fill>
			<EndCapLeft>A_GaugeEndCapLeft</EndCapLeft>
			<EndCapRight>A_GaugeEndCapRight</EndCapRight>
			<Background>A_GaugeBackground</Background>
		</GaugeDrawTemplate>
		<GaugeOffsetY>15</GaugeOffsetY>
		<AutoStretch>true</AutoStretch>
		<TopAnchorOffset>535</TopAnchorOffset>
		<BottomAnchorOffset>570</BottomAnchorOffset>
		<RightAnchorToLeft>false</RightAnchorToLeft>
		<LeftAnchorOffset>20</LeftAnchorOffset>
		<RightAnchorOffset>0</RightAnchorOffset>
	</Gauge>
	<Gauge item="ETW_ManaGauge13">
		<ScreenID>ETW_ManaGauge13</ScreenID>
		<TextOffsetY>-50</TextOffsetY>
		<GaugeOffsetY>-2</GaugeOffsetY>
		<RelativePosition>true</RelativePosition>
		<FillTint>
			<R>0</R>
			<G>128</G>
			<B>255</B>
		</FillTint>
		<EQType>75</EQType>
		<GaugeDrawTemplate>
			<Fill>A_GaugeFill</Fill>
		</GaugeDrawTemplate>
		<AutoStretch>true</AutoStretch>
		<TopAnchorOffset>561</TopAnchorOffset>
		<BottomAnchorOffset>569</BottomAnchorOffset>
		<RightAnchorToLeft>false</RightAnchorToLeft>
		<LeftAnchorOffset>24</LeftAnchorOffset>
		<RightAnchorOffset>4</RightAnchorOffset>
	</Gauge>
	<Gauge item="ETW_STAGauge13">
		<ScreenID>ETW_STAGauge13</ScreenID>
		<TextOffsetY>-50</TextOffsetY>
		<GaugeOffsetY>-2</GaugeOffsetY>
		<RelativePosition>true</RelativePosition>
		<FillTint>
			<R>240</R>
			<G>240</G>
			<B>0</B>
		</FillTint>
		<EQType>95</EQType>
		<GaugeDrawTemplate>
			<Fill>A_GaugeFill</Fill>
		</GaugeDrawTemplate>
		<AutoStretch>true</AutoStretch>
		<TopAnchorOffset>565</TopAnchorOffset>
		<BottomAnchorOffset>569</BottomAnchorOffset>
		<RightAnchorToLeft>false</RightAnchorToLeft>
		<LeftAnchorOffset>24</LeftAnchorOffset>
		<RightAnchorOffset>4</RightAnchorOffset>
	</Gauge>
	<Label item="ETW_HPLabel13">
		<ScreenID>ETW_HPLabel13</ScreenID>
		<RelativePosition>true</RelativePosition>
		<Text>100</Text>
		<TextColor>
			<R>255</R>
			<G>255</G>
			<B>255</B>
		</TextColor>
		<NoWrap>true</NoWrap>
		<AlignCenter>true</AlignCenter>
		<Font>2</Font>
		<EQType>164</EQType>
		<AutoStretch>true</AutoStretch>
		<TopAnchorOffset>554</TopAnchorOffset>
		<BottomAnchorOffset>566</BottomAnchorOffset>
		<RightAnchorToLeft>false</RightAnchorToLeft>
		<Style_Tooltip>false</Style_Tooltip>
	</Label>
	<Label item="ETW_HPPercLabel13">
		<ScreenID>ETW_HPPercLabel13</ScreenID>
		<RelativePosition>true</RelativePosition>
		<Text>%</Text>
		<TextColor>
			<R>255</R>
			<G>255</G>
			<B>255</B>
		</TextColor>
		<NoWrap>true</NoWrap>
		<AlignCenter>true</AlignCenter>
		<Font>2</Font>
		<AutoStretch>true</AutoStretch>
		<TopAnchorOffset>554</TopAnchorOffset>
		<BottomAnchorOffset>566</BottomAnchorOffset>
		<LeftAnchorOffset>28</LeftAnchorOffset>
		<RightAnchorToLeft>false</RightAnchorToLeft>
		<Style_Tooltip>false</Style_Tooltip>
	</Label>
	<Button item="ETW_Role13">
		<ScreenID>ETW_Role13</ScreenID>
		<RelativePosition>true</RelativePosition>
		<Style_Transparent>false</Style_Transparent>
		<Style_Checkbox>false</Style_Checkbox>
		<ButtonDrawTemplate>
		</ButtonDrawTemplate>
		<DecalSize>
			<CX>16</CX>
			<CY>16</CY>
		</DecalSize>
		<TopAnchorOffset>538</TopAnchorOffset>
		<BottomAnchorOffset>554</BottomAnchorOffset>
		<LeftAnchorOffset>1</LeftAnchorOffset>
		<RightAnchorOffset>19</RightAnchorOffset>
		<AutoStretch>true</AutoStretch>
		<LeftAnchorToLeft>true</LeftAnchorToLeft>
		<RightAnchorToLeft>true</RightAnchorToLeft>
	</Button>

	<Label item="ETW_AggroPct14">
		<ScreenID>ETW_AggroPct14</ScreenID>
		<RelativePosition>true</RelativePosition>
		<Font>2</Font>
		<Text>78</Text>
		<TextColor>
			<R>255</R>
			<G>255</G>
			<B>255</B>
		</TextColor>
		<EQType>328</EQType>
		<NoWrap>true</NoWrap>
		<AutoStretch>true</AutoStretch>
		<AlignLeft>true</AlignLeft>
		<TopAnchorOffset>600</TopAnchorOffset>
		<BottomAnchorOffset>612</BottomAnchorOffset>
		<RightAnchorToLeft>false</RightAnchorToLeft>
	</Label>
	<Gauge item="ETW_Gauge14">
		<ScreenID>ETW_Gauge14</ScreenID>
		<TextColor>
			<R>240</R>
			<G>240</G>
			<B>240</B>
		</TextColor>
		<RelativePosition>true</RelativePosition>
		<FillTint>
			<R>220</R>
			<G>0</G>
			<B>0</B>
		</FillTint>
		<EQType>56</EQType>
		<GaugeDrawTemplate>
			<Fill>A_GaugeFill</Fill>
			<EndCapLeft>A_GaugeEndCapLeft</EndCapLeft>
			<EndCapRight>A_GaugeEndCapRight</EndCapRight>
			<Background>A_GaugeBackground</Background>
		</GaugeDrawTemplate>
		<GaugeOffsetY>15</GaugeOffsetY>
		<AutoStretch>true</AutoStretch>
		<TopAnchorOffset>576</TopAnchorOffset>
		<BottomAnchorOffset>611</BottomAnchorOffset>
		<RightAnchorToLeft>false</RightAnchorToLeft>
		<LeftAnchorOffset>20</LeftAnchorOffset>
		<RightAnchorOffset>0</RightAnchorOffset>
	</Gauge>
	<Gauge item="ETW_ManaGauge14">
		<ScreenID>ETW_ManaGauge14</ScreenID>
		<TextOffsetY>-50</TextOffsetY>
		<GaugeOffsetY>-2</GaugeOffsetY>
		<RelativePosition>true</RelativePosition>
		<FillTint>
			<R>0</R>
			<G>128</G>
			<B>255</B>
		</FillTint>
		<EQType>76</EQType>
		<GaugeDrawTemplate>
			<Fill>A_GaugeFill</Fill>
		</GaugeDrawTemplate>
		<AutoStretch>true</AutoStretch>
		<TopAnchorOffset>602</TopAnchorOffset>
		<BottomAnchorOffset>610</BottomAnchorOffset>
		<RightAnchorToLeft>false</RightAnchorToLeft>
		<LeftAnchorOffset>24</LeftAnchorOffset>
		<RightAnchorOffset>4</RightAnchorOffset>
	</Gauge>
	<Gauge item="ETW_STAGauge14">
		<ScreenID>ETW_STAGauge14</ScreenID>
		<TextOffsetY>-50</TextOffsetY>
		<GaugeOffsetY>-2</GaugeOffsetY>
		<RelativePosition>true</RelativePosition>
		<FillTint>
			<R>240</R>
			<G>240</G>
			<B>0</B>
		</FillTint>
		<EQType>96</EQType>
		<GaugeDrawTemplate>
			<Fill>A_GaugeFill</Fill>
		</GaugeDrawTemplate>
		<AutoStretch>true</AutoStretch>
		<TopAnchorOffset>606</TopAnchorOffset>
		<BottomAnchorOffset>610</BottomAnchorOffset>
		<RightAnchorToLeft>false</RightAnchorToLeft>
		<LeftAnchorOffset>24</LeftAnchorOffset>
		<RightAnchorOffset>4</RightAnchorOffset>
	</Gauge>
	<Label item="ETW_HPLabel14">
		<ScreenID>ETW_HPLabel14</ScreenID>
		<RelativePosition>true</RelativePosition>
		<Text>100</Text>
		<TextColor>
			<R>255</R>
			<G>255</G>
			<B>255</B>
		</TextColor>
		<NoWrap>true</NoWrap>
		<AlignCenter>true</AlignCenter>
		<Font>2</Font>
		<EQType>165</EQType>
		<AutoStretch>true</AutoStretch>
		<TopAnchorOffset>595</TopAnchorOffset>
		<BottomAnchorOffset>607</BottomAnchorOffset>
		<RightAnchorToLeft>false</RightAnchorToLeft>
		<Style_Tooltip>false</Style_Tooltip>
	</Label>
	<Label item="ETW_HPPercLabel14">
		<ScreenID>ETW_HPPercLabel14</ScreenID>
		<RelativePosition>true</RelativePosition>
		<Text>%</Text>
		<TextColor>
			<R>255</R>
			<G>255</G>
			<B>255</B>
		</TextColor>
		<NoWrap>true</NoWrap>
		<AlignCenter>true</AlignCenter>
		<Font>2</Font>
		<AutoStretch>true</AutoStretch>
		<TopAnchorOffset>595</TopAnchorOffset>
		<BottomAnchorOffset>607</BottomAnchorOffset>
		<LeftAnchorOffset>28</LeftAnchorOffset>
		<RightAnchorToLeft>false</RightAnchorToLeft>
		<Style_Tooltip>false</Style_Tooltip>
	</Label>
	<Button item="ETW_Role14">
		<ScreenID>ETW_Role14</ScreenID>
		<RelativePosition>true</RelativePosition>
		<Style_Transparent>false</Style_Transparent>
		<Style_Checkbox>false</Style_Checkbox>
		<ButtonDrawTemplate>
		</ButtonDrawTemplate>
		<DecalSize>
			<CX>16</CX>
			<CY>16</CY>
		</DecalSize>
		<TopAnchorOffset>579</TopAnchorOffset>
		<BottomAnchorOffset>595</BottomAnchorOffset>
		<LeftAnchorOffset>1</LeftAnchorOffset>
		<RightAnchorOffset>19</RightAnchorOffset>
		<AutoStretch>true</AutoStretch>
		<LeftAnchorToLeft>true</LeftAnchorToLeft>
		<RightAnchorToLeft>true</RightAnchorToLeft>
	</Button>
 
	<Label item="ETW_AggroPct15">
		<ScreenID>ETW_AggroPct15</ScreenID>
		<RelativePosition>true</RelativePosition>
		<Font>2</Font>
		<Text>78</Text>
		<TextColor>
			<R>255</R>
			<G>255</G>
			<B>255</B>
		</TextColor>
		<EQType>329</EQType>
		<NoWrap>true</NoWrap>
		<AutoStretch>true</AutoStretch>
		<AlignLeft>true</AlignLeft>
		<TopAnchorOffset>641</TopAnchorOffset>
		<BottomAnchorOffset>653</BottomAnchorOffset>
		<RightAnchorToLeft>false</RightAnchorToLeft>
	</Label>
	<Gauge item="ETW_Gauge15">
		<ScreenID>ETW_Gauge15</ScreenID>
		<TextColor>
			<R>240</R>
			<G>240</G>
			<B>240</B>
		</TextColor>
		<RelativePosition>true</RelativePosition>
		<FillTint>
			<R>220</R>
			<G>0</G>
			<B>0</B>
		</FillTint>
		<EQType>57</EQType>
		<GaugeDrawTemplate>
			<Fill>A_GaugeFill</Fill>
			<EndCapLeft>A_GaugeEndCapLeft</EndCapLeft>
			<EndCapRight>A_GaugeEndCapRight</EndCapRight>
			<Background>A_GaugeBackground</Background>
		</GaugeDrawTemplate>
		<GaugeOffsetY>15</GaugeOffsetY>
		<AutoStretch>true</AutoStretch>
		<TopAnchorOffset>617</TopAnchorOffset>
		<BottomAnchorOffset>652</BottomAnchorOffset>
		<RightAnchorToLeft>false</RightAnchorToLeft>
		<LeftAnchorOffset>20</LeftAnchorOffset>
		<RightAnchorOffset>0</RightAnchorOffset>
	</Gauge>
	<Gauge item="ETW_ManaGauge15">
		<ScreenID>ETW_ManaGauge15</ScreenID>
		<TextOffsetY>-50</TextOffsetY>
		<GaugeOffsetY>-2</GaugeOffsetY>
		<RelativePosition>true</RelativePosition>
		<FillTint>
			<R>0</R>
			<G>128</G>
			<B>255</B>
		</FillTint>
		<EQType>77</EQType>
		<GaugeDrawTemplate>
			<Fill>A_GaugeFill</Fill>
		</GaugeDrawTemplate>
		<AutoStretch>true</AutoStretch>
		<TopAnchorOffset>643</TopAnchorOffset>
		<BottomAnchorOffset>651</BottomAnchorOffset>
		<RightAnchorToLeft>false</RightAnchorToLeft>
		<LeftAnchorOffset>24</LeftAnchorOffset>
		<RightAnchorOffset>4</RightAnchorOffset>
	</Gauge>
	<Gauge item="ETW_STAGauge15">
		<ScreenID>ETW_STAGauge15</ScreenID>
		<TextOffsetY>-50</TextOffsetY>
		<GaugeOffsetY>-2</GaugeOffsetY>
		<RelativePosition>true</RelativePosition>
		<FillTint>
			<R>240</R>
			<G>240</G>
			<B>0</B>
		</FillTint>
		<EQType>97</EQType>
		<GaugeDrawTemplate>
			<Fill>A_GaugeFill</Fill>
		</GaugeDrawTemplate>
		<AutoStretch>true</AutoStretch>
		<TopAnchorOffset>647</TopAnchorOffset>
		<BottomAnchorOffset>651</BottomAnchorOffset>
		<RightAnchorToLeft>false</RightAnchorToLeft>
		<LeftAnchorOffset>24</LeftAnchorOffset>
		<RightAnchorOffset>4</RightAnchorOffset>
	</Gauge>
	<Label item="ETW_HPLabel15">
		<ScreenID>ETW_HPLabel15</ScreenID>
		<RelativePosition>true</RelativePosition>
		<Text>100</Text>
		<TextColor>
			<R>255</R>
			<G>255</G>
			<B>255</B>
		</TextColor>
		<NoWrap>true</NoWrap>
		<AlignCenter>true</AlignCenter>
		<Font>2</Font>
		<EQType>166</EQType>
		<AutoStretch>true</AutoStretch>
		<TopAnchorOffset>636</TopAnchorOffset>
		<BottomAnchorOffset>648</BottomAnchorOffset>
		<RightAnchorToLeft>false</RightAnchorToLeft>
		<Style_Tooltip>false</Style_Tooltip>
	</Label>
	<Label item="ETW_HPPercLabel15">
		<ScreenID>ETW_HPPercLabel15</ScreenID>
		<RelativePosition>true</RelativePosition>
		<Text>%</Text>
		<TextColor>
			<R>255</R>
			<G>255</G>
			<B>255</B>
		</TextColor>
		<NoWrap>true</NoWrap>
		<AlignCenter>true</AlignCenter>
		<Font>2</Font>
		<AutoStretch>true</AutoStretch>
		<TopAnchorOffset>636</TopAnchorOffset>
		<BottomAnchorOffset>648</BottomAnchorOffset>
		<LeftAnchorOffset>28</LeftAnchorOffset>
		<RightAnchorToLeft>false</RightAnchorToLeft>
		<Style_Tooltip>false</Style_Tooltip>
	</Label>
	<Button item="ETW_Role15">
		<ScreenID>ETW_Role15</ScreenID>
		<RelativePosition>true</RelativePosition>
		<Style_Transparent>false</Style_Transparent>
		<Style_Checkbox>false</Style_Checkbox>
		<ButtonDrawTemplate>
		</ButtonDrawTemplate>
		<DecalSize>
			<CX>16</CX>
			<CY>16</CY>
		</DecalSize>
		<TopAnchorOffset>620</TopAnchorOffset>
		<BottomAnchorOffset>636</BottomAnchorOffset>
		<LeftAnchorOffset>1</LeftAnchorOffset>
		<RightAnchorOffset>19</RightAnchorOffset>
		<AutoStretch>true</AutoStretch>
		<LeftAnchorToLeft>true</LeftAnchorToLeft>
		<RightAnchorToLeft>true</RightAnchorToLeft>
	</Button>
 
	<Label item="ETW_AggroPct16">
		<ScreenID>ETW_AggroPct16</ScreenID>
		<RelativePosition>true</RelativePosition>
		<Font>2</Font>
		<Text>78</Text>
		<TextColor>
			<R>255</R>
			<G>255</G>
			<B>255</B>
		</TextColor>
		<EQType>330</EQType>
		<NoWrap>true</NoWrap>
		<AutoStretch>true</AutoStretch>
		<AlignLeft>true</AlignLeft>
		<TopAnchorOffset>682</TopAnchorOffset>
		<BottomAnchorOffset>694</BottomAnchorOffset>
		<RightAnchorToLeft>false</RightAnchorToLeft>
	</Label>
	<Gauge item="ETW_Gauge16">
		<ScreenID>ETW_Gauge16</ScreenID>
		<TextColor>
			<R>240</R>
			<G>240</G>
			<B>240</B>
		</TextColor>
		<RelativePosition>true</RelativePosition>
		<FillTint>
			<R>220</R>
			<G>0</G>
			<B>0</B>
		</FillTint>
		<EQType>58</EQType>
		<GaugeDrawTemplate>
			<Fill>A_GaugeFill</Fill>
			<EndCapLeft>A_GaugeEndCapLeft</EndCapLeft>
			<EndCapRight>A_GaugeEndCapRight</EndCapRight>
			<Background>A_GaugeBackground</Background>
		</GaugeDrawTemplate>
		<GaugeOffsetY>15</GaugeOffsetY>
		<AutoStretch>true</AutoStretch>
		<TopAnchorOffset>658</TopAnchorOffset>
		<BottomAnchorOffset>693</BottomAnchorOffset>
		<RightAnchorToLeft>false</RightAnchorToLeft>
		<LeftAnchorOffset>20</LeftAnchorOffset>
		<RightAnchorOffset>0</RightAnchorOffset>
	</Gauge>
	<Gauge item="ETW_ManaGauge16">
		<ScreenID>ETW_ManaGauge16</ScreenID>
		<TextOffsetY>-50</TextOffsetY>
		<GaugeOffsetY>-2</GaugeOffsetY>
		<RelativePosition>true</RelativePosition>
		<FillTint>
			<R>0</R>
			<G>128</G>
			<B>255</B>
		</FillTint>
		<EQType>78</EQType>
		<GaugeDrawTemplate>
			<Fill>A_GaugeFill</Fill>
		</GaugeDrawTemplate>
		<AutoStretch>true</AutoStretch>
		<TopAnchorOffset>684</TopAnchorOffset>
		<BottomAnchorOffset>692</BottomAnchorOffset>
		<RightAnchorToLeft>false</RightAnchorToLeft>
		<LeftAnchorOffset>24</LeftAnchorOffset>
		<RightAnchorOffset>4</RightAnchorOffset>
	</Gauge>
	<Gauge item="ETW_STAGauge16">
		<ScreenID>ETW_STAGauge16</ScreenID>
		<TextOffsetY>-50</TextOffsetY>
		<GaugeOffsetY>-2</GaugeOffsetY>
		<RelativePosition>true</RelativePosition>
		<FillTint>
			<R>240</R>
			<G>240</G>
			<B>0</B>
		</FillTint>
		<EQType>98</EQType>
		<GaugeDrawTemplate>
			<Fill>A_GaugeFill</Fill>
		</GaugeDrawTemplate>
		<AutoStretch>true</AutoStretch>
		<TopAnchorOffset>688</TopAnchorOffset>
		<BottomAnchorOffset>692</BottomAnchorOffset>
		<RightAnchorToLeft>false</RightAnchorToLeft>
		<LeftAnchorOffset>24</LeftAnchorOffset>
		<RightAnchorOffset>4</RightAnchorOffset>
	</Gauge>
	<Label item="ETW_HPLabel16">
		<ScreenID>ETW_HPLabel16</ScreenID>
		<RelativePosition>true</RelativePosition>
		<Text>100</Text>
		<TextColor>
			<R>255</R>
			<G>255</G>
			<B>255</B>
		</TextColor>
		<NoWrap>true</NoWrap>
		<AlignCenter>true</AlignCenter>
		<Font>2</Font>
		<EQType>167</EQType>
		<AutoStretch>true</AutoStretch>
		<TopAnchorOffset>677</TopAnchorOffset>
		<BottomAnchorOffset>689</BottomAnchorOffset>
		<RightAnchorToLeft>false</RightAnchorToLeft>
		<Style_Tooltip>false</Style_Tooltip>
	</Label>
	<Label item="ETW_HPPercLabel16">
		<ScreenID>ETW_HPPercLabel16</ScreenID>
		<RelativePosition>true</RelativePosition>
		<Text>%</Text>
		<TextColor>
			<R>255</R>
			<G>255</G>
			<B>255</B>
		</TextColor>
		<NoWrap>true</NoWrap>
		<AlignCenter>true</AlignCenter>
		<Font>2</Font>
		<AutoStretch>true</AutoStretch>
		<TopAnchorOffset>677</TopAnchorOffset>
		<BottomAnchorOffset>689</BottomAnchorOffset>
		<LeftAnchorOffset>28</LeftAnchorOffset>
		<RightAnchorToLeft>false</RightAnchorToLeft>
		<Style_Tooltip>false</Style_Tooltip>
	</Label>
	<Button item="ETW_Role16">
		<ScreenID>ETW_Role16</ScreenID>
		<RelativePosition>true</RelativePosition>
		<Style_Transparent>false</Style_Transparent>
		<Style_Checkbox>false</Style_Checkbox>
		<ButtonDrawTemplate>
		</ButtonDrawTemplate>
		<DecalSize>
			<CX>16</CX>
			<CY>16</CY>
		</DecalSize>
		<TopAnchorOffset>661</TopAnchorOffset>
		<BottomAnchorOffset>677</BottomAnchorOffset>
		<LeftAnchorOffset>1</LeftAnchorOffset>
		<RightAnchorOffset>19</RightAnchorOffset>
		<AutoStretch>true</AutoStretch>
		<LeftAnchorToLeft>true</LeftAnchorToLeft>
		<RightAnchorToLeft>true</RightAnchorToLeft>
	</Button>
 
	<Label item="ETW_AggroPct17">
		<ScreenID>ETW_AggroPct17</ScreenID>
		<RelativePosition>true</RelativePosition>
		<Font>2</Font>
		<Text>78</Text>
		<TextColor>
			<R>255</R>
			<G>255</G>
			<B>255</B>
		</TextColor>
		<EQType>331</EQType>
		<NoWrap>true</NoWrap>
		<AutoStretch>true</AutoStretch>
		<AlignLeft>true</AlignLeft>
		<TopAnchorOffset>723</TopAnchorOffset>
		<BottomAnchorOffset>735</BottomAnchorOffset>
		<RightAnchorToLeft>false</RightAnchorToLeft>
	</Label>
	<Gauge item="ETW_Gauge17">
		<ScreenID>ETW_Gauge17</ScreenID>
		<TextColor>
			<R>240</R>
			<G>240</G>
			<B>240</B>
		</TextColor>
		<RelativePosition>true</RelativePosition>
		<FillTint>
			<R>220</R>
			<G>0</G>
			<B>0</B>
		</FillTint>
		<EQType>59</EQType>
		<GaugeDrawTemplate>
			<Fill>A_GaugeFill</Fill>
			<EndCapLeft>A_GaugeEndCapLeft</EndCapLeft>
			<EndCapRight>A_GaugeEndCapRight</EndCapRight>
			<Background>A_GaugeBackground</Background>
		</GaugeDrawTemplate>
		<GaugeOffsetY>15</GaugeOffsetY>
		<AutoStretch>true</AutoStretch>
		<TopAnchorOffset>699</TopAnchorOffset>
		<BottomAnchorOffset>734</BottomAnchorOffset>
		<RightAnchorToLeft>false</RightAnchorToLeft>
		<LeftAnchorOffset>20</LeftAnchorOffset>
		<RightAnchorOffset>0</RightAnchorOffset>
	</Gauge>
	<Gauge item="ETW_ManaGauge17">
		<ScreenID>ETW_ManaGauge17</ScreenID>
		<TextOffsetY>-50</TextOffsetY>
		<GaugeOffsetY>-2</GaugeOffsetY>
		<RelativePosition>true</RelativePosition>
		<FillTint>
			<R>0</R>
			<G>128</G>
			<B>255</B>
		</FillTint>
		<EQType>79</EQType>
		<GaugeDrawTemplate>
			<Fill>A_GaugeFill</Fill>
		</GaugeDrawTemplate>
		<AutoStretch>true</AutoStretch>
		<TopAnchorOffset>725</TopAnchorOffset>
		<BottomAnchorOffset>733</BottomAnchorOffset>
		<RightAnchorToLeft>false</RightAnchorToLeft>
		<LeftAnchorOffset>24</LeftAnchorOffset>
		<RightAnchorOffset>4</RightAnchorOffset>
	</Gauge>
	<Gauge item="ETW_STAGauge17">
		<ScreenID>ETW_STAGauge17</ScreenID>
		<TextOffsetY>-50</TextOffsetY>
		<GaugeOffsetY>-2</GaugeOffsetY>
		<RelativePosition>true</RelativePosition>
		<FillTint>
			<R>240</R>
			<G>240</G>
			<B>0</B>
		</FillTint>
		<EQType>99</EQType>
		<GaugeDrawTemplate>
			<Fill>A_GaugeFill</Fill>
		</GaugeDrawTemplate>
		<AutoStretch>true</AutoStretch>
		<TopAnchorOffset>729</TopAnchorOffset>
		<BottomAnchorOffset>733</BottomAnchorOffset>
		<RightAnchorToLeft>false</RightAnchorToLeft>
		<LeftAnchorOffset>24</LeftAnchorOffset>
		<RightAnchorOffset>4</RightAnchorOffset>
	</Gauge>
	<Label item="ETW_HPLabel17">
		<ScreenID>ETW_HPLabel17</ScreenID>
		<RelativePosition>true</RelativePosition>
		<Text>100</Text>
		<TextColor>
			<R>255</R>
			<G>255</G>
			<B>255</B>
		</TextColor>
		<NoWrap>true</NoWrap>
		<AlignCenter>true</AlignCenter>
		<Font>2</Font>
		<EQType>168</EQType>
		<AutoStretch>true</AutoStretch>
		<TopAnchorOffset>718</TopAnchorOffset>
		<BottomAnchorOffset>730</BottomAnchorOffset>
		<RightAnchorToLeft>false</RightAnchorToLeft>
		<Style_Tooltip>false</Style_Tooltip>
	</Label>
	<Label item="ETW_HPPercLabel17">
		<ScreenID>ETW_HPPercLabel17</ScreenID>
		<RelativePosition>true</RelativePosition>
		<Text>%</Text>
		<TextColor>
			<R>255</R>
			<G>255</G>
			<B>255</B>
		</TextColor>
		<NoWrap>true</NoWrap>
		<AlignCenter>true</AlignCenter>
		<Font>2</Font>
		<AutoStretch>true</AutoStretch>
		<TopAnchorOffset>718</TopAnchorOffset>
		<BottomAnchorOffset>730</BottomAnchorOffset>
		<LeftAnchorOffset>28</LeftAnchorOffset>
		<RightAnchorToLeft>false</RightAnchorToLeft>
		<Style_Tooltip>false</Style_Tooltip>
	</Label>
	<Button item="ETW_Role17">
		<ScreenID>ETW_Role17</ScreenID>
		<RelativePosition>true</RelativePosition>
		<Style_Transparent>false</Style_Transparent>
		<Style_Checkbox>false</Style_Checkbox>
		<ButtonDrawTemplate>
		</ButtonDrawTemplate>
		<DecalSize>
			<CX>16</CX>
			<CY>16</CY>
		</DecalSize>
		<TopAnchorOffset>702</TopAnchorOffset>
		<BottomAnchorOffset>718</BottomAnchorOffset>
		<LeftAnchorOffset>1</LeftAnchorOffset>
		<RightAnchorOffset>19</RightAnchorOffset>
		<AutoStretch>true</AutoStretch>
		<LeftAnchorToLeft>true</LeftAnchorToLeft>
		<RightAnchorToLeft>true</RightAnchorToLeft>
	</Button>
 
	<Label item="ETW_AggroPct18">
		<ScreenID>ETW_AggroPct18</ScreenID>
		<RelativePosition>true</RelativePosition>
		<Font>2</Font>
		<Text>78</Text>
		<TextColor>
			<R>255</R>
			<G>255</G>
			<B>255</B>
		</TextColor>
		<EQType>332</EQType>
		<NoWrap>true</NoWrap>
		<AutoStretch>true</AutoStretch>
		<AlignLeft>true</AlignLeft>
		<TopAnchorOffset>764</TopAnchorOffset>
		<BottomAnchorOffset>776</BottomAnchorOffset>
		<RightAnchorToLeft>false</RightAnchorToLeft>
	</Label>
	<Gauge item="ETW_Gauge18">
		<ScreenID>ETW_Gauge18</ScreenID>
		<TextColor>
			<R>240</R>
			<G>240</G>
			<B>240</B>
		</TextColor>
		<RelativePosition>true</RelativePosition>
		<FillTint>
			<R>220</R>
			<G>0</G>
			<B>0</B>
		</FillTint>
		<EQType>60</EQType>
		<GaugeDrawTemplate>
			<Fill>A_GaugeFill</Fill>
			<EndCapLeft>A_GaugeEndCapLeft</EndCapLeft>
			<EndCapRight>A_GaugeEndCapRight</EndCapRight>
			<Background>A_GaugeBackground</Background>
		</GaugeDrawTemplate>
		<GaugeOffsetY>15</GaugeOffsetY>
		<AutoStretch>true</AutoStretch>
		<TopAnchorOffset>740</TopAnchorOffset>
		<BottomAnchorOffset>775</BottomAnchorOffset>
		<RightAnchorToLeft>false</RightAnchorToLeft>
		<LeftAnchorOffset>20</LeftAnchorOffset>
		<RightAnchorOffset>0</RightAnchorOffset>
	</Gauge>
	<Gauge item="ETW_ManaGauge18">
		<ScreenID>ETW_ManaGauge18</ScreenID>
		<TextOffsetY>-50</TextOffsetY>
		<GaugeOffsetY>-2</GaugeOffsetY>
		<RelativePosition>true</RelativePosition>
		<FillTint>
			<R>0</R>
			<G>128</G>
			<B>255</B>
		</FillTint>
		<EQType>80</EQType>
		<GaugeDrawTemplate>
			<Fill>A_GaugeFill</Fill>
		</GaugeDrawTemplate>
		<AutoStretch>true</AutoStretch>
		<TopAnchorOffset>766</TopAnchorOffset>
		<BottomAnchorOffset>774</BottomAnchorOffset>
		<RightAnchorToLeft>false</RightAnchorToLeft>
		<LeftAnchorOffset>24</LeftAnchorOffset>
		<RightAnchorOffset>4</RightAnchorOffset>
	</Gauge>
	<Gauge item="ETW_STAGauge18">
		<ScreenID>ETW_STAGauge18</ScreenID>
		<TextOffsetY>-50</TextOffsetY>
		<GaugeOffsetY>-2</GaugeOffsetY>
		<RelativePosition>true</RelativePosition>
		<FillTint>
			<R>240</R>
			<G>240</G>
			<B>0</B>
		</FillTint>
		<EQType>100</EQType>
		<GaugeDrawTemplate>
			<Fill>A_GaugeFill</Fill>
		</GaugeDrawTemplate>
		<AutoStretch>true</AutoStretch>
		<TopAnchorOffset>770</TopAnchorOffset>
		<BottomAnchorOffset>774</BottomAnchorOffset>
		<RightAnchorToLeft>false</RightAnchorToLeft>
		<LeftAnchorOffset>24</LeftAnchorOffset>
		<RightAnchorOffset>4</RightAnchorOffset>
	</Gauge>
	<Label item="ETW_HPLabel18">
		<ScreenID>ETW_HPLabel18</ScreenID>
		<RelativePosition>true</RelativePosition>
		<Text>100</Text>
		<TextColor>
			<R>255</R>
			<G>255</G>
			<B>255</B>
		</TextColor>
		<NoWrap>true</NoWrap>
		<AlignCenter>true</AlignCenter>
		<Font>2</Font>
		<EQType>169</EQType>
		<AutoStretch>true</AutoStretch>
		<TopAnchorOffset>759</TopAnchorOffset>
		<BottomAnchorOffset>771</BottomAnchorOffset>
		<RightAnchorToLeft>false</RightAnchorToLeft>
		<Style_Tooltip>false</Style_Tooltip>
	</Label>
	<Label item="ETW_HPPercLabel18">
		<ScreenID>ETW_HPPercLabel18</ScreenID>
		<RelativePosition>true</RelativePosition>
		<Text>%</Text>
		<TextColor>
			<R>255</R>
			<G>255</G>
			<B>255</B>
		</TextColor>
		<NoWrap>true</NoWrap>
		<AlignCenter>true</AlignCenter>
		<Font>2</Font>
		<AutoStretch>true</AutoStretch>
		<TopAnchorOffset>759</TopAnchorOffset>
		<BottomAnchorOffset>771</BottomAnchorOffset>
		<LeftAnchorOffset>28</LeftAnchorOffset>
		<RightAnchorToLeft>false</RightAnchorToLeft>
		<Style_Tooltip>false</Style_Tooltip>
	</Label>
	<Button item="ETW_Role18">
		<ScreenID>ETW_Role18</ScreenID>
		<RelativePosition>true</RelativePosition>
		<Style_Transparent>false</Style_Transparent>
		<Style_Checkbox>false</Style_Checkbox>
		<ButtonDrawTemplate>
		</ButtonDrawTemplate>
		<DecalSize>
			<CX>16</CX>
			<CY>16</CY>
		</DecalSize>
		<TopAnchorOffset>743</TopAnchorOffset>
		<BottomAnchorOffset>759</BottomAnchorOffset>
		<LeftAnchorOffset>1</LeftAnchorOffset>
		<RightAnchorOffset>19</RightAnchorOffset>
		<AutoStretch>true</AutoStretch>
		<LeftAnchorToLeft>true</LeftAnchorToLeft>
		<RightAnchorToLeft>true</RightAnchorToLeft>
	</Button>
 
	<Label item="ETW_AggroPct19">
		<ScreenID>ETW_AggroPct19</ScreenID>
		<RelativePosition>true</RelativePosition>
		<Font>2</Font>
		<Text>78</Text>
		<TextColor>
			<R>255</R>
			<G>255</G>
			<B>255</B>
		</TextColor>
		<EQType>333</EQType>
		<NoWrap>true</NoWrap>
		<AutoStretch>true</AutoStretch>
		<AlignLeft>true</AlignLeft>
		<TopAnchorOffset>805</TopAnchorOffset>
		<BottomAnchorOffset>817</BottomAnchorOffset>
		<RightAnchorToLeft>false</RightAnchorToLeft>
	</Label>
	<Gauge item="ETW_Gauge19">
		<ScreenID>ETW_Gauge19</ScreenID>
		<TextColor>
			<R>240</R>
			<G>240</G>
			<B>240</B>
		</TextColor>
		<RelativePosition>true</RelativePosition>
		<FillTint>
			<R>220</R>
			<G>0</G>
			<B>0</B>
		</FillTint>
		<EQType>61</EQType>
		<GaugeDrawTemplate>
			<Fill>A_GaugeFill</Fill>
			<EndCapLeft>A_GaugeEndCapLeft</EndCapLeft>
			<EndCapRight>A_GaugeEndCapRight</EndCapRight>
			<Background>A_GaugeBackground</Background>
		</GaugeDrawTemplate>
		<GaugeOffsetY>15</GaugeOffsetY>
		<AutoStretch>true</AutoStretch>
		<TopAnchorOffset>781</TopAnchorOffset>
		<BottomAnchorOffset>816</BottomAnchorOffset>
		<RightAnchorToLeft>false</RightAnchorToLeft>
		<LeftAnchorOffset>20</LeftAnchorOffset>
		<RightAnchorOffset>0</RightAnchorOffset>
	</Gauge>
	<Gauge item="ETW_ManaGauge19">
		<ScreenID>ETW_ManaGauge19</ScreenID>
		<TextOffsetY>-50</TextOffsetY>
		<GaugeOffsetY>-2</GaugeOffsetY>
		<RelativePosition>true</RelativePosition>
		<FillTint>
			<R>0</R>
			<G>128</G>
			<B>255</B>
		</FillTint>
		<EQType>81</EQType>
		<GaugeDrawTemplate>
			<Fill>A_GaugeFill</Fill>
		</GaugeDrawTemplate>
		<AutoStretch>true</AutoStretch>
		<TopAnchorOffset>807</TopAnchorOffset>
		<BottomAnchorOffset>815</BottomAnchorOffset>
		<RightAnchorToLeft>false</RightAnchorToLeft>
		<LeftAnchorOffset>24</LeftAnchorOffset>
		<RightAnchorOffset>4</RightAnchorOffset>
	</Gauge>
	<Gauge item="ETW_STAGauge19">
		<ScreenID>ETW_STAGauge19</ScreenID>
		<TextOffsetY>-50</TextOffsetY>
		<GaugeOffsetY>-2</GaugeOffsetY>
		<RelativePosition>true</RelativePosition>
		<FillTint>
			<R>240</R>
			<G>240</G>
			<B>0</B>
		</FillTint>
		<EQType>101</EQType>
		<GaugeDrawTemplate>
			<Fill>A_GaugeFill</Fill>
		</GaugeDrawTemplate>
		<AutoStretch>true</AutoStretch>
		<TopAnchorOffset>811</TopAnchorOffset>
		<BottomAnchorOffset>815</BottomAnchorOffset>
		<RightAnchorToLeft>false</RightAnchorToLeft>
		<LeftAnchorOffset>24</LeftAnchorOffset>
		<RightAnchorOffset>4</RightAnchorOffset>
	</Gauge>
	<Label item="ETW_HPLabel19">
		<ScreenID>ETW_HPLabel19</ScreenID>
		<RelativePosition>true</RelativePosition>
		<Text>100</Text>
		<TextColor>
			<R>255</R>
			<G>255</G>
			<B>255</B>
		</TextColor>
		<NoWrap>true</NoWrap>
		<AlignCenter>true</AlignCenter>
		<Font>2</Font>
		<EQType>170</EQType>
		<AutoStretch>true</AutoStretch>
		<TopAnchorOffset>800</TopAnchorOffset>
		<BottomAnchorOffset>812</BottomAnchorOffset>
		<RightAnchorToLeft>false</RightAnchorToLeft>
		<Style_Tooltip>false</Style_Tooltip>
	</Label>
	<Label item="ETW_HPPercLabel19">
		<ScreenID>ETW_HPPercLabel19</ScreenID>
		<RelativePosition>true</RelativePosition>
		<Text>%</Text>
		<TextColor>
			<R>255</R>
			<G>255</G>
			<B>255</B>
		</TextColor>
		<NoWrap>true</NoWrap>
		<AlignCenter>true</AlignCenter>
		<Font>2</Font>
		<AutoStretch>true</AutoStretch>
		<TopAnchorOffset>800</TopAnchorOffset>
		<BottomAnchorOffset>812</BottomAnchorOffset>
		<LeftAnchorOffset>28</LeftAnchorOffset>
		<RightAnchorToLeft>false</RightAnchorToLeft>
		<Style_Tooltip>false</Style_Tooltip>
	</Label>
	<Button item="ETW_Role19">
		<ScreenID>ETW_Role19</ScreenID>
		<RelativePosition>true</RelativePosition>
		<Style_Transparent>false</Style_Transparent>
		<Style_Checkbox>false</Style_Checkbox>
		<ButtonDrawTemplate>
		</ButtonDrawTemplate>
		<DecalSize>
			<CX>16</CX>
			<CY>16</CY>
		</DecalSize>
		<TopAnchorOffset>784</TopAnchorOffset>
		<BottomAnchorOffset>800</BottomAnchorOffset>
		<LeftAnchorOffset>1</LeftAnchorOffset>
		<RightAnchorOffset>19</RightAnchorOffset>
		<AutoStretch>true</AutoStretch>
		<LeftAnchorToLeft>true</LeftAnchorToLeft>
		<RightAnchorToLeft>true</RightAnchorToLeft>
	</Button>


	<Screen item="ExtendedTargetWnd">
		<RelativePosition>false</RelativePosition>
		<Location>
			<X>134</X>
			<Y>134</Y>
		</Location>
		<Size>
			<CX>147</CX>
			<CY>260</CY>
		</Size>
		<Text>Extended Target Window</Text>
		<Style_VScroll>true</Style_VScroll>
		<Style_AutoVScroll>true</Style_AutoVScroll>
		<Style_Transparent>false</Style_Transparent>
		<TooltipReference>This is the extended target window.</TooltipReference>
		<Style_Titlebar>true</Style_Titlebar>
		<Style_Closebox>true</Style_Closebox>
		<Style_Minimizebox>true</Style_Minimizebox>
		<Style_Border>true</Style_Border>
		<Style_Sizable>true</Style_Sizable>
		<Escapable>false</Escapable>
		<DrawTemplate>WDT_Rounded</DrawTemplate>
		<Pieces>ETW_AggroPct0</Pieces>
		<Pieces>ETW_Gauge0</Pieces>
		<Pieces>ETW_ManaGauge0</Pieces>
		<Pieces>ETW_STAGauge0</Pieces>
		<Pieces>ETW_HPLabel0</Pieces>
		<Pieces>ETW_HPPercLabel0</Pieces>
		<Pieces>ETW_Role0</Pieces>
		<Pieces>ETW_AggroPct1</Pieces>
		<Pieces>ETW_Gauge1</Pieces>
		<Pieces>ETW_ManaGauge1</Pieces>
		<Pieces>ETW_STAGauge1</Pieces>
		<Pieces>ETW_HPLabel1</Pieces>
		<Pieces>ETW_HPPercLabel1</Pieces>
		<Pieces>ETW_Role1</Pieces>
		<Pieces>ETW_AggroPct2</Pieces>
		<Pieces>ETW_Gauge2</Pieces>
		<Pieces>ETW_ManaGauge2</Pieces>
		<Pieces>ETW_STAGauge2</Pieces>
		<Pieces>ETW_HPLabel2</Pieces>
		<Pieces>ETW_HPPercLabel2</Pieces>
		<Pieces>ETW_Role2</Pieces>
		<Pieces>ETW_AggroPct3</Pieces>
		<Pieces>ETW_Gauge3</Pieces>
		<Pieces>ETW_ManaGauge3</Pieces>
		<Pieces>ETW_STAGauge3</Pieces>
		<Pieces>ETW_HPLabel3</Pieces>
		<Pieces>ETW_HPPercLabel3</Pieces>
		<Pieces>ETW_Role3</Pieces>
		<Pieces>ETW_AggroPct4</Pieces>
		<Pieces>ETW_Gauge4</Pieces>
		<Pieces>ETW_ManaGauge4</Pieces>
		<Pieces>ETW_STAGauge4</Pieces>
		<Pieces>ETW_HPLabel4</Pieces>
		<Pieces>ETW_HPPercLabel4</Pieces>
		<Pieces>ETW_Role4</Pieces>
		<Pieces>ETW_AggroPct5</Pieces>
		<Pieces>ETW_Gauge5</Pieces>
		<Pieces>ETW_ManaGauge5</Pieces>
		<Pieces>ETW_STAGauge5</Pieces>
		<Pieces>ETW_HPLabel5</Pieces>
		<Pieces>ETW_HPPercLabel5</Pieces>
		<Pieces>ETW_Role5</Pieces>
		<Pieces>ETW_AggroPct6</Pieces>
		<Pieces>ETW_Gauge6</Pieces>
		<Pieces>ETW_ManaGauge6</Pieces>
		<Pieces>ETW_STAGauge6</Pieces>
		<Pieces>ETW_HPLabel6</Pieces>
		<Pieces>ETW_HPPercLabel6</Pieces>
		<Pieces>ETW_Role6</Pieces>
		<Pieces>ETW_AggroPct7</Pieces>
		<Pieces>ETW_Gauge7</Pieces>
		<Pieces>ETW_ManaGauge7</Pieces>
		<Pieces>ETW_STAGauge7</Pieces>
		<Pieces>ETW_HPLabel7</Pieces>
		<Pieces>ETW_HPPercLabel7</Pieces>
		<Pieces>ETW_Role7</Pieces>
		<Pieces>ETW_AggroPct8</Pieces>
		<Pieces>ETW_Gauge8</Pieces>
		<Pieces>ETW_ManaGauge8</Pieces>
		<Pieces>ETW_STAGauge8</Pieces>
		<Pieces>ETW_HPLabel8</Pieces>
		<Pieces>ETW_HPPercLabel8</Pieces>
		<Pieces>ETW_Role8</Pieces>
		<Pieces>ETW_AggroPct9</Pieces>
		<Pieces>ETW_Gauge9</Pieces>
		<Pieces>ETW_ManaGauge9</Pieces>
		<Pieces>ETW_STAGauge9</Pieces>
		<Pieces>ETW_HPLabel9</Pieces>
		<Pieces>ETW_HPPercLabel9</Pieces>
		<Pieces>ETW_Role9</Pieces>
		<Pieces>ETW_AggroPct10</Pieces>
		<Pieces>ETW_Gauge10</Pieces>
		<Pieces>ETW_ManaGauge10</Pieces>
		<Pieces>ETW_STAGauge10</Pieces>
		<Pieces>ETW_HPLabel10</Pieces>
		<Pieces>ETW_HPPercLabel10</Pieces>
		<Pieces>ETW_Role10</Pieces>
		<Pieces>ETW_AggroPct11</Pieces>
		<Pieces>ETW_Gauge11</Pieces>
		<Pieces>ETW_ManaGauge11</Pieces>
		<Pieces>ETW_STAGauge11</Pieces>
		<Pieces>ETW_HPLabel11</Pieces>
		<Pieces>ETW_HPPercLabel11</Pieces>
		<Pieces>ETW_Role11</Pieces>
		<Pieces>ETW_AggroPct12</Pieces>
		<Pieces>ETW_Gauge12</Pieces>
		<Pieces>ETW_ManaGauge12</Pieces>
		<Pieces>ETW_STAGauge12</Pieces>
		<Pieces>ETW_HPLabel12</Pieces>
		<Pieces>ETW_HPPercLabel12</Pieces>
		<Pieces>ETW_Role12</Pieces>
		<Pieces>ETW_AggroPct13</Pieces>
		<Pieces>ETW_Gauge13</Pieces>
		<Pieces>ETW_ManaGauge13</Pieces>
		<Pieces>ETW_STAGauge13</Pieces>
		<Pieces>ETW_HPLabel13</Pieces>
		<Pieces>ETW_HPPercLabel13</Pieces>
		<Pieces>ETW_Role13</Pieces>
		<Pieces>ETW_AggroPct14</Pieces>
		<Pieces>ETW_Gauge14</Pieces>
		<Pieces>ETW_ManaGauge14</Pieces>
		<Pieces>ETW_STAGauge14</Pieces>
		<Pieces>ETW_HPLabel14</Pieces>
		<Pieces>ETW_HPPercLabel14</Pieces>
		<Pieces>ETW_Role14</Pieces>
		<Pieces>ETW_AggroPct15</Pieces>
		<Pieces>ETW_Gauge15</Pieces>
		<Pieces>ETW_ManaGauge15</Pieces>
		<Pieces>ETW_STAGauge15</Pieces>
		<Pieces>ETW_HPLabel15</Pieces>
		<Pieces>ETW_HPPercLabel15</Pieces>
		<Pieces>ETW_Role15</Pieces>
		<Pieces>ETW_AggroPct16</Pieces>
		<Pieces>ETW_Gauge16</Pieces>
		<Pieces>ETW_ManaGauge16</Pieces>
		<Pieces>ETW_STAGauge16</Pieces>
		<Pieces>ETW_HPLabel16</Pieces>
		<Pieces>ETW_HPPercLabel16</Pieces>
		<Pieces>ETW_Role16</Pieces>
		<Pieces>ETW_AggroPct17</Pieces>
		<Pieces>ETW_Gauge17</Pieces>
		<Pieces>ETW_ManaGauge17</Pieces>
		<Pieces>ETW_STAGauge17</Pieces>
		<Pieces>ETW_HPLabel17</Pieces>
		<Pieces>ETW_HPPercLabel17</Pieces>
		<Pieces>ETW_Role17</Pieces>
		<Pieces>ETW_AggroPct18</Pieces>
		<Pieces>ETW_Gauge18</Pieces>
		<Pieces>ETW_ManaGauge18</Pieces>
		<Pieces>ETW_STAGauge18</Pieces>
		<Pieces>ETW_HPLabel18</Pieces>
		<Pieces>ETW_HPPercLabel18</Pieces>
		<Pieces>ETW_Role18</Pieces>
		<Pieces>ETW_AggroPct19</Pieces>
		<Pieces>ETW_Gauge19</Pieces>
		<Pieces>ETW_ManaGauge19</Pieces>
		<Pieces>ETW_STAGauge19</Pieces>
		<Pieces>ETW_HPLabel19</Pieces>
		<Pieces>ETW_HPPercLabel19</Pieces>
		<Pieces>ETW_Role19</Pieces>
	</Screen>
</XML>
