<?xml version="1.0" encoding="us-ascii"?>
<XML ID="EQInterfaceDefinitionLanguage">
  <Schema xmlns="EverQuestData" xmlns:dt="EverQuestDataTypes" />
  <Label item="BSTraderLabel">
    <ScreenID>BSTraderLabel</ScreenID>
    <Font>2</Font>
    <Text>Traders</Text>
    <TextColor>
      <R>255</R>
      <G>255</G>
      <B>255</B>
    </TextColor>
    <AutoStretch>true</AutoStretch>
    <LeftAnchorOffset>370</LeftAnchorOffset>
    <TopAnchorOffset>22</TopAnchorOffset>
    <RightAnchorOffset>409</RightAnchorOffset>
    <BottomAnchorOffset>2</BottomAnchorOffset>
    <TopAnchorToTop>false</TopAnchorToTop>
    <BottomAnchorToTop>false</BottomAnchorToTop>
    <LeftAnchorToLeft>true</LeftAnchorToLeft>
    <RightAnchorToLeft>true</RightAnchorToLeft>
    <AlignCenter>false</AlignCenter>
  </Label>
  <Label item="BSInspectLabel">
    <ScreenID>BSInspectLabel</ScreenID>
    <Font>2</Font>
    <Text>Items</Text>
    <RelativePosition>true</RelativePosition>
    <AutoStretch>true</AutoStretch>
    <LeftAnchorOffset>231</LeftAnchorOffset>
    <TopAnchorOffset>22</TopAnchorOffset>
    <RightAnchorOffset>258</RightAnchorOffset>
    <BottomAnchorOffset>2</BottomAnchorOffset>
    <TopAnchorToTop>false</TopAnchorToTop>
    <BottomAnchorToTop>false</BottomAnchorToTop>
    <LeftAnchorToLeft>true</LeftAnchorToLeft>
    <RightAnchorToLeft>true</RightAnchorToLeft>
    <TextColor>
      <R>255</R>
      <G>255</G>
      <B>255</B>
    </TextColor>
    <AlignCenter>false</AlignCenter>
  </Label>
  <Label item="Level_Name">
    <ScreenID>A_Label</ScreenID>
    <Font>2</Font>
    <Text>Level</Text>
    <TextColor>
      <R>255</R>
      <G>255</G>
      <B>255</B>
    </TextColor>
    <Size>
      <CX>28</CX>
      <CY>15</CY>
    </Size>
    <AlignCenter>false</AlignCenter>
    <Location>
      <X>110</X>
      <Y>61</Y>
    </Location>
  </Label>
  <Label item="BZR_SearchResultLabel">
    <ScreenID>BZR_SearchResultLabel</ScreenID>
    <!--<Font>3</Font>-->
    <RelativePosition>true</RelativePosition>
    <Location>
      <X>-85</X>
      <Y>528</Y>
    </Location>
    <Size>
      <CX>74</CX>
      <CY>15</CY>
    </Size>
    <Text>Search Result</Text>
    <TextColor>
      <R>255</R>
      <G>255</G>
      <B>255</B>
    </TextColor>
    <NoWrap>true</NoWrap>
    <AlignCenter>false</AlignCenter>
    <AlignRight>false</AlignRight>
    <Font>2</Font>
  </Label>
  <Listbox item="BZR_ItemList">
    <ScreenID>BZR_ItemList</ScreenID>
    <DrawTemplate>WDT_Inner</DrawTemplate>
    <AutoStretch>true</AutoStretch>
    <LeftAnchorOffset>2</LeftAnchorOffset>
    <TopAnchorOffset>80</TopAnchorOffset>
    <RightAnchorOffset>2</RightAnchorOffset>
    <BottomAnchorOffset>33</BottomAnchorOffset>
    <TopAnchorToTop>true</TopAnchorToTop>
    <BottomAnchorToTop>false</BottomAnchorToTop>
    <LeftAnchorToLeft>true</LeftAnchorToLeft>
    <RightAnchorToLeft>false</RightAnchorToLeft>
    <Location>
      <X>145</X>
      <Y>20</Y>
    </Location>
    <Size>
      <CX>340</CX>
      <CY>472</CY>
    </Size>
    <TextColor>
      <R>255</R>
      <G>255</G>
      <B>255</B>
    </TextColor>
    <Style_Border>true</Style_Border>
    <Style_VScroll>true</Style_VScroll>
    <Font>2</Font>
    <Columns>
      <Width>20</Width>
      <Heading />
    </Columns>
    <Columns>
      <Width>125</Width>
      <Heading>Item Name</Heading>
    </Columns>
    <Columns>
      <Width>40</Width>
      <Heading>Qty</Heading>
    </Columns>
    <Columns>
      <Width>48</Width>
      <Header>Header_PlatCoin</Header>
    </Columns>
    <Columns>
      <Width>24</Width>
      <Header>Header_GoldCoin</Header>
    </Columns>
    <Columns>
      <Width>24</Width>
      <Header>Header_SilvCoin</Header>
    </Columns>
    <Columns>
      <Width>24</Width>
      <Header>Header_CoppCoin</Header>
    </Columns>
    <Columns>
      <Width>80</Width>
      <Heading>Trader</Heading>
    </Columns>
    <Columns>
      <Width>30</Width>
      <Heading />
    </Columns>
    <Columns>
      <Width>100</Width>
      <Heading>Stat</Heading>
    </Columns>
  </Listbox>
  <Button item="BZR_Default">
    <ScreenID>BZR_Default</ScreenID>
    <!--<Font>3</Font>-->
    <RelativePosition>true</RelativePosition>
    <Location>
      <X>178</X>
      <Y>56</Y>
    </Location>
    <Size>
      <CX>38</CX>
      <CY>22</CY>
    </Size>
    <Text>Reset</Text>
    <TextColor>
      <R>255</R>
      <G>255</G>
      <B>0</B>
    </TextColor>
    <ButtonDrawTemplate>
      <Normal>A_BtnNormal</Normal>
      <Pressed>A_BtnPressed</Pressed>
      <Flyby>A_BtnFlyby</Flyby>
      <Disabled>A_BtnDisabled</Disabled>
      <PressedFlyby>A_BtnPressedFlyby</PressedFlyby>
    </ButtonDrawTemplate>
    <!--<SoundPressed/>-->
    <!--<SoundUp/>-->
    <!--<SoundFlyby/>-->
    <Font>2</Font>
  </Button>
  <Button item="BZR_WelcomeButton">
    <ScreenID>BZR_WelcomeButton</ScreenID>
    <!--<Font>3</Font>-->
    <RelativePosition>true</RelativePosition>
    <AutoStretch>true</AutoStretch>
    <LeftAnchorOffset>102</LeftAnchorOffset>
    <TopAnchorOffset>25</TopAnchorOffset>
    <RightAnchorOffset>153</RightAnchorOffset>
    <BottomAnchorOffset>5</BottomAnchorOffset>
    <TopAnchorToTop>false</TopAnchorToTop>
    <BottomAnchorToTop>false</BottomAnchorToTop>
    <LeftAnchorToLeft>true</LeftAnchorToLeft>
    <RightAnchorToLeft>true</RightAnchorToLeft>
    <Text>Welcome</Text>
    <TextColor>
      <R>255</R>
      <G>255</G>
      <B>255</B>
    </TextColor>
    <ButtonDrawTemplate>
      <Normal>A_BtnNormal</Normal>
      <Pressed>A_BtnPressed</Pressed>
      <Flyby>A_BtnFlyby</Flyby>
      <Disabled>A_BtnDisabled</Disabled>
      <PressedFlyby>A_BtnPressedFlyby</PressedFlyby>
    </ButtonDrawTemplate>
    <!--<SoundPressed/>-->
    <!--<SoundUp/>-->
    <!--<SoundFlyby/>-->
    <Font>2</Font>
  </Button>
  <Button item="BZR_UpdatePlayerButton">
    <ScreenID>BZR_UpdatePlayerButton</ScreenID>
    <!--<Font>3</Font>-->
    <RelativePosition>true</RelativePosition>
    <AutoStretch>true</AutoStretch>
    <LeftAnchorOffset>410</LeftAnchorOffset>
    <TopAnchorOffset>25</TopAnchorOffset>
    <RightAnchorOffset>456</RightAnchorOffset>
    <BottomAnchorOffset>5</BottomAnchorOffset>
    <TopAnchorToTop>false</TopAnchorToTop>
    <BottomAnchorToTop>false</BottomAnchorToTop>
    <LeftAnchorToLeft>true</LeftAnchorToLeft>
    <RightAnchorToLeft>true</RightAnchorToLeft>
    <Text>Update</Text>
    <TextColor>
      <R>255</R>
      <G>255</G>
      <B>255</B>
    </TextColor>
    <ButtonDrawTemplate>
      <Normal>A_BtnNormal</Normal>
      <Pressed>A_BtnPressed</Pressed>
      <Flyby>A_BtnFlyby</Flyby>
      <Disabled>A_BtnDisabled</Disabled>
      <PressedFlyby>A_BtnPressedFlyby</PressedFlyby>
    </ButtonDrawTemplate>
    <!--<SoundPressed/>-->
    <!--<SoundUp/>-->
    <!--<SoundFlyby/>-->
    <Font>2</Font>
  </Button>
  <Button item="BZR_RequestItemButton">
    <ScreenID>BZR_RequestItemButton</ScreenID>
    <!--<Font>3</Font>-->
    <RelativePosition>true</RelativePosition>
    <AutoStretch>true</AutoStretch>
    <LeftAnchorOffset>260</LeftAnchorOffset>
    <TopAnchorOffset>25</TopAnchorOffset>
    <RightAnchorOffset>304</RightAnchorOffset>
    <BottomAnchorOffset>5</BottomAnchorOffset>
    <TopAnchorToTop>false</TopAnchorToTop>
    <BottomAnchorToTop>false</BottomAnchorToTop>
    <LeftAnchorToLeft>true</LeftAnchorToLeft>
    <RightAnchorToLeft>true</RightAnchorToLeft>
    <Text>Inspect</Text>
    <TextColor>
      <R>255</R>
      <G>255</G>
      <B>255</B>
    </TextColor>
    <ButtonDrawTemplate>
      <Normal>A_BtnNormal</Normal>
      <Pressed>A_BtnPressed</Pressed>
      <Flyby>A_BtnFlyby</Flyby>
      <Disabled>A_BtnDisabled</Disabled>
      <PressedFlyby>A_BtnPressedFlyby</PressedFlyby>
    </ButtonDrawTemplate>
    <!--<SoundPressed/>-->
    <!--<SoundUp/>-->
    <!--<SoundFlyby/>-->
    <Font>2</Font>
  </Button>
  <Button item="BZR_RequestPreviewButton">
    <ScreenID>BZR_RequestPreviewButton</ScreenID>
    <TooltipReference>Press to preview the selected item.</TooltipReference>
    <RelativePosition>true</RelativePosition>
    <AutoStretch>true</AutoStretch>
    <LeftAnchorOffset>304</LeftAnchorOffset>
    <TopAnchorOffset>25</TopAnchorOffset>
    <RightAnchorOffset>348</RightAnchorOffset>
    <BottomAnchorOffset>5</BottomAnchorOffset>
    <TopAnchorToTop>false</TopAnchorToTop>
    <BottomAnchorToTop>false</BottomAnchorToTop>
    <LeftAnchorToLeft>true</LeftAnchorToLeft>
    <RightAnchorToLeft>true</RightAnchorToLeft>
    <Text>Preview</Text>
    <TextColor>
      <R>255</R>
      <G>255</G>
      <B>255</B>
    </TextColor>
    <Template>BDT_Normal</Template>
    <Font>2</Font>
  </Button>
  <Button item="BZR_FindTraderButton">
    <ScreenID>BZR_FindTraderButton</ScreenID>
    <!--<Font>3</Font>-->
    <RelativePosition>true</RelativePosition>
    <AutoStretch>true</AutoStretch>
    <LeftAnchorOffset>456</LeftAnchorOffset>
    <TopAnchorOffset>25</TopAnchorOffset>
    <RightAnchorOffset>489</RightAnchorOffset>
    <BottomAnchorOffset>5</BottomAnchorOffset>
    <TopAnchorToTop>false</TopAnchorToTop>
    <BottomAnchorToTop>false</BottomAnchorToTop>
    <LeftAnchorToLeft>true</LeftAnchorToLeft>
    <RightAnchorToLeft>true</RightAnchorToLeft>
    <Text>Find</Text>
    <TextColor>
      <R>255</R>
      <G>255</G>
      <B>255</B>
    </TextColor>
    <ButtonDrawTemplate>
      <Normal>A_BtnNormal</Normal>
      <Pressed>A_BtnPressed</Pressed>
      <Flyby>A_BtnFlyby</Flyby>
      <Disabled>A_BtnDisabled</Disabled>
      <PressedFlyby>A_BtnPressedFlyby</PressedFlyby>
    </ButtonDrawTemplate>
    <!--<SoundPressed/>-->
    <!--<SoundUp/>-->
    <!--<SoundFlyby/>-->
    <Font>2</Font>
  </Button>
  <Button item="BZR_HideTradersButton">
    <ScreenID>BZR_HideTradersButton</ScreenID>
    <!--<Font>3</Font>-->
    <RelativePosition>true</RelativePosition>
    <AutoStretch>true</AutoStretch>
    <LeftAnchorOffset>489</LeftAnchorOffset>
    <TopAnchorOffset>25</TopAnchorOffset>
    <RightAnchorOffset>531</RightAnchorOffset>
    <BottomAnchorOffset>5</BottomAnchorOffset>
    <TopAnchorToTop>false</TopAnchorToTop>
    <BottomAnchorToTop>false</BottomAnchorToTop>
    <LeftAnchorToLeft>true</LeftAnchorToLeft>
    <RightAnchorToLeft>true</RightAnchorToLeft>
    <Style_Checkbox>true</Style_Checkbox>
    <Text>Hide All</Text>
    <TextColor>
      <R>255</R>
      <G>255</G>
      <B>255</B>
    </TextColor>
    <ButtonDrawTemplate>
      <Normal>A_BtnNormal</Normal>
      <Pressed>A_BtnPressed</Pressed>
      <Flyby>A_BtnFlyby</Flyby>
      <Disabled>A_BtnDisabled</Disabled>
      <PressedFlyby>A_BtnPressedFlyby</PressedFlyby>
    </ButtonDrawTemplate>
    <!--<SoundPressed/>-->
    <!--<SoundUp/>-->
    <!--<SoundFlyby/>-->
    <Font>2</Font>
  </Button>
  <Button item="BZR_QueryButton">
    <ScreenID>BZR_QueryButton</ScreenID>
    <!--<Font>3</Font>-->
    <RelativePosition>true</RelativePosition>
    <AutoStretch>false</AutoStretch>
    <LeftAnchorOffset>2</LeftAnchorOffset>
    <TopAnchorOffset>399</TopAnchorOffset>
    <RightAnchorOffset>80</RightAnchorOffset>
    <BottomAnchorOffset>373</BottomAnchorOffset>
    <TopAnchorToTop>false</TopAnchorToTop>
    <BottomAnchorToTop>false</BottomAnchorToTop>
    <LeftAnchorToLeft>true</LeftAnchorToLeft>
    <RightAnchorToLeft>true</RightAnchorToLeft>
    <Location>
      <X>120</X>
      <Y>56</Y>
    </Location>
    <Size>
      <CX>56</CX>
      <CY>22</CY>
    </Size>
    <Text>Find Items</Text>
    <TextColor>
      <R>0</R>
      <G>255</G>
      <B>0</B>
    </TextColor>
    <ButtonDrawTemplate>
      <Normal>A_BtnNormal</Normal>
      <Pressed>A_BtnPressed</Pressed>
      <Flyby>A_BtnFlyby</Flyby>
      <Disabled>A_BtnDisabled</Disabled>
      <PressedFlyby>A_BtnPressedFlyby</PressedFlyby>
    </ButtonDrawTemplate>
    <!--<SoundPressed/>-->
    <!--<SoundUp/>-->
    <!--<SoundFlyby/>-->
    <Font>2</Font>
  </Button>
  <Label item="BZR_ItemNameLabel">
    <ScreenID>BZR_ItemNameLabel</ScreenID>
    <!--<Font>3</Font>-->
    <RelativePosition>true</RelativePosition>
    <Location>
      <X>-81</X>
      <Y>526</Y>
    </Location>
    <Size>
      <CX>54</CX>
      <CY>15</CY>
    </Size>
    <Text>Item Name</Text>
    <TextColor>
      <R>255</R>
      <G>255</G>
      <B>255</B>
    </TextColor>
    <NoWrap>true</NoWrap>
    <AlignCenter>false</AlignCenter>
    <AlignRight>false</AlignRight>
    <Font>2</Font>
  </Label>
  <Editbox item="BZR_ItemNameInput">
    <ScreenID>BZR_ItemNameInput</ScreenID>
    <DrawTemplate>WDT_Inner</DrawTemplate>
    <RelativePosition>true</RelativePosition>
    <Style_Border>true</Style_Border>
    <Location>
      <X>2</X>
      <Y>56</Y>
    </Location>
    <Size>
      <CX>116</CX>
      <CY>22</CY>
    </Size>
    <TextColor>
      <R>255</R>
      <G>255</G>
      <B>255</B>
    </TextColor>
    <Font>2</Font>
  </Editbox>
  <Label item="BZR_PlayersLabel">
    <ScreenID>BZR_PlayersLabel</ScreenID>
    <!--<Font>3</Font>-->
    <RelativePosition>true</RelativePosition>
    <Location>
      <X>-78</X>
      <Y>528</Y>
    </Location>
    <Size>
      <CX>45</CX>
      <CY>15</CY>
    </Size>
    <Text>Traders</Text>
    <TextColor>
      <R>255</R>
      <G>255</G>
      <B>255</B>
    </TextColor>
    <NoWrap>true</NoWrap>
    <AlignCenter>false</AlignCenter>
    <AlignRight>false</AlignRight>
    <Font>2</Font>
  </Label>
  <Editbox item="BZR_MaxLevelInput">
    <ScreenID>BZR_MaxLevelInput</ScreenID>
    <DrawTemplate>WDT_Inner</DrawTemplate>
    <RelativePosition>true</RelativePosition>
    <Style_Border>true</Style_Border>
    <Location>
      <X>327</X>
      <Y>58</Y>
    </Location>
    <Size>
      <CX>30</CX>
      <CY>20</CY>
    </Size>
    <TextColor>
      <R>255</R>
      <G>255</G>
      <B>255</B>
    </TextColor>
    <Font>2</Font>
  </Editbox>
  <Editbox item="BZR_MinLevelInput">
    <ScreenID>BZR_MinLevelInput</ScreenID>
    <DrawTemplate>WDT_Inner</DrawTemplate>
    <RelativePosition>true</RelativePosition>
    <Style_Border>true</Style_Border>
    <Location>
      <X>256</X>
      <Y>58</Y>
    </Location>
    <Size>
      <CX>30</CX>
      <CY>20</CY>
    </Size>
    <TextColor>
      <R>255</R>
      <G>255</G>
      <B>255</B>
    </TextColor>
    <Font>2</Font>
  </Editbox>
  <Label item="BZR_MaxLevelLabel">
    <ScreenID>BZR_MaxLevelLabel</ScreenID>
    <!--<Font>3</Font>-->
    <RelativePosition>true</RelativePosition>
    <Location>
      <X>287</X>
      <Y>61</Y>
    </Location>
    <Size>
      <CX>38</CX>
      <CY>15</CY>
    </Size>
    <Text>Max Lvl</Text>
    <TextColor>
      <R>255</R>
      <G>255</G>
      <B>255</B>
    </TextColor>
    <NoWrap>true</NoWrap>
    <AlignRight>True</AlignRight>
    <Font>2</Font>
  </Label>
  <Label item="BZR_MinLevelLabel">
    <ScreenID>BZR_MinLevelLabel</ScreenID>
    <!--<Font>3</Font>-->
    <RelativePosition>true</RelativePosition>
    <Location>
      <X>220</X>
      <Y>61</Y>
    </Location>
    <Size>
      <CX>34</CX>
      <CY>15</CY>
    </Size>
    <Text>Min Lvl</Text>
    <TextColor>
      <R>255</R>
      <G>255</G>
      <B>255</B>
    </TextColor>
    <NoWrap>true</NoWrap>
    <AlignCenter>False</AlignCenter>
    <AlignRight>true</AlignRight>
    <Font>2</Font>
  </Label>
  <Editbox item="BZR_MaxPriceInput">
    <ScreenID>BZR_MaxPriceInput</ScreenID>
    <DrawTemplate>WDT_Inner</DrawTemplate>
    <RelativePosition>true</RelativePosition>
    <Style_Border>true</Style_Border>
    <Location>
      <X>477</X>
      <Y>58</Y>
    </Location>
    <Size>
      <CX>54</CX>
      <CY>20</CY>
    </Size>
    <TextColor>
      <R>255</R>
      <G>255</G>
      <B>255</B>
    </TextColor>
    <Font>2</Font>
  </Editbox>
  <Editbox item="BZR_MinPriceInput">
    <ScreenID>BZR_MinPriceInput</ScreenID>
    <DrawTemplate>WDT_Inner</DrawTemplate>
    <RelativePosition>true</RelativePosition>
    <Style_Border>true</Style_Border>
    <Location>
      <X>389</X>
      <Y>58</Y>
    </Location>
    <Size>
      <CX>54</CX>
      <CY>20</CY>
    </Size>
    <TextColor>
      <R>255</R>
      <G>255</G>
      <B>255</B>
    </TextColor>
    <Font>2</Font>
  </Editbox>
  <Label item="BZR_MaxPriceLabel">
    <ScreenID>BZR_MaxPriceLabel</ScreenID>
    <!--<Font>3</Font>-->
    <RelativePosition>true</RelativePosition>
    <Location>
      <X>446</X>
      <Y>61</Y>
    </Location>
    <Size>
      <CX>31</CX>
      <CY>15</CY>
    </Size>
    <Text>Max $</Text>
    <TextColor>
      <R>255</R>
      <G>255</G>
      <B>255</B>
    </TextColor>
    <NoWrap>true</NoWrap>
    <AlignCenter>false</AlignCenter>
    <AlignRight>True</AlignRight>
    <Font>2</Font>
  </Label>
  <Label item="BZR_MinPriceLabel">
    <ScreenID>BZR_MinPriceLabel</ScreenID>
    <!--<Font>3</Font>-->
    <RelativePosition>true</RelativePosition>
    <Location>
      <X>362</X>
      <Y>61</Y>
    </Location>
    <Size>
      <CX>27</CX>
      <CY>15</CY>
    </Size>
    <Text>Min $</Text>
    <TextColor>
      <R>255</R>
      <G>255</G>
      <B>255</B>
    </TextColor>
    <NoWrap>true</NoWrap>
    <AlignCenter>false</AlignCenter>
    <AlignRight>True</AlignRight>
    <Font>2</Font>
  </Label>
  <Combobox item="BZR_PlayersCombobox">
    <ScreenID>BZR_PlayersCombobox</ScreenID>
    <DrawTemplate>WDT_Inner</DrawTemplate>
    <Location>
      <X>401</X>
      <Y>29</Y>
    </Location>
    <Size>
      <CX>130</CX>
      <CY>25</CY>
    </Size>
    <TextColor>
      <R>255</R>
      <G>255</G>
      <B>255</B>
    </TextColor>
    <ListHeight>600</ListHeight>
    <Button>BDT_Combo</Button>
    <Style_Border>true</Style_Border>
    <Font>2</Font>
  </Combobox>
  <Label item="BZR_ItemSlotLabel">
    <ScreenID>BZR_ItemSlotLabel</ScreenID>
    <!--<Font>3</Font>-->
    <RelativePosition>true</RelativePosition>
    <Location>
      <X>-89</X>
      <Y>526</Y>
    </Location>
    <Size>
      <CX>74</CX>
      <CY>15</CY>
    </Size>
    <Text>Select By Slot</Text>
    <TextColor>
      <R>255</R>
      <G>255</G>
      <B>255</B>
    </TextColor>
    <NoWrap>true</NoWrap>
    <AlignCenter>false</AlignCenter>
    <AlignRight>false</AlignRight>
    <Font>2</Font>
  </Label>
  <Combobox item="BZR_ItemSlotCombobox">
    <ScreenID>BZR_ItemSlotCombobox</ScreenID>
    <DrawTemplate>WDT_Inner</DrawTemplate>
    <Location>
      <X>268</X>
      <Y>1</Y>
    </Location>
    <Size>
      <CX>130</CX>
      <CY>25</CY>
    </Size>
    <TextColor>
      <R>255</R>
      <G>255</G>
      <B>255</B>
    </TextColor>
    <ListHeight>430</ListHeight>
    <Button>BDT_Combo</Button>
    <Style_Border>true</Style_Border>
    <Font>2</Font>
  </Combobox>
  <Label item="BZR_StatSlotLabel">
    <ScreenID>BZR_StatSlotLabel</ScreenID>
    <!--<Font>3</Font>-->
    <RelativePosition>true</RelativePosition>
    <Location>
      <X>-87</X>
      <Y>530</Y>
    </Location>
    <Size>
      <CX>73</CX>
      <CY>15</CY>
    </Size>
    <Text>Select By Stat</Text>
    <TextColor>
      <R>255</R>
      <G>255</G>
      <B>255</B>
    </TextColor>
    <NoWrap>true</NoWrap>
    <AlignCenter>false</AlignCenter>
    <AlignRight>false</AlignRight>
    <Font>2</Font>
  </Label>
  <Combobox item="BZR_StatSlotCombobox">
    <ScreenID>BZR_StatSlotCombobox</ScreenID>
    <DrawTemplate>WDT_Inner</DrawTemplate>
    <Location>
      <X>268</X>
      <Y>29</Y>
    </Location>
    <Size>
      <CX>130</CX>
      <CY>25</CY>
    </Size>
    <TextColor>
      <R>255</R>
      <G>255</G>
      <B>255</B>
    </TextColor>
    <ListHeight>600</ListHeight>
    <Button>BDT_Combo</Button>
    <Style_Border>true</Style_Border>
    <Font>2</Font>
  </Combobox>
  <Label item="BZR_RaceSlotLabel">
    <ScreenID>BZR_RaceSlotLabel</ScreenID>
    <!--<Font>3</Font>-->
    <RelativePosition>true</RelativePosition>
    <Location>
      <X>-87</X>
      <Y>529</Y>
    </Location>
    <Size>
      <CX>79</CX>
      <CY>15</CY>
    </Size>
    <Text>Select By Race</Text>
    <TextColor>
      <R>255</R>
      <G>255</G>
      <B>255</B>
    </TextColor>
    <NoWrap>true</NoWrap>
    <AlignCenter>false</AlignCenter>
    <AlignRight>false</AlignRight>
    <Font>2</Font>
  </Label>
  <Combobox item="BZR_RaceSlotCombobox">
    <ScreenID>BZR_RaceSlotCombobox</ScreenID>
    <DrawTemplate>WDT_Inner</DrawTemplate>
    <Location>
      <X>135</X>
      <Y>1</Y>
    </Location>
    <Size>
      <CX>130</CX>
      <CY>25</CY>
    </Size>
    <TextColor>
      <R>255</R>
      <G>255</G>
      <B>255</B>
    </TextColor>
    <ListHeight>430</ListHeight>
    <Button>BDT_Combo</Button>
    <Style_Border>true</Style_Border>
    <Font>2</Font>
  </Combobox>
  <Label item="BZR_ClassSlotLabel">
    <ScreenID>BZR_ClassSlotLabel</ScreenID>
    <!--<Font>3</Font>-->
    <RelativePosition>true</RelativePosition>
    <Location>
      <X>-94</X>
      <Y>527</Y>
    </Location>
    <Size>
      <CX>81</CX>
      <CY>15</CY>
    </Size>
    <Text>Select By Class</Text>
    <TextColor>
      <R>255</R>
      <G>255</G>
      <B>255</B>
    </TextColor>
    <NoWrap>true</NoWrap>
    <AlignCenter>false</AlignCenter>
    <AlignRight>false</AlignRight>
    <Font>2</Font>
  </Label>
  <Combobox item="BZR_ClassSlotCombobox">
    <ScreenID>BZR_ClassSlotCombobox</ScreenID>
    <DrawTemplate>WDT_Inner</DrawTemplate>
    <Location>
      <X>135</X>
      <Y>29</Y>
    </Location>
    <Size>
      <CX>130</CX>
      <CY>25</CY>
    </Size>
    <TextColor>
      <R>255</R>
      <G>255</G>
      <B>255</B>
    </TextColor>
    <ListHeight>430</ListHeight>
    <Button>BDT_Combo</Button>
    <Style_Border>true</Style_Border>
    <Font>2</Font>
  </Combobox>
  <Label item="BZR_ItemTypeLabel">
    <ScreenID>BZR_ItemTypeLabel</ScreenID>
    <!--<Font>3</Font>-->
    <RelativePosition>true</RelativePosition>
    <Location>
      <X>-101</X>
      <Y>525</Y>
    </Location>
    <Size>
      <CX>78</CX>
      <CY>15</CY>
    </Size>
    <Text>Select By Type</Text>
    <TextColor>
      <R>255</R>
      <G>255</G>
      <B>255</B>
    </TextColor>
    <NoWrap>true</NoWrap>
    <AlignCenter>false</AlignCenter>
    <AlignRight>false</AlignRight>
    <Font>2</Font>
  </Label>
  <Combobox item="BZR_ItemTypeCombobox">
    <ScreenID>BZR_ItemTypeCombobox</ScreenID>
    <DrawTemplate>WDT_Inner</DrawTemplate>
    <Location>
      <X>401</X>
      <Y>1</Y>
    </Location>
    <Size>
      <CX>130</CX>
      <CY>25</CY>
    </Size>
    <TextColor>
      <R>255</R>
      <G>255</G>
      <B>255</B>
    </TextColor>
    <ListHeight>600</ListHeight>
    <Button>BDT_Combo</Button>
    <Style_Border>true</Style_Border>
    <Font>2</Font>
  </Combobox>
  <Label item="BZR_MaxResultsPerTraderLabel">
    <ScreenID>BZR_MaxResultsPerTraderLabel</ScreenID>
    <!--<Font>3</Font>-->
    <RelativePosition>true</RelativePosition>
    <AutoStretch>true</AutoStretch>
    <LeftAnchorOffset>34</LeftAnchorOffset>
    <TopAnchorOffset>30</TopAnchorOffset>
    <RightAnchorOffset>97</RightAnchorOffset>
    <BottomAnchorOffset>5</BottomAnchorOffset>
    <TopAnchorToTop>false</TopAnchorToTop>
    <BottomAnchorToTop>false</BottomAnchorToTop>
    <LeftAnchorToLeft>true</LeftAnchorToLeft>
    <RightAnchorToLeft>true</RightAnchorToLeft>
    <Text>Max Results Per Trader</Text>
    <TextColor>
      <R>255</R>
      <G>255</G>
      <B>255</B>
    </TextColor>
    <NoWrap>False</NoWrap>
    <AlignCenter>false</AlignCenter>
    <AlignRight>false</AlignRight>
    <Font>2</Font>
  </Label>
  <Editbox item="BZR_MaxResultsPerTraderInput">
    <ScreenID>BZR_MaxResultsPerTraderInput</ScreenID>
    <DrawTemplate>WDT_Inner</DrawTemplate>
    <TooltipReference>How many results in a search can belong to a single trader.</TooltipReference>
    <RelativePosition>true</RelativePosition>
    <AutoStretch>true</AutoStretch>
    <LeftAnchorOffset>2</LeftAnchorOffset>
    <TopAnchorOffset>30</TopAnchorOffset>
    <RightAnchorOffset>31</RightAnchorOffset>
    <BottomAnchorOffset>5</BottomAnchorOffset>
    <TopAnchorToTop>false</TopAnchorToTop>
    <BottomAnchorToTop>false</BottomAnchorToTop>
    <LeftAnchorToLeft>true</LeftAnchorToLeft>
    <RightAnchorToLeft>true</RightAnchorToLeft>
    <TextColor>
      <R>255</R>
      <G>255</G>
      <B>255</B>
    </TextColor>
    <ListHeight>80</ListHeight>
    <Button>BDT_Combo</Button>
    <Style_Border>true</Style_Border>
    <Font>2</Font>
  </Editbox>
  <Button item="BZR_BuyButton">
    <ScreenID>BZR_BuyButton</ScreenID>
    <RelativePosition>true</RelativePosition>
    <Location>
      <X>0</X>
      <Y>0</Y>
    </Location>
    <Size>
      <CX>30</CX>
      <CY>20</CY>
    </Size>
    <Text>Buy</Text>
    <TextColor>
      <R>255</R>
      <G>255</G>
      <B>255</B>
    </TextColor>
    <Template>BDT_Blue</Template>
  </Button>
  <Label item="BZR_ItemPrestigeLabel">
    <ScreenID>BZR_ItemPrestigeLabel</ScreenID>
    <!--<Font>3</Font>-->
    <RelativePosition>true</RelativePosition>
    <Location>
      <X>-142</X>
      <Y>391</Y>
    </Location>
    <Size>
      <CX>130</CX>
      <CY>15</CY>
    </Size>
    <Text>Select By Prestige</Text>
    <TextColor>
      <R>255</R>
      <G>255</G>
      <B>255</B>
    </TextColor>
    <NoWrap>true</NoWrap>
    <AlignCenter>false</AlignCenter>
    <AlignRight>false</AlignRight>
  </Label>
  <Combobox item="BZR_ItemPrestigeCombobox">
    <ScreenID>BZR_ItemPrestigeCombobox</ScreenID>
    <DrawTemplate>WDT_Inner</DrawTemplate>
    <TooltipReference>Filter based on item Prestige status.</TooltipReference>
    <Location>
      <X>2</X>
      <Y>1</Y>
    </Location>
    <Size>
      <CX>130</CX>
      <CY>25</CY>
    </Size>
    <TextColor>
      <R>255</R>
      <G>255</G>
      <B>255</B>
    </TextColor>
    <ListHeight>430</ListHeight>
    <Button>BDT_Combo</Button>
    <Style_Border>true</Style_Border>
    <Font>2</Font>
  </Combobox>
  <Label item="BZR_ItemAugmentLabel">
    <ScreenID>BZR_ItemAugmentLabel</ScreenID>
    <!--<Font>3</Font>-->
    <RelativePosition>true</RelativePosition>
    <Location>
      <X>-141</X>
      <Y>424</Y>
    </Location>
    <Size>
      <CX>130</CX>
      <CY>15</CY>
    </Size>
    <Text>Select By Augment Slot</Text>
    <TextColor>
      <R>255</R>
      <G>255</G>
      <B>255</B>
    </TextColor>
    <NoWrap>true</NoWrap>
    <AlignCenter>false</AlignCenter>
    <AlignRight>false</AlignRight>
  </Label>
  <Combobox item="BZR_ItemAugmentCombobox">
    <ScreenID>BZR_ItemAugmentCombobox</ScreenID>
    <DrawTemplate>WDT_Inner</DrawTemplate>
    <TooltipReference>Filter based on item augment slot.</TooltipReference>
    <Location>
      <X>2</X>
      <Y>29</Y>
    </Location>
    <Size>
      <CX>130</CX>
      <CY>25</CY>
    </Size>
    <TextColor>
      <R>255</R>
      <G>255</G>
      <B>255</B>
    </TextColor>
    <ListHeight>430</ListHeight>
    <Button>BDT_Combo</Button>
    <Style_Border>true</Style_Border>
    <Font>2</Font>
  </Combobox>
  <Screen item="BazaarSearchWnd">
    <ScreenID />
    <RelativePosition>false</RelativePosition>
    <Location>
      <X>200</X>
      <Y>200</Y>
    </Location>
    <Size>
      <CX>543</CX>
      <CY>450</CY>
    </Size>
    <Text>Sparxx - Bazaar Search</Text>
    <Style_Transparent>false</Style_Transparent>
    <!--<TooltipReference/>-->
    <DrawTemplate>WDT_Rounded</DrawTemplate>
    <Style_Titlebar>true</Style_Titlebar>
    <Style_Closebox>true</Style_Closebox>
    <Style_Minimizebox>true</Style_Minimizebox>
    <Style_Border>true</Style_Border>
    <Style_Sizable>true</Style_Sizable>
    <Font>2</Font>
    <MinHSize>535</MinHSize>
    <MinVSize>450</MinVSize>
    <Pieces>BZR_MaxPriceInput</Pieces>
    <Pieces>BZR_MinPriceInput</Pieces>
    <Pieces>BZR_MaxPriceLabel</Pieces>
    <Pieces>BZR_MinPriceLabel</Pieces>
    <Pieces>BZR_MaxLevelInput</Pieces>
    <Pieces>BZR_MinLevelInput</Pieces>
    <Pieces>BZR_MaxLevelLabel</Pieces>
    <Pieces>BZR_MinLevelLabel</Pieces>
    <Pieces>BZR_ItemNameInput</Pieces>
    <Pieces>BZR_MaxResultsPerTraderLabel</Pieces>
    <Pieces>BZR_MaxResultsPerTraderInput</Pieces>
    <Pieces>BZR_QueryButton</Pieces>
    <Pieces>BZR_ItemNameLabel</Pieces>
    <Pieces>BZR_PlayersLabel</Pieces>
    <Pieces>BZR_ItemSlotLabel</Pieces>
    <Pieces>BZR_StatSlotLabel</Pieces>
    <Pieces>BZR_RaceSlotLabel</Pieces>
    <Pieces>BZR_ClassSlotLabel</Pieces>
    <Pieces>BZR_ItemTypeLabel</Pieces>
    <Pieces>BZR_ItemList</Pieces>
    <Pieces>BZR_SearchResultLabel</Pieces>
    <Pieces>BZR_WelcomeButton</Pieces>
    <Pieces>BZR_UpdatePlayerButton</Pieces>
    <Pieces>BZR_RequestItemButton</Pieces>
    <Pieces>BZR_RequestPreviewButton</Pieces>
    <Pieces>BZR_FindTraderButton</Pieces>
    <Pieces>BZR_HideTradersButton</Pieces>
    <Pieces>BZR_Default</Pieces>
    <Pieces>BZR_ClassSlotCombobox</Pieces>
    <Pieces>BZR_StatSlotCombobox</Pieces>
    <Pieces>BZR_PlayersCombobox</Pieces>
    <Pieces>BZR_ItemTypeCombobox</Pieces>
    <Pieces>BZR_RaceSlotCombobox</Pieces>
    <Pieces>BZR_ItemSlotCombobox</Pieces>
    <Pieces>BZR_BuyButton</Pieces>
    <Pieces>BSInspectLabel</Pieces>
    <Pieces>BSTraderLabel</Pieces>
    <Pieces>BZR_ItemPrestigeLabel</Pieces>
    <Pieces>BZR_ItemPrestigeCombobox</Pieces>
    <Pieces>BZR_ItemAugmentLabel</Pieces>
    <Pieces>BZR_ItemAugmentCombobox</Pieces>
  </Screen>
</XML>