<?xml version="1.0" encoding="us-ascii"?>
<XML ID="EQInterfaceDefinitionLanguage">
  <Schema xmlns="EverQuestData" xmlns:dt="EverQuestDataTypes" />
  <Label item="ISW_Type_Label">
    <ScreenID>ISW_Type_Label</ScreenID>
    <RelativePosition>true</RelativePosition>
    <AutoStretch>true</AutoStretch>
    <TopAnchorOffset>17</TopAnchorOffset>
    <BottomAnchorOffset>37</BottomAnchorOffset>
    <LeftAnchorOffset>5</LeftAnchorOffset>
    <RightAnchorOffset>35</RightAnchorOffset>
    <Style_Transparent>true</Style_Transparent>
    <Text>Type:</Text>
    <TextColor>
      <R>255</R>
      <G>255</G>
      <B>255</B>
    </TextColor>
    <AlignRight>true</AlignRight>
  </Label>
  <Combobox item="ISW_Type_Combobox">
    <ScreenID>ISW_Type_Combobox</ScreenID>
    <DrawTemplate>WDT_Inner</DrawTemplate>
    <AutoStretch>true</AutoStretch>
    <TopAnchorOffset>16</TopAnchorOffset>
    <BottomAnchorOffset>36</BottomAnchorOffset>
    <LeftAnchorOffset>40</LeftAnchorOffset>
    <RightAnchorOffset>90</RightAnchorOffset>
    <TextColor>
      <R>255</R>
      <G>255</G>
      <B>255</B>
    </TextColor>
    <ListHeight>60</ListHeight>
    <Button>BDT_Combo</Button>
    <Style_Border>true</Style_Border>
    <Choices>Item</Choices>
    <Choices>Spell</Choices>
    <Choices>Menu</Choices>
  </Combobox>
  <Label item="ISW_PerPage_Label">
    <ScreenID>ISW_PerPage_Label</ScreenID>
    <RelativePosition>true</RelativePosition>
    <AutoStretch>true</AutoStretch>
    <TopAnchorOffset>9</TopAnchorOffset>
    <BottomAnchorOffset>43</BottomAnchorOffset>
    <LeftAnchorOffset>100</LeftAnchorOffset>
    <RightAnchorOffset>135</RightAnchorOffset>
    <Style_Transparent>true</Style_Transparent>
    <Text># Per Page:</Text>
    <TextColor>
      <R>255</R>
      <G>255</G>
      <B>255</B>
    </TextColor>
  </Label>
  <Combobox item="ISW_PerPage_Combobox">
    <ScreenID>ISW_PerPage_Combobox</ScreenID>
    <DrawTemplate>WDT_Inner</DrawTemplate>
    <AutoStretch>true</AutoStretch>
    <TopAnchorOffset>16</TopAnchorOffset>
    <BottomAnchorOffset>36</BottomAnchorOffset>
    <LeftAnchorOffset>140</LeftAnchorOffset>
    <RightAnchorOffset>190</RightAnchorOffset>
    <TextColor>
      <R>255</R>
      <G>255</G>
      <B>255</B>
    </TextColor>
    <ListHeight>80</ListHeight>
    <Button>BDT_Combo</Button>
    <Style_Border>true</Style_Border>
    <Choices>50</Choices>
    <Choices>100</Choices>
    <Choices>500</Choices>
    <Choices>1000</Choices>
    <Choices>All</Choices>
  </Combobox>
  <Label item="ISW_Page_Label">
    <ScreenID>ISW_Page_Label</ScreenID>
    <RelativePosition>true</RelativePosition>
    <AutoStretch>true</AutoStretch>
    <TopAnchorOffset>7</TopAnchorOffset>
    <BottomAnchorOffset>25</BottomAnchorOffset>
    <LeftAnchorOffset>200</LeftAnchorOffset>
    <RightAnchorOffset>235</RightAnchorOffset>
    <Style_Transparent>true</Style_Transparent>
    <Text>Page:</Text>
    <TextColor>
      <R>255</R>
      <G>255</G>
      <B>255</B>
    </TextColor>
  </Label>
  <Button item="ISW_PageLeft_Button">
    <ScreenID>ISW_PageLeft_Button</ScreenID>
    <RelativePosition>true</RelativePosition>
    <AutoStretch>true</AutoStretch>
    <TopAnchorOffset>9</TopAnchorOffset>
    <BottomAnchorOffset>21</BottomAnchorOffset>
    <LeftAnchorOffset>235</LeftAnchorOffset>
    <RightAnchorOffset>257</RightAnchorOffset>
    <TextColor>
      <R>255</R>
      <G>255</G>
      <B>255</B>
    </TextColor>
    <Template>BDT_HSBLeft</Template>
  </Button>
  <Label item="ISW_PageIndex_Label">
    <ScreenID>ISW_PageIndex_Label</ScreenID>
    <RelativePosition>true</RelativePosition>
    <AutoStretch>true</AutoStretch>
    <TopAnchorOffset>7</TopAnchorOffset>
    <BottomAnchorOffset>25</BottomAnchorOffset>
    <LeftAnchorOffset>257</LeftAnchorOffset>
    <RightAnchorOffset>283</RightAnchorOffset>
    <Style_Transparent>true</Style_Transparent>
    <Text>000</Text>
    <TextColor>
      <R>255</R>
      <G>255</G>
      <B>255</B>
    </TextColor>
    <AlignCenter>true</AlignCenter>
  </Label>
  <Button item="ISW_PageRight_Button">
    <ScreenID>ISW_PageRight_Button</ScreenID>
    <RelativePosition>true</RelativePosition>
    <AutoStretch>true</AutoStretch>
    <TopAnchorOffset>9</TopAnchorOffset>
    <BottomAnchorOffset>21</BottomAnchorOffset>
    <LeftAnchorOffset>283</LeftAnchorOffset>
    <RightAnchorOffset>305</RightAnchorOffset>
    <TextColor>
      <R>255</R>
      <G>255</G>
      <B>255</B>
    </TextColor>
    <Template>BDT_HSBRight</Template>
  </Button>
  <Label item="ISW_PageRange_Label">
    <ScreenID>ISW_PageRange_Label</ScreenID>
    <RelativePosition>true</RelativePosition>
    <AutoStretch>true</AutoStretch>
    <TopAnchorOffset>27</TopAnchorOffset>
    <BottomAnchorOffset>45</BottomAnchorOffset>
    <LeftAnchorOffset>200</LeftAnchorOffset>
    <RightAnchorOffset>330</RightAnchorOffset>
    <Style_Transparent>true</Style_Transparent>
    <Text>Icons: 0000 - 0000</Text>
    <TextColor>
      <R>255</R>
      <G>255</G>
      <B>255</B>
    </TextColor>
  </Label>
  <Button item="ISW_SelectedItem_Button">
    <ScreenID>ISW_SelectedItem_Button</ScreenID>
    <RelativePosition>true</RelativePosition>
    <AutoStretch>true</AutoStretch>
    <TopAnchorOffset>5</TopAnchorOffset>
    <BottomAnchorOffset>45</BottomAnchorOffset>
    <LeftAnchorOffset>105</LeftAnchorOffset>
    <RightAnchorOffset>65</RightAnchorOffset>
    <LeftAnchorToLeft>false</LeftAnchorToLeft>
    <RightAnchorToLeft>false</RightAnchorToLeft>
    <Template>BDT_DragItem</Template>
    <DecalOffset>
      <X>2</X>
      <Y>2</Y>
    </DecalOffset>
    <DecalSize>
      <CX>36</CX>
      <CY>36</CY>
    </DecalSize>
  </Button>
  <Label item="ISW_Slot_Label">
    <ScreenID>ISW_Slot_Label</ScreenID>
    <RelativePosition>true</RelativePosition>
    <AutoStretch>true</AutoStretch>
    <TopAnchorOffset>7</TopAnchorOffset>
    <BottomAnchorOffset>25</BottomAnchorOffset>
    <LeftAnchorOffset>60</LeftAnchorOffset>
    <RightAnchorOffset>45</RightAnchorOffset>
    <LeftAnchorToLeft>false</LeftAnchorToLeft>
    <RightAnchorToLeft>false</RightAnchorToLeft>
    <Style_Transparent>true</Style_Transparent>
    <Text>ID:</Text>
    <TextColor>
      <R>255</R>
      <G>255</G>
      <B>255</B>
    </TextColor>
    <AlignRight>true</AlignRight>
  </Label>
  <Editbox item="ISW_Slot_EditBox">
    <ScreenID>ISW_Slot_EditBox</ScreenID>
    <DrawTemplate>WDT_Inner</DrawTemplate>
    <RelativePosition>true</RelativePosition>
    <AutoStretch>true</AutoStretch>
    <TopAnchorOffset>5</TopAnchorOffset>
    <BottomAnchorOffset>25</BottomAnchorOffset>
    <LeftAnchorOffset>45</LeftAnchorOffset>
    <RightAnchorOffset>5</RightAnchorOffset>
    <LeftAnchorToLeft>false</LeftAnchorToLeft>
    <RightAnchorToLeft>false</RightAnchorToLeft>
    <Style_Transparent>true</Style_Transparent>
    <Style_Border>true</Style_Border>
    <TextColor>
      <R>255</R>
      <G>255</G>
      <B>255</B>
    </TextColor>
  </Editbox>
  <Button item="ISW_Accept_Button">
    <ScreenID>ISW_Accept_Button</ScreenID>
    <RelativePosition>true</RelativePosition>
    <AutoStretch>true</AutoStretch>
    <TopAnchorOffset>25</TopAnchorOffset>
    <BottomAnchorOffset>45</BottomAnchorOffset>
    <LeftAnchorOffset>60</LeftAnchorOffset>
    <RightAnchorOffset>5</RightAnchorOffset>
    <LeftAnchorToLeft>false</LeftAnchorToLeft>
    <RightAnchorToLeft>false</RightAnchorToLeft>
    <Text>Accept</Text>
    <TextColor>
      <R>255</R>
      <G>255</G>
      <B>255</B>
    </TextColor>
    <Template>BDT_Normal</Template>
  </Button>
  <Button item="ISW_IconTemplate_Button">
    <ScreenID>ISW_IconTemplate_Button</ScreenID>
    <RelativePosition>true</RelativePosition>
    <Size>
      <CX>40</CX>
      <CY>40</CY>
    </Size>
    <DecalSize>
      <CX>36</CX>
      <CY>36</CY>
    </DecalSize>
  </Button>
  <TileLayoutBox item="ISW_Icons">
    <ScreenID>ISW_Icons</ScreenID>
    <DrawTemplate>WDT_RoundedNoTitle</DrawTemplate>
    <RelativePosition>true</RelativePosition>
    <Style_AutoVScroll>true</Style_AutoVScroll>
    <Style_VScroll>true</Style_VScroll>
    <AutoStretch>true</AutoStretch>
    <TopAnchorOffset>55</TopAnchorOffset>
    <BottomAnchorOffset>5</BottomAnchorOffset>
    <LeftAnchorOffset>5</LeftAnchorOffset>
    <RightAnchorOffset>5</RightAnchorOffset>
    <BottomAnchorToTop>false</BottomAnchorToTop>
    <RightAnchorToLeft>false</RightAnchorToLeft>
    <Style_Border>true</Style_Border>
    <Style_Transparent>true</Style_Transparent>
    <Spacing>0</Spacing>
    <SecondarySpacing>0</SecondarySpacing>
    <HorizontalFirst>true</HorizontalFirst>
    <AnchorToTop>true</AnchorToTop>
    <AnchorToLeft>true</AnchorToLeft>
    <FirstPieceTemplate>true</FirstPieceTemplate>
    <Pieces>ISW_IconTemplate_Button</Pieces>
  </TileLayoutBox>
  <Screen item="IconSelectionWnd">
    <RelativePosition>false</RelativePosition>
    <Size>
      <CX>450</CX>
      <CY>300</CY>
    </Size>
    <MinHSize>435</MinHSize>
    <MinVSize>200</MinVSize>
    <Text>Sparxx Icon Selection</Text>
    <DrawTemplate>WDT_Rounded</DrawTemplate>
    <Style_Titlebar>true</Style_Titlebar>
    <Style_Closebox>true</Style_Closebox>
    <Style_Border>true</Style_Border>
    <Style_Sizable>true</Style_Sizable>
    <Pieces>ISW_Type_Label</Pieces>
    <Pieces>ISW_Type_Combobox</Pieces>
    <Pieces>ISW_PerPage_Label</Pieces>
    <Pieces>ISW_PerPage_Combobox</Pieces>
    <Pieces>ISW_Page_Label</Pieces>
    <Pieces>ISW_PageLeft_Button</Pieces>
    <Pieces>ISW_PageIndex_Label</Pieces>
    <Pieces>ISW_PageRight_Button</Pieces>
    <Pieces>ISW_PageRange_Label</Pieces>
    <Pieces>ISW_SelectedItem_Button</Pieces>
    <Pieces>ISW_Slot_Label</Pieces>
    <Pieces>ISW_Slot_EditBox</Pieces>
    <Pieces>ISW_Accept_Button</Pieces>
    <Pieces>TileLayoutBox:ISW_Icons</Pieces>
    <Font>2</Font>
  </Screen>
</XML>