<?xml version="1.0" encoding="us-ascii"?>
<XML ID="EQInterfaceDefinitionLanguage">
  <Schema xmlns="EverQuestData" xmlns:dt="EverQuestDataTypes" />
  <Button item="SL_RefreshButton">
    <ScreenID>SL_RefreshButton</ScreenID>
    <RelativePosition>true</RelativePosition>
    <Location>
      <X>311</X>
      <Y>254</Y>
    </Location>
    <Size>
      <CX>82</CX>
      <CY>26</CY>
    </Size>
    <Style_VScroll>false</Style_VScroll>
    <Style_HScroll>false</Style_HScroll>
    <Style_Transparent>false</Style_Transparent>
    <Style_Checkbox>false</Style_Checkbox>
    <Text>Refresh</Text>
    <TextColor>
      <R>255</R>
      <G>255</G>
      <B>255</B>
    </TextColor>
    <ButtonDrawTemplate>
      <Normal>A_BtnNormal</Normal>
      <Pressed>A_BtnPressed</Pressed>
      <Flyby>A_BtnFlyby</Flyby>
      <Disabled>A_BtnDisabled</Disabled>
      <PressedFlyby>A_BtnPressedFlyby</PressedFlyby>
    </ButtonDrawTemplate>
    <Font>2</Font>
  </Button>
  <Editbox item="SL_DestNameEdit">
    <ScreenID>SL_DestNameEdit</ScreenID>
    <DrawTemplate>WDT_Inner</DrawTemplate>
    <TextColor>
      <R>255</R>
      <G>255</G>
      <B>255</B>
    </TextColor>
    <Size>
      <CX>156</CX>
      <CY>24</CY>
    </Size>
    <Location>
      <X>129</X>
      <Y>251</Y>
    </Location>
    <Style_Border>true</Style_Border>
    <Font>2</Font>
  </Editbox>
  <Label item="SL_DestNameLabel">
    <ScreenID>SL_DestNameLabel</ScreenID>
    <Font>2</Font>
    <Text>Alternate name:</Text>
    <TextColor>
      <R>255</R>
      <G>255</G>
      <B>255</B>
    </TextColor>
    <Size>
      <CX>108</CX>
      <CY>20</CY>
    </Size>
    <AlignCenter>false</AlignCenter>
    <Location>
      <X>18</X>
      <Y>254</Y>
    </Location>
  </Label>
  <Label item="SL_ServerListPrompt">
    <ScreenID>SL_ServerListPrompt</ScreenID>
    <!--<Font>3</Font>-->
    <RelativePosition>true</RelativePosition>
    <Location>
      <X>5</X>
      <Y>5</Y>
    </Location>
    <Size>
      <CX>400</CX>
      <CY>110</CY>
    </Size>
    <Text>Please select a server</Text>
    <TextColor>
      <R>255</R>
      <G>255</G>
      <B>255</B>
    </TextColor>
    <NoWrap>false</NoWrap>
    <AlignCenter>true</AlignCenter>
    <AlignRight>false</AlignRight>
    <Font>2</Font>
  </Label>
  <Listbox item="SL_ServerList">
    <ScreenID>SL_ServerList</ScreenID>
    <DrawTemplate>WDT_Inner</DrawTemplate>
    <TooltipReference>List of available servers, including whether your name is in use on that server.</TooltipReference>
    <RelativePosition>true</RelativePosition>
    <Style_Border>true</Style_Border>
    <Style_VScroll>true</Style_VScroll>
    <Location>
      <X>18</X>
      <Y>120</Y>
    </Location>
    <Size>
      <CX>375</CX>
      <CY>120</CY>
    </Size>
    <TextColor>
      <R>255</R>
      <G>255</G>
      <B>255</B>
    </TextColor>
    <Columns>
      <Width>130</Width>
      <Heading>Server</Heading>
    </Columns>
    <Columns>
      <Width>150</Width>
      <Heading>Character Name In Use?</Heading>
    </Columns>
    <Columns>
      <Width>100</Width>
      <Heading>Free Transfer</Heading>
    </Columns>
    <Font>2</Font>
  </Listbox>
  <Button item="SL_DisableReminderButton">
    <ScreenID>SL_DisableReminderButton</ScreenID>
    <!--<Font>3</Font>-->
    <RelativePosition>true</RelativePosition>
    <Location>
      <X>18</X>
      <Y>295</Y>
    </Location>
    <Size>
      <CX>90</CX>
      <CY>36</CY>
    </Size>
    <Style_Transparent>false</Style_Transparent>
    <!--<TooltipReference/>-->
    <Style_Checkbox>false</Style_Checkbox>
    <!--<RadioGroup/>-->
    <Text>Disable Reminder</Text>
    <TextColor>
      <R>255</R>
      <G>255</G>
      <B>255</B>
    </TextColor>
    <ButtonDrawTemplate>
      <Normal>A_BtnNormal</Normal>
      <Pressed>A_BtnPressed</Pressed>
      <Flyby>A_BtnFlyby</Flyby>
      <Disabled>A_BtnDisabled</Disabled>
      <PressedFlyby>A_BtnPressedFlyby</PressedFlyby>
    </ButtonDrawTemplate>
    <Style_Border>False</Style_Border>
    <Font>2</Font>
  </Button>
  <Button item="SL_TransferButton">
    <ScreenID>SL_TransferButton</ScreenID>
    <!--<Font>3</Font>-->
    <RelativePosition>true</RelativePosition>
    <Location>
      <X>156</X>
      <Y>290</Y>
    </Location>
    <Size>
      <CX>100</CX>
      <CY>46</CY>
    </Size>
    <Style_Transparent>false</Style_Transparent>
    <!--<TooltipReference/>-->
    <Style_Checkbox>false</Style_Checkbox>
    <!--<RadioGroup/>-->
    <Text>Transfer</Text>
    <TextColor>
      <R>255</R>
      <G>255</G>
      <B>255</B>
    </TextColor>
    <ButtonDrawTemplate>
      <Normal>A_BtnNormal</Normal>
      <Pressed>A_BtnPressed</Pressed>
      <Flyby>A_BtnFlyby</Flyby>
      <Disabled>A_BtnDisabled</Disabled>
      <PressedFlyby>A_BtnPressedFlyby</PressedFlyby>
    </ButtonDrawTemplate>
    <Font>2</Font>
  </Button>
  <Button item="SL_CloseButton">
    <ScreenID>SL_CloseButton</ScreenID>
    <!--<Font>3</Font>-->
    <RelativePosition>true</RelativePosition>
    <Location>
      <X>303</X>
      <Y>295</Y>
    </Location>
    <Size>
      <CX>90</CX>
      <CY>36</CY>
    </Size>
    <Style_Transparent>false</Style_Transparent>
    <!--<TooltipReference/>-->
    <Style_Checkbox>false</Style_Checkbox>
    <!--<RadioGroup/>-->
    <Text>Remind Me Later</Text>
    <TextColor>
      <R>255</R>
      <G>255</G>
      <B>255</B>
    </TextColor>
    <ButtonDrawTemplate>
      <Normal>A_BtnNormal</Normal>
      <Pressed>A_BtnPressed</Pressed>
      <Flyby>A_BtnFlyby</Flyby>
      <Disabled>A_BtnDisabled</Disabled>
      <PressedFlyby>A_BtnPressedFlyby</PressedFlyby>
    </ButtonDrawTemplate>
    <Font>2</Font>
  </Button>
  <Screen item="ServerListWnd">
    <!--<ScreenID/>-->
    <!--<Font/>-->
    <RelativePosition>false</RelativePosition>
    <Location>
      <X>200</X>
      <Y>200</Y>
    </Location>
    <Size>
      <CX>420</CX>
      <CY>365</CY>
    </Size>
    <Text>Sparxx - Server Transfer List</Text>
    <Style_Transparent>false</Style_Transparent>
    <!--<TooltipReference/>-->
    <DrawTemplate>WDT_Rounded</DrawTemplate>
    <Style_Titlebar>true</Style_Titlebar>
    <Style_Closebox>true</Style_Closebox>
    <Style_Minimizebox>false</Style_Minimizebox>
    <Style_Border>true</Style_Border>
    <Style_Sizable>false</Style_Sizable>
    <Pieces>SL_ServerListPrompt</Pieces>
    <Pieces>SL_ServerList</Pieces>
    <Pieces>SL_TransferButton</Pieces>
    <Pieces>SL_DisableReminderButton</Pieces>
    <Pieces>SL_CloseButton</Pieces>
    <Pieces>SL_DestNameLabel</Pieces>
    <Pieces>SL_DestNameEdit</Pieces>
    <Pieces>SL_RefreshButton</Pieces>
    <Font>2</Font>
  </Screen>
</XML>