<?xml version="1.0" encoding="us-ascii"?>
<XML ID="EQInterfaceDefinitionLanguage">
  <Schema xmlns="EverQuestData" xmlns:dt="EverQuestDataTypes" />
  <TextureInfo item="LON.tga">
    <Size>
      <CX>256</CX>
      <CY>512</CY>
    </Size>
  </TextureInfo>
  <Ui2DAnimation item="A_LON">
    <Frames>
      <Texture>LON.tga</Texture>
      <Location>
        <X>0</X>
        <Y>0</Y>
      </Location>
      <Size>
        <CX>220</CX>
        <CY>100</CY>
      </Size>
    </Frames>
  </Ui2DAnimation>
  <Ui2DAnimation item="A_LeftShield">
    <Frames>
      <Texture>LON.tga</Texture>
      <Location>
        <X>193</X>
        <Y>151</Y>
      </Location>
      <Size>
        <CX>63</CX>
        <CY>106</CY>
      </Size>
    </Frames>
  </Ui2DAnimation>
  <Ui2DAnimation item="A_RightShield">
    <Frames>
      <Texture>LON.tga</Texture>
      <Location>
        <X>129</X>
        <Y>151</Y>
      </Location>
      <Size>
        <CX>63</CX>
        <CY>106</CY>
      </Size>
    </Frames>
  </Ui2DAnimation>
  <Ui2DAnimation item="A_HorizontalLine">
    <Frames>
      <Texture>LON.tga</Texture>
      <Location>
        <X>0</X>
        <Y>497</Y>
      </Location>
      <Size>
        <CX>15</CX>
        <CY>15</CY>
      </Size>
    </Frames>
  </Ui2DAnimation>
  <Ui2DAnimation item="A_LONLearn">
    <Frames>
      <Texture>LON.tga</Texture>
      <Location>
        <X>10</X>
        <Y>248</Y>
      </Location>
      <Size>
        <CX>44</CX>
        <CY>65</CY>
      </Size>
    </Frames>
  </Ui2DAnimation>
  <Ui2DAnimation item="A_LONLearnOver">
    <Frames>
      <Texture>LON.tga</Texture>
      <Location>
        <X>73</X>
        <Y>248</Y>
      </Location>
      <Size>
        <CX>44</CX>
        <CY>65</CY>
      </Size>
    </Frames>
  </Ui2DAnimation>
  <Ui2DAnimation item="A_LONPlay">
    <Frames>
      <Texture>LON.tga</Texture>
      <Location>
        <X>0</X>
        <Y>315</Y>
      </Location>
      <Size>
        <CX>75</CX>
        <CY>65</CY>
      </Size>
    </Frames>
  </Ui2DAnimation>
  <Ui2DAnimation item="A_LONPlayOver">
    <Frames>
      <Texture>LON.tga</Texture>
      <Location>
        <X>75</X>
        <Y>315</Y>
      </Location>
      <Size>
        <CX>75</CX>
        <CY>65</CY>
      </Size>
    </Frames>
  </Ui2DAnimation>
  <Ui2DAnimation item="A_LONChallenge">
    <Frames>
      <Texture>LON.tga</Texture>
      <Location>
        <X>0</X>
        <Y>100</Y>
      </Location>
      <Size>
        <CX>64</CX>
        <CY>75</CY>
      </Size>
    </Frames>
  </Ui2DAnimation>
  <Ui2DAnimation item="A_LONChallengeOver">
    <Frames>
      <Texture>LON.tga</Texture>
      <Location>
        <X>63</X>
        <Y>100</Y>
      </Location>
      <Size>
        <CX>64</CX>
        <CY>75</CY>
      </Size>
    </Frames>
  </Ui2DAnimation>
  <Ui2DAnimation item="A_LONDecline">
    <Frames>
      <Texture>LON.tga</Texture>
      <Location>
        <X>4</X>
        <Y>386</Y>
      </Location>
      <Size>
        <CX>68</CX>
        <CY>65</CY>
      </Size>
    </Frames>
  </Ui2DAnimation>
  <Ui2DAnimation item="A_LONDeclineOver">
    <Frames>
      <Texture>LON.tga</Texture>
      <Location>
        <X>79</X>
        <Y>386</Y>
      </Location>
      <Size>
        <CX>68</CX>
        <CY>65</CY>
      </Size>
    </Frames>
  </Ui2DAnimation>
  <Ui2DAnimation item="A_LONBlock">
    <Frames>
      <Texture>LON.tga</Texture>
      <Location>
        <X>8</X>
        <Y>175</Y>
      </Location>
      <Size>
        <CX>53</CX>
        <CY>70</CY>
      </Size>
    </Frames>
  </Ui2DAnimation>
  <Ui2DAnimation item="A_LONBlockOver">
    <Frames>
      <Texture>LON.tga</Texture>
      <Location>
        <X>71</X>
        <Y>175</Y>
      </Location>
      <Size>
        <CX>53</CX>
        <CY>70</CY>
      </Size>
    </Frames>
  </Ui2DAnimation>
  <StaticAnimation item="LONLogo">
    <ScreenID>LONLogo</ScreenID>
    <Location>
      <X>35</X>
      <Y>10</Y>
    </Location>
    <Size>
      <CX>220</CX>
      <CY>100</CY>
    </Size>
    <Animation>A_LON</Animation>
  </StaticAnimation>
  <StaticAnimation item="LeftShieldLogo">
    <ScreenID>LeftShieldLogo</ScreenID>
    <Location>
      <X>0</X>
      <Y>100</Y>
    </Location>
    <Size>
      <CX>63</CX>
      <CY>106</CY>
    </Size>
    <Animation>A_LeftShield</Animation>
  </StaticAnimation>
  <StaticAnimation item="RightShieldLogo">
    <ScreenID>RightShieldLogo</ScreenID>
    <Location>
      <X>432</X>
      <Y>100</Y>
    </Location>
    <Size>
      <CX>63</CX>
      <CY>106</CY>
    </Size>
    <Animation>A_RightShield</Animation>
  </StaticAnimation>
  <StaticAnimation item="HorizontalLineLogo">
    <ScreenID>HorizontalLineLogo</ScreenID>
    <Location>
      <X>63</X>
      <Y>144</Y>
    </Location>
    <Size>
      <CX>370</CX>
      <CY>15</CY>
    </Size>
    <Animation>A_HorizontalLine</Animation>
  </StaticAnimation>
  <StaticAnimation item="HorizontalLineButtonLogo">
    <ScreenID>HorizontalLineButtonLogo</ScreenID>
    <Location>
      <X>90</X>
      <Y>421</Y>
    </Location>
    <Size>
      <CX>300</CX>
      <CY>15</CY>
    </Size>
    <Animation>A_HorizontalLine</Animation>
  </StaticAnimation>
  <Label item="TCGStartupScreen_LearnToPlayTitle">
    <ScreenID>TCGStartupScreen_LearnToPlayTitle</ScreenID>
    <Font>5</Font>
    <Location>
      <X>80</X>
      <Y>170</Y>
    </Location>
    <Size>
      <CX>400</CX>
      <CY>200</CY>
    </Size>
    <Text>Learn To Play</Text>
    <TextColor>
      <R>255</R>
      <G>255</G>
      <B>255</B>
    </TextColor>
    <NoWrap>false</NoWrap>
    <AlignCenter>false</AlignCenter>
    <AlignRight>false</AlignRight>
  </Label>
  <Label item="TCGStartupScreen_LearnToPlayText">
    <ScreenID>TCGStartupScreen_LearnToPlayText</ScreenID>
    <Font>3</Font>
    <Location>
      <X>165</X>
      <Y>195</Y>
    </Location>
    <Size>
      <CX>300</CX>
      <CY>170</CY>
    </Size>
    <Text>Start the tutorial to learn how to play Legends of Norrath.</Text>
    <TextColor>
      <R>255</R>
      <G>255</G>
      <B>255</B>
    </TextColor>
    <NoWrap>false</NoWrap>
    <AlignCenter>false</AlignCenter>
    <AlignRight>false</AlignRight>
  </Label>
  <Button item="TCGStartupScreen_LearnToPlayBtn">
    <ScreenID>TCGStartupScreen_LearnToPlayBtn</ScreenID>
    <Font>1</Font>
    <RelativePosition>true</RelativePosition>
    <Location>
      <X>80</X>
      <Y>195</Y>
    </Location>
    <Size>
      <CX>77</CX>
      <CY>67</CY>
    </Size>
    <TooltipReference>Click this button to open up the Legends of Norrath tutorial.</TooltipReference>
    <Style_Checkbox>false</Style_Checkbox>
    <Text />
    <TextColor>
      <R>240</R>
      <G>180</G>
      <B>0</B>
    </TextColor>
    <ButtonDrawTemplate>
      <NormalDecal>A_LONLearn</NormalDecal>
      <FlybyDecal>A_LONLearnOver</FlybyDecal>
    </ButtonDrawTemplate>
    <DecalOffset>
      <X>17</X>
      <Y>4</Y>
    </DecalOffset>
    <DecalSize>
      <CX>45</CX>
      <CY>65</CY>
    </DecalSize>
  </Button>
  <Label item="TCGStartupScreen_PlayTitle">
    <ScreenID>TCGStartupScreen_PlayTitle</ScreenID>
    <Font>5</Font>
    <Location>
      <X>80</X>
      <Y>265</Y>
    </Location>
    <Size>
      <CX>400</CX>
      <CY>200</CY>
    </Size>
    <Text>Play</Text>
    <TextColor>
      <R>255</R>
      <G>255</G>
      <B>255</B>
    </TextColor>
    <NoWrap>false</NoWrap>
    <AlignCenter>false</AlignCenter>
    <AlignRight>false</AlignRight>
  </Label>
  <Label item="TCGStartupScreen_PlayText">
    <ScreenID>TCGStartupScreen_PlayText</ScreenID>
    <Font>3</Font>
    <Location>
      <X>165</X>
      <Y>290</Y>
    </Location>
    <Size>
      <CX>300</CX>
      <CY>170</CY>
    </Size>
    <Text>Create a new deck, trade cards, watch matches in progress, or just chat.  There's lots to do, and tournaments too!</Text>
    <TextColor>
      <R>255</R>
      <G>255</G>
      <B>255</B>
    </TextColor>
    <NoWrap>false</NoWrap>
    <AlignCenter>false</AlignCenter>
    <AlignRight>false</AlignRight>
  </Label>
  <Button item="TCGStartupScreen_PlayBtn">
    <ScreenID>TCGStartupScreen_PlayBtn</ScreenID>
    <Font>1</Font>
    <RelativePosition>true</RelativePosition>
    <Location>
      <X>80</X>
      <Y>290</Y>
    </Location>
    <Size>
      <CX>77</CX>
      <CY>67</CY>
    </Size>
    <TooltipReference>Click this button to play the Legends of Norrath card game.</TooltipReference>
    <Style_Checkbox>false</Style_Checkbox>
    <Text />
    <TextColor>
      <R>240</R>
      <G>180</G>
      <B>0</B>
    </TextColor>
    <ButtonDrawTemplate>
      <NormalDecal>A_LONPlay</NormalDecal>
      <FlybyDecal>A_LONPlayOver</FlybyDecal>
    </ButtonDrawTemplate>
    <DecalOffset>
      <X>3</X>
      <Y>3</Y>
    </DecalOffset>
    <DecalSize>
      <CX>75</CX>
      <CY>65</CY>
    </DecalSize>
  </Button>
  <Label item="TCGStartupScreen_IssueChallengeTitle">
    <ScreenID>TCGStartupScreen_IssueChallengeTitle</ScreenID>
    <Font>5</Font>
    <Location>
      <X>80</X>
      <Y>360</Y>
    </Location>
    <Size>
      <CX>400</CX>
      <CY>200</CY>
    </Size>
    <Text>Issue A Challenge</Text>
    <TextColor>
      <R>255</R>
      <G>255</G>
      <B>255</B>
    </TextColor>
    <NoWrap>false</NoWrap>
    <AlignCenter>false</AlignCenter>
    <AlignRight>false</AlignRight>
  </Label>
  <Label item="TCGStartupScreen_IssueChallengeText">
    <ScreenID>TCGStartupScreen_IssueChallengeText</ScreenID>
    <Font>3</Font>
    <Location>
      <X>165</X>
      <Y>390</Y>
    </Location>
    <Size>
      <CX>300</CX>
      <CY>200</CY>
    </Size>
    <Text>Challenge a friend or foe on any EverQuest or EverQuest II server to a battle of wits and wiles!</Text>
    <TextColor>
      <R>255</R>
      <G>255</G>
      <B>255</B>
    </TextColor>
    <NoWrap>false</NoWrap>
    <AlignCenter>false</AlignCenter>
    <AlignRight>false</AlignRight>
  </Label>
  <Button item="TCGStartupScreen_IssueChallengeBtn">
    <ScreenID>TCGStartupScreen_IssueChallengeBtn</ScreenID>
    <Font>1</Font>
    <RelativePosition>true</RelativePosition>
    <Location>
      <X>80</X>
      <Y>390</Y>
    </Location>
    <Size>
      <CX>77</CX>
      <CY>67</CY>
    </Size>
    <TooltipReference>Click this button to issue a challenge to another player.</TooltipReference>
    <Style_Checkbox>false</Style_Checkbox>
    <Text />
    <TextColor>
      <R>240</R>
      <G>180</G>
      <B>0</B>
    </TextColor>
    <ButtonDrawTemplate>
      <NormalDecal>A_LONChallenge</NormalDecal>
      <FlybyDecal>A_LONChallengeOver</FlybyDecal>
    </ButtonDrawTemplate>
    <DecalOffset>
      <X>8</X>
      <Y>-2</Y>
    </DecalOffset>
    <DecalSize>
      <CX>64</CX>
      <CY>75</CY>
    </DecalSize>
  </Button>
  <Button item="TCGStartupScreen_AutoDeclineTCGChallengesButton">
    <ScreenID>TCGStartupScreen_AutoDeclineTCGChallengesButton</ScreenID>
    <RelativePosition>true</RelativePosition>
    <Location>
      <X>300</X>
      <Y>450</Y>
    </Location>
    <Size>
      <CX>180</CX>
      <CY>20</CY>
    </Size>
    <Style_VScroll>false</Style_VScroll>
    <Style_HScroll>false</Style_HScroll>
    <Style_Transparent>false</Style_Transparent>
    <Style_Checkbox>true</Style_Checkbox>
    <Text>Auto Decline Challenges</Text>
    <TooltipReference>If checked, you will automatically decline all Legends of Norrath challenges.</TooltipReference>
    <TextColor>
      <R>240</R>
      <G>180</G>
      <B>0</B>
    </TextColor>
    <ButtonDrawTemplate>
      <NormalDecal>A_CheckBoxNormal</NormalDecal>
      <PressedDecal>A_CheckBoxPressed</PressedDecal>
    </ButtonDrawTemplate>
    <DecalOffset>
      <X>0</X>
      <Y>5</Y>
    </DecalOffset>
    <DecalSize>
      <CX>10</CX>
      <CY>10</CY>
    </DecalSize>
  </Button>
  <Screen item="TCGStartupScreen">
    <ScreenID>TCGStartupScreen</ScreenID>
    <RelativePosition>true</RelativePosition>
    <Style_Transparent>true</Style_Transparent>
    <Location>
      <X>0</X>
      <Y>0</Y>
    </Location>
    <Size>
      <CX>465</CX>
      <CY>470</CY>
    </Size>
    <DrawTemplate>WDT_Rounded</DrawTemplate>
    <Style_Border>false</Style_Border>
    <Style_Titlebar>false</Style_Titlebar>
    <Style_Closebox>false</Style_Closebox>
    <Style_Minimizebox>false</Style_Minimizebox>
    <Style_Sizable>false</Style_Sizable>
    <Pieces>TCGStartupScreen_LearnToPlayTitle</Pieces>
    <Pieces>TCGStartupScreen_LearnToPlayText</Pieces>
    <Pieces>TCGStartupScreen_LearnToPlayBtn</Pieces>
    <Pieces>TCGStartupScreen_PlayTitle</Pieces>
    <Pieces>TCGStartupScreen_PlayText</Pieces>
    <Pieces>TCGStartupScreen_PlayBtn</Pieces>
    <Pieces>TCGStartupScreen_IssueChallengeTitle</Pieces>
    <Pieces>TCGStartupScreen_IssueChallengeText</Pieces>
    <Pieces>TCGStartupScreen_IssueChallengeBtn</Pieces>
    <Pieces>TCGStartupScreen_AutoDeclineTCGChallengesButton</Pieces>
  </Screen>
  <Label item="TCGChallengeScreen_CharacterChallengeTitle">
    <ScreenID>TCGChallengeScreen_CharacterChallengeTitle</ScreenID>
    <Font>5</Font>
    <Location>
      <X>50</X>
      <Y>200</Y>
    </Location>
    <Size>
      <CX>400</CX>
      <CY>200</CY>
    </Size>
    <Text>Character to Challenge:</Text>
    <TextColor>
      <R>255</R>
      <G>255</G>
      <B>255</B>
    </TextColor>
    <NoWrap>false</NoWrap>
    <AlignCenter>false</AlignCenter>
    <AlignRight>false</AlignRight>
  </Label>
  <Editbox item="TCGChallengeScreen_CharacterChallengeInput">
    <ScreenID>TCGChallengeScreen_CharacterChallengeInput</ScreenID>
    <DrawTemplate>WDT_Inner</DrawTemplate>
    <RelativePosition>true</RelativePosition>
    <Style_Border>true</Style_Border>
    <Location>
      <X>50</X>
      <Y>225</Y>
    </Location>
    <Size>
      <CX>400</CX>
      <CY>20</CY>
    </Size>
    <TextColor>
      <R>255</R>
      <G>255</G>
      <B>255</B>
    </TextColor>
  </Editbox>
  <Label item="TCGChallengeScreen_CharacterChallengeText">
    <ScreenID>TCGChallengeScreen_CharacterChallengeText</ScreenID>
    <Font>3</Font>
    <Location>
      <X>50</X>
      <Y>255</Y>
    </Location>
    <Size>
      <CX>400</CX>
      <CY>200</CY>
    </Size>
    <Text>To challenge a character on a different world enter their name like this: ServerName.CharacterName (Use Lucan_DLere for Lucan D'Lere and Antonia_Bayle for Antonia Bayle).  To challenge a character on an EverQuest world enter their name like this: EQ.ServerName.CharacterName</Text>
    <TextColor>
      <R>255</R>
      <G>255</G>
      <B>255</B>
    </TextColor>
    <NoWrap>false</NoWrap>
    <AlignCenter>false</AlignCenter>
    <AlignRight>false</AlignRight>
  </Label>
  <Label item="TCGChallengeScreen_EnterChallengeTitle">
    <ScreenID>TCGChallengeScreen_EnterChallengeTitle</ScreenID>
    <Font>5</Font>
    <Location>
      <X>50</X>
      <Y>345</Y>
    </Location>
    <Size>
      <CX>400</CX>
      <CY>200</CY>
    </Size>
    <Text>Enter your challenge:</Text>
    <TextColor>
      <R>255</R>
      <G>255</G>
      <B>255</B>
    </TextColor>
    <NoWrap>false</NoWrap>
    <AlignCenter>false</AlignCenter>
    <AlignRight>false</AlignRight>
  </Label>
  <Editbox item="TCGChallengeScreen_EnterChallengeInput">
    <ScreenID>TCGChallengeScreen_EnterChallengeInput</ScreenID>
    <DrawTemplate>WDT_Inner</DrawTemplate>
    <RelativePosition>true</RelativePosition>
    <Style_Border>true</Style_Border>
    <Location>
      <X>50</X>
      <Y>370</Y>
    </Location>
    <Size>
      <CX>400</CX>
      <CY>20</CY>
    </Size>
    <TextColor>
      <R>255</R>
      <G>255</G>
      <B>255</B>
    </TextColor>
  </Editbox>
  <Label item="TCGChallengeScreen_EnterChallengeText">
    <ScreenID>TCGChallengeScreen_EnterChallengeText</ScreenID>
    <Font>3</Font>
    <Location>
      <X>50</X>
      <Y>400</Y>
    </Location>
    <Size>
      <CX>400</CX>
      <CY>200</CY>
    </Size>
    <Text>This message will be displayed as part of your challenge.</Text>
    <TextColor>
      <R>255</R>
      <G>255</G>
      <B>255</B>
    </TextColor>
    <NoWrap>false</NoWrap>
    <AlignCenter>false</AlignCenter>
    <AlignRight>false</AlignRight>
  </Label>
  <Button item="TCGChallengeScreen_OkBtn">
    <ScreenID>TCGChallengeScreen_OkBtn</ScreenID>
    <Font>2</Font>
    <RelativePosition>true</RelativePosition>
    <Location>
      <X>155</X>
      <Y>440</Y>
    </Location>
    <Size>
      <CX>70</CX>
      <CY>25</CY>
    </Size>
    <TooltipReference>Click this button to send the specified challenge.</TooltipReference>
    <Style_Checkbox>false</Style_Checkbox>
    <Text>OK</Text>
    <TextColor>
      <R>240</R>
      <G>180</G>
      <B>0</B>
    </TextColor>
    <ButtonDrawTemplate>
      <Normal>A_BtnNormal</Normal>
      <Pressed>A_BtnPressed</Pressed>
      <Flyby>A_BtnFlyby</Flyby>
      <Disabled>A_BtnDisabled</Disabled>
      <PressedFlyby>A_BtnPressedFlyby</PressedFlyby>
    </ButtonDrawTemplate>
  </Button>
  <Button item="TCGChallengeScreen_CancelBtn">
    <ScreenID>TCGChallengeScreen_CancelBtn</ScreenID>
    <Font>2</Font>
    <RelativePosition>true</RelativePosition>
    <Location>
      <X>255</X>
      <Y>440</Y>
    </Location>
    <Size>
      <CX>70</CX>
      <CY>25</CY>
    </Size>
    <TooltipReference>Click this button to cancel this dialopg and go back to the main Legends of Norrath dialog.</TooltipReference>
    <Style_Checkbox>false</Style_Checkbox>
    <Text>Cancel</Text>
    <TextColor>
      <R>240</R>
      <G>180</G>
      <B>0</B>
    </TextColor>
    <ButtonDrawTemplate>
      <Normal>A_BtnNormal</Normal>
      <Pressed>A_BtnPressed</Pressed>
      <Flyby>A_BtnFlyby</Flyby>
      <Disabled>A_BtnDisabled</Disabled>
      <PressedFlyby>A_BtnPressedFlyby</PressedFlyby>
    </ButtonDrawTemplate>
  </Button>
  <Screen item="TCGChallengeScreen">
    <ScreenID>TCGChallengeScreen</ScreenID>
    <RelativePosition>true</RelativePosition>
    <Style_Transparent>true</Style_Transparent>
    <Location>
      <X>0</X>
      <Y>0</Y>
    </Location>
    <Size>
      <CX>465</CX>
      <CY>470</CY>
    </Size>
    <DrawTemplate>WDT_Rounded</DrawTemplate>
    <Style_Border>false</Style_Border>
    <Style_Titlebar>false</Style_Titlebar>
    <Style_Closebox>false</Style_Closebox>
    <Style_Minimizebox>false</Style_Minimizebox>
    <Style_Sizable>false</Style_Sizable>
    <Pieces>TCGChallengeScreen_CharacterChallengeTitle</Pieces>
    <Pieces>TCGChallengeScreen_CharacterChallengeInput</Pieces>
    <Pieces>TCGChallengeScreen_CharacterChallengeText</Pieces>
    <Pieces>TCGChallengeScreen_EnterChallengeTitle</Pieces>
    <Pieces>TCGChallengeScreen_EnterChallengeInput</Pieces>
    <Pieces>TCGChallengeScreen_EnterChallengeText</Pieces>
    <Pieces>TCGChallengeScreen_OkBtn</Pieces>
    <Pieces>TCGChallengeScreen_CancelBtn</Pieces>
    <Pieces>HorizontalLineButtonLogo</Pieces>
  </Screen>
  <Label item="TCGChallengeIssuingScreen_IssuingChallengeTitle">
    <ScreenID>TCGChallengeIssuingScreen_IssuingChallengeTitle</ScreenID>
    <Font>5</Font>
    <Location>
      <X>40</X>
      <Y>190</Y>
    </Location>
    <Size>
      <CX>400</CX>
      <CY>200</CY>
    </Size>
    <Text>Sending Challenge...</Text>
    <TextColor>
      <R>255</R>
      <G>255</G>
      <B>255</B>
    </TextColor>
    <NoWrap>false</NoWrap>
    <AlignCenter>true</AlignCenter>
    <AlignRight>true</AlignRight>
  </Label>
  <Button item="TCGChallengeIssuingScreen_CancelBtn">
    <ScreenID>TCGChallengeIssuingScreen_CancelBtn</ScreenID>
    <Font>2</Font>
    <RelativePosition>true</RelativePosition>
    <Location>
      <X>205</X>
      <Y>440</Y>
    </Location>
    <Size>
      <CX>70</CX>
      <CY>25</CY>
    </Size>
    <TooltipReference>Click this button to cancel your challenge.</TooltipReference>
    <Style_Checkbox>false</Style_Checkbox>
    <Text>Cancel</Text>
    <TextColor>
      <R>240</R>
      <G>180</G>
      <B>0</B>
    </TextColor>
    <ButtonDrawTemplate>
      <Normal>A_BtnNormal</Normal>
      <Pressed>A_BtnPressed</Pressed>
      <Flyby>A_BtnFlyby</Flyby>
      <Disabled>A_BtnDisabled</Disabled>
      <PressedFlyby>A_BtnPressedFlyby</PressedFlyby>
    </ButtonDrawTemplate>
  </Button>
  <Screen item="TCGChallengeIssuingScreen">
    <ScreenID>TCGChallengeIssuingScreen</ScreenID>
    <RelativePosition>true</RelativePosition>
    <Style_Transparent>true</Style_Transparent>
    <Location>
      <X>0</X>
      <Y>0</Y>
    </Location>
    <Size>
      <CX>465</CX>
      <CY>470</CY>
    </Size>
    <DrawTemplate>WDT_Rounded</DrawTemplate>
    <Style_Border>false</Style_Border>
    <Style_Titlebar>false</Style_Titlebar>
    <Style_Closebox>false</Style_Closebox>
    <Style_Minimizebox>false</Style_Minimizebox>
    <Style_Sizable>false</Style_Sizable>
    <Pieces>TCGChallengeIssuingScreen_IssuingChallengeTitle</Pieces>
    <Pieces>TCGChallengeIssuingScreen_CancelBtn</Pieces>
    <Pieces>HorizontalLineButtonLogo</Pieces>
  </Screen>
  <Label item="TCGChallengeIssuedScreen_Text">
    <ScreenID>TCGChallengeIssuedScreen_Text</ScreenID>
    <Font>5</Font>
    <Location>
      <X>40</X>
      <Y>200</Y>
    </Location>
    <Size>
      <CX>400</CX>
      <CY>200</CY>
    </Size>
    <Text>You have been challenged by </Text>
    <TextColor>
      <R>255</R>
      <G>255</G>
      <B>255</B>
    </TextColor>
    <NoWrap>false</NoWrap>
    <AlignCenter>true</AlignCenter>
    <AlignRight>false</AlignRight>
  </Label>
  <Label item="TCGChallengeIssuedScreen_ReplyText">
    <ScreenID>TCGChallengeIssuedScreen_ReplyText</ScreenID>
    <Font>5</Font>
    <Location>
      <X>40</X>
      <Y>250</Y>
    </Location>
    <Size>
      <CX>400</CX>
      <CY>200</CY>
    </Size>
    <Text>Reply: </Text>
    <TextColor>
      <R>255</R>
      <G>255</G>
      <B>255</B>
    </TextColor>
    <NoWrap>false</NoWrap>
    <AlignCenter>false</AlignCenter>
    <AlignRight>false</AlignRight>
  </Label>
  <Editbox item="TCGChallengeIssuedScreen_ReplyInput">
    <ScreenID>TCGChallengeIssuedScreen_ReplyInput</ScreenID>
    <DrawTemplate>WDT_Inner</DrawTemplate>
    <RelativePosition>true</RelativePosition>
    <Style_Border>true</Style_Border>
    <Location>
      <X>90</X>
      <Y>250</Y>
    </Location>
    <Size>
      <CX>350</CX>
      <CY>20</CY>
    </Size>
    <TextColor>
      <R>255</R>
      <G>255</G>
      <B>255</B>
    </TextColor>
  </Editbox>
  <Button item="TCGChallengeIssuedScreen_AcceptBtn">
    <ScreenID>TCGChallengeIssuedScreen_AcceptBtn</ScreenID>
    <Font>5</Font>
    <RelativePosition>true</RelativePosition>
    <Location>
      <X>117</X>
      <Y>310</Y>
    </Location>
    <Size>
      <CX>64</CX>
      <CY>145</CY>
    </Size>
    <TooltipReference>Click this button to accept the challenge.</TooltipReference>
    <Style_Checkbox>false</Style_Checkbox>
    <Text>Accept</Text>
    <TextColor>
      <R>255</R>
      <G>255</G>
      <B>255</B>
    </TextColor>
    <ButtonDrawTemplate>
      <NormalDecal>A_LONChallenge</NormalDecal>
      <FlybyDecal>A_LONChallengeOver</FlybyDecal>
    </ButtonDrawTemplate>
    <DecalOffset>
      <X>0</X>
      <Y>-12</Y>
    </DecalOffset>
    <DecalSize>
      <CX>64</CX>
      <CY>75</CY>
    </DecalSize>
  </Button>
  <Button item="TCGChallengeIssuedScreen_DeclineBtn">
    <ScreenID>TCGChallengeIssuedScreen_DeclineBtn</ScreenID>
    <Font>5</Font>
    <RelativePosition>true</RelativePosition>
    <Location>
      <X>220</X>
      <Y>310</Y>
    </Location>
    <Size>
      <CX>68</CX>
      <CY>150</CY>
    </Size>
    <TooltipReference>Click this button to decline this challenge.</TooltipReference>
    <Style_Checkbox>false</Style_Checkbox>
    <Text>Decline</Text>
    <TextColor>
      <R>255</R>
      <G>255</G>
      <B>255</B>
    </TextColor>
    <ButtonDrawTemplate>
      <NormalDecal>A_LONDecline</NormalDecal>
      <FlybyDecal>A_LONDeclineOver</FlybyDecal>
    </ButtonDrawTemplate>
    <DecalOffset>
      <X>0</X>
      <Y>-1</Y>
    </DecalOffset>
    <DecalSize>
      <CX>68</CX>
      <CY>65</CY>
    </DecalSize>
  </Button>
  <Button item="TCGChallengeIssuedScreen_BlockBtn">
    <ScreenID>TCGChallengeIssuedScreen_BlockBtn</ScreenID>
    <Font>5</Font>
    <RelativePosition>true</RelativePosition>
    <Location>
      <X>330</X>
      <Y>306</Y>
    </Location>
    <Size>
      <CX>53</CX>
      <CY>160</CY>
    </Size>
    <TooltipReference>Click this button to block this challenge.</TooltipReference>
    <Style_Checkbox>false</Style_Checkbox>
    <Text>Block</Text>
    <TextColor>
      <R>255</R>
      <G>255</G>
      <B>255</B>
    </TextColor>
    <ButtonDrawTemplate>
      <NormalDecal>A_LONBlock</NormalDecal>
      <FlybyDecal>A_LONBlockOver</FlybyDecal>
    </ButtonDrawTemplate>
    <DecalOffset>
      <X>4</X>
      <Y>-1</Y>
    </DecalOffset>
    <DecalSize>
      <CX>53</CX>
      <CY>70</CY>
    </DecalSize>
  </Button>
  <Screen item="TCGChallengeIssuedScreen">
    <ScreenID>TCGChallengeIssuedScreen</ScreenID>
    <RelativePosition>true</RelativePosition>
    <Style_Transparent>true</Style_Transparent>
    <Location>
      <X>0</X>
      <Y>0</Y>
    </Location>
    <Size>
      <CX>465</CX>
      <CY>470</CY>
    </Size>
    <DrawTemplate>WDT_Rounded</DrawTemplate>
    <Style_Border>false</Style_Border>
    <Style_Titlebar>false</Style_Titlebar>
    <Style_Closebox>false</Style_Closebox>
    <Style_Minimizebox>false</Style_Minimizebox>
    <Style_Sizable>false</Style_Sizable>
    <Pieces>TCGChallengeIssuedScreen_Text</Pieces>
    <Pieces>TCGChallengeIssuedScreen_ReplyText</Pieces>
    <Pieces>TCGChallengeIssuedScreen_ReplyInput</Pieces>
    <Pieces>TCGChallengeIssuedScreen_AcceptBtn</Pieces>
    <Pieces>TCGChallengeIssuedScreen_DeclineBtn</Pieces>
    <Pieces>TCGChallengeIssuedScreen_BlockBtn</Pieces>
  </Screen>
  <Label item="TCGChallengeDeclinedScreen_ChallengeDeclinedText">
    <ScreenID>TCGChallengeDeclinedScreen_ChallengeDeclinedText</ScreenID>
    <Font>5</Font>
    <Location>
      <X>40</X>
      <Y>190</Y>
    </Location>
    <Size>
      <CX>400</CX>
      <CY>200</CY>
    </Size>
    <Text>Your challenge has been declined...</Text>
    <TextColor>
      <R>255</R>
      <G>255</G>
      <B>255</B>
    </TextColor>
    <NoWrap>false</NoWrap>
    <AlignCenter>true</AlignCenter>
    <AlignRight>true</AlignRight>
  </Label>
  <Button item="TCGChallengeDeclinedScreen_OkBtn">
    <ScreenID>TCGChallengeDeclinedScreen_OkBtn</ScreenID>
    <Font>2</Font>
    <RelativePosition>true</RelativePosition>
    <Location>
      <X>205</X>
      <Y>440</Y>
    </Location>
    <Size>
      <CX>70</CX>
      <CY>25</CY>
    </Size>
    <TooltipReference>Click this button to go back to the challenge screen.</TooltipReference>
    <Style_Checkbox>false</Style_Checkbox>
    <Text>Ok</Text>
    <TextColor>
      <R>240</R>
      <G>180</G>
      <B>0</B>
    </TextColor>
    <ButtonDrawTemplate>
      <Normal>A_BtnNormal</Normal>
      <Pressed>A_BtnPressed</Pressed>
      <Flyby>A_BtnFlyby</Flyby>
      <Disabled>A_BtnDisabled</Disabled>
      <PressedFlyby>A_BtnPressedFlyby</PressedFlyby>
    </ButtonDrawTemplate>
  </Button>
  <Screen item="TCGChallengeDeclinedScreen">
    <ScreenID>TCGChallengeDeclinedScreen</ScreenID>
    <RelativePosition>true</RelativePosition>
    <Style_Transparent>true</Style_Transparent>
    <Location>
      <X>0</X>
      <Y>0</Y>
    </Location>
    <Size>
      <CX>465</CX>
      <CY>470</CY>
    </Size>
    <DrawTemplate>WDT_Rounded</DrawTemplate>
    <Style_Border>false</Style_Border>
    <Style_Titlebar>false</Style_Titlebar>
    <Style_Closebox>false</Style_Closebox>
    <Style_Minimizebox>false</Style_Minimizebox>
    <Style_Sizable>false</Style_Sizable>
    <Pieces>TCGChallengeDeclinedScreen_ChallengeDeclinedText</Pieces>
    <Pieces>TCGChallengeDeclinedScreen_OkBtn</Pieces>
    <Pieces>HorizontalLineButtonLogo</Pieces>
  </Screen>
  <Screen item="TCGStartupWnd">
    <RelativePosition>false</RelativePosition>
    <Location>
      <X>200</X>
      <Y>200</Y>
    </Location>
    <Size>
      <CX>510</CX>
      <CY>500</CY>
    </Size>
    <DrawTemplate>WDT_Rounded</DrawTemplate>
    <Style_Border>true</Style_Border>
    <Style_Titlebar>true</Style_Titlebar>
    <Style_Closebox>true</Style_Closebox>
    <Style_Minimizebox>true</Style_Minimizebox>
    <Style_Sizable>false</Style_Sizable>
    <Pieces>TCGStartupScreen</Pieces>
    <Pieces>TCGChallengeScreen</Pieces>
    <Pieces>TCGChallengeIssuingScreen</Pieces>
    <Pieces>TCGChallengeIssuedScreen</Pieces>
    <Pieces>TCGChallengeDeclinedScreen</Pieces>
    <Pieces>LONLogo</Pieces>
    <Pieces>LeftShieldLogo</Pieces>
    <Pieces>RightShieldLogo</Pieces>
    <Pieces>HorizontalLineLogo</Pieces>
    <Font>2</Font>
  </Screen>
</XML>