<?xml version="1.0" encoding="us-ascii"?>
<XML ID="EQInterfaceDefinitionLanguage">
  <Schema xmlns="EverQuestData" xmlns:dt="EverQuestDataTypes" />
  <Label item="REMW_Property_Label">
    <ScreenID>REMW_Property_Label</ScreenID>
    <AutoStretch>true</AutoStretch>
    <TopAnchorOffset>3</TopAnchorOffset>
    <BottomAnchorOffset>27</BottomAnchorOffset>
    <LeftAnchorOffset>10</LeftAnchorOffset>
    <RightAnchorOffset>10</RightAnchorOffset>
    <RightAnchorToLeft>false</RightAnchorToLeft>
    <Text>Neighborhood - Plot</Text>
    <Font>5</Font>
    <TextColor>
      <R>255</R>
      <G>255</G>
      <B>255</B>
    </TextColor>
    <AlignCenter>true</AlignCenter>
  </Label>
  <Button item="REMW_Transfer_Btn">
    <ScreenID>REMW_Transfer_Btn</ScreenID>
    <RelativePosition>true</RelativePosition>
    <AutoStretch>true</AutoStretch>
    <TopAnchorOffset>10</TopAnchorOffset>
    <BottomAnchorOffset>30</BottomAnchorOffset>
    <LeftAnchorOffset>82</LeftAnchorOffset>
    <RightAnchorOffset>10</RightAnchorOffset>
    <LeftAnchorToLeft>false</LeftAnchorToLeft>
    <RightAnchorToLeft>false</RightAnchorToLeft>
    <TooltipReference>Transfers the current plot to the targeted player.  You must be standing inside this plot and be the primary owner of this plot.</TooltipReference>
    <TextColor>
      <R>255</R>
      <G>255</G>
      <B>255</B>
    </TextColor>
    <ButtonDrawTemplate>
      <Normal>A_TransferBtnNormal</Normal>
      <Pressed>A_TransferBtnPressed</Pressed>
      <Flyby>A_TransferBtnFlyby</Flyby>
    </ButtonDrawTemplate>
  </Button>
  <Label item="REMW_DefaultUpkeep_Label">
    <ScreenID>REMW_DefaultUpkeep_Label</ScreenID>
    <Location>
      <X>0</X>
      <Y>3</Y>
    </Location>
    <Size>
      <CX>100</CX>
      <CY>24</CY>
    </Size>
    <Text>Default Upkeep:</Text>
    <TextColor>
      <R>255</R>
      <G>255</G>
      <B>255</B>
    </TextColor>
  </Label>
  <Combobox item="REMW_Upkeep_Combobox">
    <ScreenID>REMW_Upkeep_Combobox</ScreenID>
    <DrawTemplate>WDT_Inner</DrawTemplate>
    <Location>
      <X>105</X>
      <Y>0</Y>
    </Location>
    <Size>
      <CX>200</CX>
      <CY>20</CY>
    </Size>
    <Style_Transparent>false</Style_Transparent>
    <TextColor>
      <R>255</R>
      <G>255</G>
      <B>255</B>
    </TextColor>
    <ListHeight>75</ListHeight>
    <Button>BDT_Combo</Button>
    <Style_Border>true</Style_Border>
  </Combobox>
  <Label item="REMW_TimeRemaining_Label">
    <ScreenID>REMW_TimeRemaining_Label</ScreenID>
    <Location>
      <X>350</X>
      <Y>0</Y>
    </Location>
    <Size>
      <CX>100</CX>
      <CY>14</CY>
    </Size>
    <Text>Time Left:</Text>
    <TooltipReference>Based on the escrow balances and total upkeep costs, the closest time until an item will expire.</TooltipReference>
    <TextColor>
      <R>255</R>
      <G>255</G>
      <B>255</B>
    </TextColor>
  </Label>
  <Label item="REMW_TimeRemainingVal_Label">
    <ScreenID>REMW_TimeRemainingVal_Label</ScreenID>
    <AutoStretch>true</AutoStretch>
    <TopAnchorOffset>0</TopAnchorOffset>
    <BottomAnchorOffset>14</BottomAnchorOffset>
    <LeftAnchorOffset>450</LeftAnchorOffset>
    <RightAnchorOffset>10</RightAnchorOffset>
    <RightAnchorToLeft>false</RightAnchorToLeft>
    <TextColor>
      <R>255</R>
      <G>255</G>
      <B>255</B>
    </TextColor>
  </Label>
  <Label item="REMW_LimitedItem_Label">
    <Location>
      <X>350</X>
      <Y>15</Y>
    </Location>
    <Size>
      <CX>100</CX>
      <CY>24</CY>
    </Size>
    <Text>Limited By Item:</Text>
    <TooltipReference>Based on the escrow balances and total upkeep costs, the item that will expire next.</TooltipReference>
    <TextColor>
      <R>255</R>
      <G>255</G>
      <B>255</B>
    </TextColor>
  </Label>
  <Label item="REMW_LimitedItemVal_Label">
    <ScreenID>REMW_LimitedItemVal_Label</ScreenID>
    <AutoStretch>true</AutoStretch>
    <TopAnchorOffset>15</TopAnchorOffset>
    <BottomAnchorOffset>29</BottomAnchorOffset>
    <LeftAnchorOffset>450</LeftAnchorOffset>
    <RightAnchorOffset>10</RightAnchorOffset>
    <RightAnchorToLeft>false</RightAnchorToLeft>
    <TextColor>
      <R>255</R>
      <G>255</G>
      <B>255</B>
    </TextColor>
  </Label>
  <Label item="REMW_DepositHint_Label">
    <ScreenID>REMW_DepositHint_Label</ScreenID>
    <Location>
      <X>0</X>
      <Y>5</Y>
    </Location>
    <Size>
      <CX>175</CX>
      <CY>17</CY>
    </Size>
    <Text>*Drop Currency Below to Deposit</Text>
    <Font>2</Font>
    <TextColor>
      <R>255</R>
      <G>255</G>
      <B>255</B>
    </TextColor>
    <NoWrap>true</NoWrap>
  </Label>
  <Button item="REMW_WithdrawAll_Btn">
    <ScreenID>REMW_WithdrawAll_Btn</ScreenID>
    <RelativePosition>true</RelativePosition>
    <AutoStretch>true</AutoStretch>
    <TopAnchorOffset>18</TopAnchorOffset>
    <LeftAnchorOffset>72</LeftAnchorOffset>
    <TopAnchorToTop>false</TopAnchorToTop>
    <BottomAnchorToTop>false</BottomAnchorToTop>
    <LeftAnchorToLeft>false</LeftAnchorToLeft>
    <RightAnchorToLeft>false</RightAnchorToLeft>
    <TextColor>
      <R>255</R>
      <G>255</G>
      <B>255</B>
    </TextColor>
    <ButtonDrawTemplate>
      <Normal>A_WithdrawAllBtnNormal</Normal>
      <Pressed>A_WithdrawAllBtnPressed</Pressed>
      <Flyby>A_WithdrawAllBtnFlyby</Flyby>
    </ButtonDrawTemplate>
  </Button>
  <Listbox item="REMW_Balance_List">
    <ScreenID>REMW_Balance_List</ScreenID>
    <DrawTemplate>WDT_Inner</DrawTemplate>
    <AutoStretch>true</AutoStretch>
    <TopAnchorOffset>25</TopAnchorOffset>
    <BottomAnchorOffset>25</BottomAnchorOffset>
    <BottomAnchorToTop>false</BottomAnchorToTop>
    <RightAnchorToLeft>false</RightAnchorToLeft>
    <TextColor>
      <R>255</R>
      <G>255</G>
      <B>255</B>
    </TextColor>
    <Style_Border>true</Style_Border>
    <Style_VScroll>true</Style_VScroll>
    <Style_AutoVScroll>true</Style_AutoVScroll>
    <Style_HScroll>true</Style_HScroll>
    <Style_AutoHScroll>true</Style_AutoHScroll>
    <Columns>
      <Width>20</Width>
      <Heading />
    </Columns>
    <Columns>
      <Width>160</Width>
      <Heading>Name</Heading>
    </Columns>
    <Columns>
      <Width>50</Width>
      <Heading>Quantity</Heading>
    </Columns>
  </Listbox>
  <Screen item="REMW_Balance_Layout">
    <ScreenID>REMW_Balance_Layout</ScreenID>
    <RelativePosition>true</RelativePosition>
    <Size>
      <CX>235</CX>
      <CY>300</CY>
    </Size>
    <MinHSize>200</MinHSize>
    <DrawTemplate>WDT_Inner</DrawTemplate>
    <Style_Transparent>true</Style_Transparent>
    <Pieces>REMW_DepositHint_Label</Pieces>
    <Pieces>REMW_WithdrawAll_Btn</Pieces>
    <Pieces>Listbox:REMW_Balance_List</Pieces>
  </Screen>
  <Button item="REMW_AddDay_Btn">
    <ScreenID>REMW_AddDay_Btn</ScreenID>
    <RelativePosition>true</RelativePosition>
    <Location>
      <X>3</X>
      <Y>0</Y>
    </Location>
    <Size>
      <CX>72</CX>
      <CY>18</CY>
    </Size>
    <TextColor>
      <R>255</R>
      <G>255</G>
      <B>255</B>
    </TextColor>
    <TooltipReference>Add day to all items.</TooltipReference>
    <ButtonDrawTemplate>
      <Normal>A_AddDayBtnNormal</Normal>
      <Pressed>A_AddDayBtnPressed</Pressed>
      <Flyby>A_AddDayBtnFlyby</Flyby>
    </ButtonDrawTemplate>
  </Button>
  <Button item="REMW_AddWeek_Btn">
    <ScreenID>REMW_AddWeek_Btn</ScreenID>
    <RelativePosition>true</RelativePosition>
    <Location>
      <X>78</X>
      <Y>0</Y>
    </Location>
    <Size>
      <CX>72</CX>
      <CY>18</CY>
    </Size>
    <TextColor>
      <R>255</R>
      <G>255</G>
      <B>255</B>
    </TextColor>
    <TooltipReference>Add week to all items.</TooltipReference>
    <ButtonDrawTemplate>
      <Normal>A_AddWeekBtnNormal</Normal>
      <Pressed>A_AddWeekBtnPressed</Pressed>
      <Flyby>A_AddWeekBtnFlyby</Flyby>
    </ButtonDrawTemplate>
  </Button>
  <Label item="REMW_DailyCharge_Label">
    <ScreenID>REMW_DailyCharge_Label</ScreenID>
    <AutoStretch>true</AutoStretch>
    <TopAnchorOffset>2</TopAnchorOffset>
    <BottomAnchorOffset>20</BottomAnchorOffset>
    <LeftAnchorOffset>180</LeftAnchorOffset>
    <RightAnchorOffset>10</RightAnchorOffset>
    <RightAnchorToLeft>false</RightAnchorToLeft>
    <TooltipReference>The cost to mantain this real estate and all of it's items per day.</TooltipReference>
    <TextColor>
      <R>255</R>
      <G>255</G>
      <B>255</B>
    </TextColor>
  </Label>
  <Listbox item="REMW_Upkeep_List">
    <ScreenID>REMW_Upkeep_List</ScreenID>
    <DrawTemplate>WDT_Inner</DrawTemplate>
    <AutoStretch>true</AutoStretch>
    <TopAnchorOffset>25</TopAnchorOffset>
    <BottomAnchorToTop>false</BottomAnchorToTop>
    <RightAnchorToLeft>false</RightAnchorToLeft>
    <TextColor>
      <R>255</R>
      <G>255</G>
      <B>255</B>
    </TextColor>
    <Style_Border>true</Style_Border>
    <Style_VScroll>true</Style_VScroll>
    <Style_AutoVScroll>true</Style_AutoVScroll>
    <Style_HScroll>true</Style_HScroll>
    <Style_AutoHScroll>true</Style_AutoHScroll>
    <Columns>
      <Width>75</Width>
      <Heading />
    </Columns>
    <Columns>
      <Width>75</Width>
      <Heading />
    </Columns>
    <Columns>
      <Width>20</Width>
      <Heading />
    </Columns>
    <Columns>
      <Width>200</Width>
      <Heading>Name</Heading>
    </Columns>
    <Columns>
      <Width>100</Width>
      <Heading>Cost</Heading>
    </Columns>
    <Columns>
      <Width>100</Width>
      <Heading>Reduction</Heading>
    </Columns>
    <Columns>
      <Width>75</Width>
      <Heading>Time Left</Heading>
    </Columns>
    <Columns>
      <Width>50</Width>
      <Heading>Limited By</Heading>
    </Columns>
    <Columns>
      <Width>10</Width>
      <Heading />
    </Columns>
  </Listbox>
  <Screen item="REMW_Upkeep_Layout">
    <ScreenID>REMW_Upkeep_Layout</ScreenID>
    <RelativePosition>true</RelativePosition>
    <Size>
      <CX>275</CX>
      <CY>300</CY>
    </Size>
    <MinHSize>200</MinHSize>
    <DrawTemplate>WDT_Inner</DrawTemplate>
    <Style_Transparent>true</Style_Transparent>
    <Pieces>REMW_AddDay_Btn</Pieces>
    <Pieces>REMW_AddWeek_Btn</Pieces>
    <Pieces>REMW_DailyCharge_Label</Pieces>
    <Pieces>Listbox:REMW_Upkeep_List</Pieces>
  </Screen>
  <HorizontalLayoutBox item="REMW_Escrow_Main_Layout">
    <ScreenID>REMW_Escrow_Main_Layout</ScreenID>
    <RelativePosition>true</RelativePosition>
    <AutoStretch>true</AutoStretch>
    <Spacing>2</Spacing>
    <DrawTemplate>WDT_Inner</DrawTemplate>
    <Style_Transparent>true</Style_Transparent>
    <TopAnchorOffset>40</TopAnchorOffset>
    <BottomAnchorOffset>10</BottomAnchorOffset>
    <LeftAnchorOffset>10</LeftAnchorOffset>
    <RightAnchorOffset>10</RightAnchorOffset>
    <BottomAnchorToTop>false</BottomAnchorToTop>
    <RightAnchorToLeft>false</RightAnchorToLeft>
    <Pieces>Screen:REMW_Balance_Layout</Pieces>
    <Pieces>Screen:REMW_Upkeep_Layout</Pieces>
  </HorizontalLayoutBox>
  <Button item="REMW_AddDayTemplate_Btn">
    <ScreenID>REMW_AddDayTemplate_Btn</ScreenID>
    <RelativePosition>true</RelativePosition>
    <Location>
      <X>0</X>
      <Y>0</Y>
    </Location>
    <Size>
      <CX>72</CX>
      <CY>18</CY>
    </Size>
    <TextColor>
      <R>255</R>
      <G>255</G>
      <B>255</B>
    </TextColor>
    <TooltipReference>Add day to this item.</TooltipReference>
    <ButtonDrawTemplate>
      <Normal>A_AddDayBtnNormal</Normal>
      <Pressed>A_AddDayBtnPressed</Pressed>
      <Flyby>A_AddDayBtnFlyby</Flyby>
    </ButtonDrawTemplate>
  </Button>
  <Button item="REMW_AddWeekTemplate_Btn">
    <ScreenID>REMW_AddWeekTemplate_Btn</ScreenID>
    <RelativePosition>true</RelativePosition>
    <Location>
      <X>0</X>
      <Y>0</Y>
    </Location>
    <Size>
      <CX>72</CX>
      <CY>18</CY>
    </Size>
    <TextColor>
      <R>255</R>
      <G>255</G>
      <B>255</B>
    </TextColor>
    <TooltipReference>Add week to this item.</TooltipReference>
    <ButtonDrawTemplate>
      <Normal>A_AddWeekBtnNormal</Normal>
      <Pressed>A_AddWeekBtnPressed</Pressed>
      <Flyby>A_AddWeekBtnFlyby</Flyby>
    </ButtonDrawTemplate>
  </Button>
  <Page item="REMW_EscrowPage">
    <ScreenID>REMW_EscrowPage</ScreenID>
    <RelativePosition>true</RelativePosition>
    <AutoStretch>true</AutoStretch>
    <TopAnchorOffset>25</TopAnchorOffset>
    <BottomAnchorOffset>10</BottomAnchorOffset>
    <LeftAnchorOffset>10</LeftAnchorOffset>
    <RightAnchorOffset>10</RightAnchorOffset>
    <BottomAnchorToTop>false</BottomAnchorToTop>
    <RightAnchorToLeft>false</RightAnchorToLeft>
    <DrawTemplate>WDT_Def</DrawTemplate>
    <TabText>Escrow</TabText>
    <TabTextColor>
      <R>255</R>
      <G>255</G>
      <B>255</B>
    </TabTextColor>
    <TabTextActiveColor>
      <R>255</R>
      <G>255</G>
      <B>0</B>
    </TabTextActiveColor>
    <Style_Sizable>false</Style_Sizable>
    <Pieces>REMW_DefaultUpkeep_Label</Pieces>
    <Pieces>REMW_Upkeep_Combobox</Pieces>
    <Pieces>REMW_TimeRemaining_Label</Pieces>
    <Pieces>REMW_TimeRemainingVal_Label</Pieces>
    <Pieces>REMW_LimitedItem_Label</Pieces>
    <Pieces>REMW_LimitedItemVal_Label</Pieces>
    <Pieces>REMW_AddDayTemplate_Btn</Pieces>
    <Pieces>REMW_AddWeekTemplate_Btn</Pieces>
    <Pieces>HorizontalLayoutBox:REMW_Escrow_Main_Layout</Pieces>
  </Page>
  <Label item="REMW_View_Label">
    <ScreenID>REMW_View_Label</ScreenID>
    <Size>
      <CX>30</CX>
      <CY>24</CY>
    </Size>
    <Text>View</Text>
    <Font>2</Font>
    <TextColor>
      <R>255</R>
      <G>255</G>
      <B>255</B>
    </TextColor>
  </Label>
  <Button item="REMW_ViewIndividualPermissions_Btn">
    <ScreenID>REMW_ViewIndividualPermissions_Btn</ScreenID>
    <RelativePosition>true</RelativePosition>
    <Size>
      <CX>17</CX>
      <CY>18</CY>
    </Size>
    <Style_Checkbox>true</Style_Checkbox>
    <RadioGroup>PermissionDisplay</RadioGroup>
    <TextColor>
      <R>255</R>
      <G>255</G>
      <B>255</B>
    </TextColor>
    <Template>BDT_Radio</Template>
  </Button>
  <Label item="REMW_ViewIndividualPermissions_Label">
    <ScreenID>REMW_ViewIndividualPermissions_Label</ScreenID>
    <Size>
      <CX>55</CX>
      <CY>24</CY>
    </Size>
    <Text>Individuals</Text>
    <Font>2</Font>
    <TextColor>
      <R>255</R>
      <G>255</G>
      <B>255</B>
    </TextColor>
  </Label>
  <Button item="REMW_ViewOwnerClubsPermissions_Btn">
    <ScreenID>REMW_ViewOwnerClubsPermissions_Btn</ScreenID>
    <RelativePosition>true</RelativePosition>
    <Size>
      <CX>17</CX>
      <CY>18</CY>
    </Size>
    <Style_Checkbox>true</Style_Checkbox>
    <RadioGroup>PermissionDisplay</RadioGroup>
    <TextColor>
      <R>255</R>
      <G>255</G>
      <B>255</B>
    </TextColor>
    <Template>BDT_Radio</Template>
  </Button>
  <Label item="REMW_ViewOwnerClubsPermissions_Label">
    <ScreenID>REMW_ViewOwnerClubsPermissions_Label</ScreenID>
    <RelativePosition>true</RelativePosition>
    <Size>
      <CX>75</CX>
      <CY>24</CY>
    </Size>
    <Text>Owner's Clubs</Text>
    <Font>2</Font>
    <TextColor>
      <R>255</R>
      <G>255</G>
      <B>255</B>
    </TextColor>
  </Label>
  <Button item="REMW_ViewGroupTotals_Btn">
    <ScreenID>REMW_ViewGroupTotals_Btn</ScreenID>
    <RelativePosition>true</RelativePosition>
    <Size>
      <CX>17</CX>
      <CY>18</CY>
    </Size>
    <Style_Checkbox>true</Style_Checkbox>
    <RadioGroup>PermissionDisplay</RadioGroup>
    <TextColor>
      <R>255</R>
      <G>255</G>
      <B>255</B>
    </TextColor>
    <Template>BDT_Radio</Template>
  </Button>
  <Label item="REMW_ViewGroupTotals_Label">
    <ScreenID>REMW_ViewGroupTotals_Label</ScreenID>
    <RelativePosition>true</RelativePosition>
    <Size>
      <CX>70</CX>
      <CY>24</CY>
    </Size>
    <Text>Group Totals</Text>
    <Font>2</Font>
    <TextColor>
      <R>255</R>
      <G>255</G>
      <B>255</B>
    </TextColor>
  </Label>
  <HorizontalLayoutBox item="REMW_View_Layout">
    <ScreenID>REMW_View_Layout</ScreenID>
    <RelativePosition>true</RelativePosition>
    <Location>
      <X>0</X>
      <Y>10</Y>
    </Location>
    <Size>
      <CX>322</CX>
      <CY>18</CY>
    </Size>
    <Spacing>2</Spacing>
    <DrawTemplate>WDT_Inner</DrawTemplate>
    <Style_Transparent>true</Style_Transparent>
    <Style_Dividers>false</Style_Dividers>
    <ResizeLast>false</ResizeLast>
    <Pieces>REMW_View_Label</Pieces>
    <Pieces>REMW_ViewIndividualPermissions_Btn</Pieces>
    <Pieces>REMW_ViewIndividualPermissions_Label</Pieces>
    <Pieces>REMW_ViewOwnerClubsPermissions_Btn</Pieces>
    <Pieces>REMW_ViewOwnerClubsPermissions_Label</Pieces>
    <Pieces>REMW_ViewGroupTotals_Btn</Pieces>
    <Pieces>REMW_ViewGroupTotals_Label</Pieces>
  </HorizontalLayoutBox>
  <Listbox item="REMW_Name_List">
    <ScreenID>REMW_Name_List</ScreenID>
    <DrawTemplate>WDT_Inner</DrawTemplate>
    <AutoStretch>true</AutoStretch>
    <TopAnchorOffset>35</TopAnchorOffset>
    <BottomAnchorOffset>30</BottomAnchorOffset>
    <BottomAnchorToTop>false</BottomAnchorToTop>
    <RightAnchorToLeft>false</RightAnchorToLeft>
    <TextColor>
      <R>255</R>
      <G>255</G>
      <B>255</B>
    </TextColor>
    <Style_Border>true</Style_Border>
    <Style_AutoVScroll>true</Style_AutoVScroll>
    <Style_VScroll>true</Style_VScroll>
    <Style_AutoHScroll>true</Style_AutoHScroll>
    <Style_HScroll>true</Style_HScroll>
    <Columns>
      <Width>16</Width>
      <Heading />
    </Columns>
    <Columns>
      <Width>140</Width>
      <Heading>Name</Heading>
    </Columns>
    <Columns>
      <Width>100</Width>
      <Heading>Group</Heading>
    </Columns>
    <Columns>
      <Width>10</Width>
      <Heading />
    </Columns>
  </Listbox>
  <Listbox item="REMW_OwnerClubs_List">
    <ScreenID>REMW_OwnerClubs_List</ScreenID>
    <DrawTemplate>WDT_Inner</DrawTemplate>
    <AutoStretch>true</AutoStretch>
    <TopAnchorOffset>35</TopAnchorOffset>
    <BottomAnchorOffset>30</BottomAnchorOffset>
    <BottomAnchorToTop>false</BottomAnchorToTop>
    <RightAnchorToLeft>false</RightAnchorToLeft>
    <TextColor>
      <R>255</R>
      <G>255</G>
      <B>255</B>
    </TextColor>
    <Style_Border>true</Style_Border>
    <Style_AutoVScroll>true</Style_AutoVScroll>
    <Style_VScroll>true</Style_VScroll>
    <Style_AutoHScroll>true</Style_AutoHScroll>
    <Style_HScroll>true</Style_HScroll>
    <Columns>
      <Width>16</Width>
      <Heading />
    </Columns>
    <Columns>
      <Width>140</Width>
      <Heading>Type</Heading>
    </Columns>
    <Columns>
      <Width>100</Width>
      <Heading>Group</Heading>
    </Columns>
    <Columns>
      <Width>10</Width>
      <Heading />
    </Columns>
  </Listbox>
  <Listbox item="REMW_GroupTotals_List">
    <ScreenID>REMW_GroupTotals_List</ScreenID>
    <DrawTemplate>WDT_Inner</DrawTemplate>
    <AutoStretch>true</AutoStretch>
    <TopAnchorOffset>35</TopAnchorOffset>
    <BottomAnchorOffset>30</BottomAnchorOffset>
    <BottomAnchorToTop>false</BottomAnchorToTop>
    <RightAnchorToLeft>false</RightAnchorToLeft>
    <TextColor>
      <R>255</R>
      <G>255</G>
      <B>255</B>
    </TextColor>
    <Style_Border>true</Style_Border>
    <Style_AutoVScroll>true</Style_AutoVScroll>
    <Style_VScroll>true</Style_VScroll>
    <Style_AutoHScroll>true</Style_AutoHScroll>
    <Style_HScroll>true</Style_HScroll>
    <Columns>
      <Width>16</Width>
      <Heading />
    </Columns>
    <Columns>
      <Width>140</Width>
      <Heading>Name</Heading>
    </Columns>
    <Columns>
      <Width>30</Width>
      <Heading>#</Heading>
    </Columns>
  </Listbox>
  <Editbox item="REMW_Name_EditBox">
    <ScreenID>REMW_Name_EditBox</ScreenID>
    <DrawTemplate>WDT_Inner</DrawTemplate>
    <RelativePosition>true</RelativePosition>
    <Location>
      <X>0</X>
      <Y>0</Y>
    </Location>
    <Size>
      <CX>115</CX>
      <CY>20</CY>
    </Size>
    <Style_Transparent>true</Style_Transparent>
    <Style_Border>true</Style_Border>
    <TextColor>
      <R>255</R>
      <G>255</G>
      <B>255</B>
    </TextColor>
  </Editbox>
  <Combobox item="REMW_Access_Combobox">
    <ScreenID>REMW_Access_Combobox</ScreenID>
    <DrawTemplate>WDT_Inner</DrawTemplate>
    <RelativePosition>true</RelativePosition>
    <Location>
      <X>120</X>
      <Y>0</Y>
    </Location>
    <Size>
      <CX>100</CX>
      <CY>20</CY>
    </Size>
    <Style_Transparent>false</Style_Transparent>
    <TextColor>
      <R>255</R>
      <G>255</G>
      <B>255</B>
    </TextColor>
    <ListHeight>100</ListHeight>
    <Button>BDT_Combo</Button>
    <Style_Border>true</Style_Border>
    <Choices>Visitor</Choices>
    <Choices>Acquaintance</Choices>
    <Choices>Friend</Choices>
    <Choices>Trustee</Choices>
    <Choices>Co-Owner</Choices>
  </Combobox>
  <Button item="REMW_Add_Btn">
    <ScreenID>REMW_Add_Btn</ScreenID>
    <RelativePosition>true</RelativePosition>
    <Location>
      <X>225</X>
      <Y>0</Y>
    </Location>
    <Size>
      <CX>35</CX>
      <CY>20</CY>
    </Size>
    <Text>Add</Text>
    <TextColor>
      <R>255</R>
      <G>255</G>
      <B>255</B>
    </TextColor>
    <Template>BDT_Normal</Template>
  </Button>
  <Button item="REMW_Remove_Btn">
    <ScreenID>REMW_Remove_Btn</ScreenID>
    <RelativePosition>true</RelativePosition>
    <Location>
      <X>265</X>
      <Y>0</Y>
    </Location>
    <Size>
      <CX>50</CX>
      <CY>20</CY>
    </Size>
    <Text>Remove</Text>
    <TextColor>
      <R>255</R>
      <G>255</G>
      <B>255</B>
    </TextColor>
    <Template>BDT_Normal</Template>
  </Button>
  <Screen item="REMW_Edit_Layout">
    <ScreenID>REMW_Edit_Layout</ScreenID>
    <RelativePosition>true</RelativePosition>
    <AutoStretch>true</AutoStretch>
    <TopAnchorOffset>20</TopAnchorOffset>
    <TopAnchorToTop>false</TopAnchorToTop>
    <BottomAnchorToTop>false</BottomAnchorToTop>
    <RightAnchorToLeft>false</RightAnchorToLeft>
    <DrawTemplate>WDT_Inner</DrawTemplate>
    <Style_Transparent>true</Style_Transparent>
    <Pieces>REMW_Name_EditBox</Pieces>
    <Pieces>Combobox:REMW_Access_Combobox</Pieces>
    <Pieces>REMW_Add_Btn</Pieces>
    <Pieces>REMW_Remove_Btn</Pieces>
  </Screen>
  <Listbox item="REMW_Permissions_List">
    <ScreenID>REMW_Permissions_List</ScreenID>
    <DrawTemplate>WDT_Inner</DrawTemplate>
    <AutoStretch>true</AutoStretch>
    <TopAnchorOffset>35</TopAnchorOffset>
    <BottomAnchorToTop>false</BottomAnchorToTop>
    <RightAnchorToLeft>false</RightAnchorToLeft>
    <TextColor>
      <R>255</R>
      <G>255</G>
      <B>255</B>
    </TextColor>
    <Style_Border>true</Style_Border>
    <Style_AutoHScroll>true</Style_AutoHScroll>
    <Style_HScroll>true</Style_HScroll>
    <Style_AutoVScroll>true</Style_AutoVScroll>
    <Style_VScroll>true</Style_VScroll>
    <Columns>
      <Width>110</Width>
      <Heading>Permission</Heading>
    </Columns>
    <Columns>
      <Width>20</Width>
      <Header>Header_AccessRank8</Header>
    </Columns>
    <Columns>
      <Width>20</Width>
      <Header>Header_AccessRank7</Header>
    </Columns>
    <Columns>
      <Width>20</Width>
      <Header>Header_AccessRank6</Header>
    </Columns>
    <Columns>
      <Width>20</Width>
      <Header>Header_AccessRank5</Header>
    </Columns>
    <Columns>
      <Width>20</Width>
      <Header>Header_AccessRank4</Header>
    </Columns>
    <Columns>
      <Width>20</Width>
      <Header>Header_AccessRank2</Header>
    </Columns>
    <Columns>
      <Width>20</Width>
      <Header>Header_AccessRank1</Header>
    </Columns>
  </Listbox>
  <Screen item="REMW_Access_Layout">
    <ScreenID>REMW_Access_Layout</ScreenID>
    <RelativePosition>true</RelativePosition>
    <Size>
      <CX>322</CX>
      <CY>300</CY>
    </Size>
    <MinHSize>310</MinHSize>
    <DrawTemplate>WDT_Inner</DrawTemplate>
    <Style_Border>false</Style_Border>
    <Pieces>HorizontalLayoutBox:REMW_View_Layout</Pieces>
    <Pieces>Listbox:REMW_Name_List</Pieces>
    <Pieces>Listbox:REMW_OwnerClubs_List</Pieces>
    <Pieces>Listbox:REMW_GroupTotals_List</Pieces>
    <Pieces>Screen:REMW_Edit_Layout</Pieces>
  </Screen>
  <Screen item="REMW_Permissions_Layout">
    <ScreenID>REMW_Permissions_Layout</ScreenID>
    <RelativePosition>true</RelativePosition>
    <Size>
      <CX>235</CX>
      <CY>300</CY>
    </Size>
    <MinHSize>235</MinHSize>
    <DrawTemplate>WDT_Inner</DrawTemplate>
    <Style_Border>false</Style_Border>
    <Pieces>Listbox:REMW_Permissions_List</Pieces>
  </Screen>
  <HorizontalLayoutBox item="REMW_Access_Main_Layout">
    <ScreenID>RENW_Access_Main_Layout</ScreenID>
    <RelativePosition>true</RelativePosition>
    <AutoStretch>true</AutoStretch>
    <Spacing>2</Spacing>
    <DrawTemplate>WDT_Inner</DrawTemplate>
    <Style_Transparent>true</Style_Transparent>
    <BottomAnchorOffset>10</BottomAnchorOffset>
    <LeftAnchorOffset>10</LeftAnchorOffset>
    <RightAnchorOffset>10</RightAnchorOffset>
    <BottomAnchorToTop>false</BottomAnchorToTop>
    <RightAnchorToLeft>false</RightAnchorToLeft>
    <Pieces>Screen:REMW_Access_Layout</Pieces>
    <Pieces>Screen:REMW_Permissions_Layout</Pieces>
  </HorizontalLayoutBox>
  <Combobox item="REMW_Groups_Combobox">
    <ScreenID>REMW_Groups_Combobox</ScreenID>
    <DrawTemplate>WDT_Inner</DrawTemplate>
    <Location>
      <X>0</X>
      <Y>0</Y>
    </Location>
    <Size>
      <CX>100</CX>
      <CY>16</CY>
    </Size>
    <Style_Transparent>false</Style_Transparent>
    <TextColor>
      <R>255</R>
      <G>255</G>
      <B>255</B>
    </TextColor>
    <ListHeight>100</ListHeight>
    <Button>BDT_Combo</Button>
    <Style_Border>true</Style_Border>
    <Choices>Everyone</Choices>
    <Choices>Visitor</Choices>
    <Choices>Acquaintance</Choices>
    <Choices>Friend</Choices>
    <Choices>Trustee</Choices>
    <Choices>Co-Owner</Choices>
    <Choices>Owner</Choices>
  </Combobox>
  <Button item="REMW_Permissions_Checkbox">
    <ScreenID>REMW_Permissions_Checkbox</ScreenID>
    <RelativePosition>true</RelativePosition>
    <Location>
      <X>0</X>
      <Y>0</Y>
    </Location>
    <Size>
      <CX>16</CX>
      <CY>16</CY>
    </Size>
    <Style_VScroll>false</Style_VScroll>
    <Style_HScroll>false</Style_HScroll>
    <Style_Transparent>false</Style_Transparent>
    <Style_Checkbox>true</Style_Checkbox>
    <Text />
    <TextColor>
      <R>255</R>
      <G>255</G>
      <B>255</B>
    </TextColor>
    <Template>BDT_Checkbox</Template>
  </Button>
  <Page item="REMW_AccessPage">
    <ScreenID>REMW_AccessPage</ScreenID>
    <RelativePosition>true</RelativePosition>
    <AutoStretch>true</AutoStretch>
    <TopAnchorOffset>25</TopAnchorOffset>
    <BottomAnchorToTop>false</BottomAnchorToTop>
    <RightAnchorToLeft>false</RightAnchorToLeft>
    <DrawTemplate>WDT_Def</DrawTemplate>
    <TabText>Access</TabText>
    <TabTextColor>
      <R>255</R>
      <G>255</G>
      <B>255</B>
    </TabTextColor>
    <TabTextActiveColor>
      <R>255</R>
      <G>255</G>
      <B>0</B>
    </TabTextActiveColor>
    <Style_Sizable>false</Style_Sizable>
    <Pieces>REMW_Groups_Combobox</Pieces>
    <Pieces>REMW_Permissions_Checkbox</Pieces>
    <Pieces>HorizontalLayoutBox:REMW_Access_Main_Layout</Pieces>
  </Page>
  <TabBox item="REMW_Subwindows">
    <ScreenID>REMW_Subwindows</ScreenID>
    <RelativePosition>true</RelativePosition>
    <AutoStretch>true</AutoStretch>
    <BottomAnchorToTop>false</BottomAnchorToTop>
    <RightAnchorToLeft>false</RightAnchorToLeft>
    <TabBorderTemplate>FT_DefTabBorder</TabBorderTemplate>
    <TabStyle>1</TabStyle>
    <TabWidth>150</TabWidth>
    <PageBorderTemplate>FT_DefPageBorder</PageBorderTemplate>
    <Pages>Page:REMW_EscrowPage</Pages>
    <Pages>Page:REMW_AccessPage</Pages>
    <LeftAnchorOffset>0</LeftAnchorOffset>
    <RightAnchorOffset>0</RightAnchorOffset>
    <TopAnchorOffset>30</TopAnchorOffset>
    <BottomAnchorOffset>35</BottomAnchorOffset>
  </TabBox>
  <Label item="REMW_Eviction_Label">
    <ScreenID>REMW_Eviction_Label</ScreenID>
    <RelativePosition>true</RelativePosition>
    <AutoStretch>true</AutoStretch>
    <LeftAnchorOffset>10</LeftAnchorOffset>
    <RightAnchorOffset>10</RightAnchorOffset>
    <TopAnchorOffset>35</TopAnchorOffset>
    <BottomAnchorOffset>0</BottomAnchorOffset>
    <BottomAnchorToTop>false</BottomAnchorToTop>
    <TopAnchorToTop>false</TopAnchorToTop>
    <RightAnchorToLeft>false</RightAnchorToLeft>
    <Text>Plots will pack up all items, send them to the owner, and become available for purchase again if the owner of the plot has not logged in within 90 days.</Text>
    <TextColor>
      <R>255</R>
      <G>255</G>
      <B>255</B>
    </TextColor>
    <NoWrap>false</NoWrap>
    <AlignRight>false</AlignRight>
  </Label>
  <Screen item="RealEstateManageWnd">
    <RelativePosition>false</RelativePosition>
    <Location>
      <X>200</X>
      <Y>200</Y>
    </Location>
    <Size>
      <CX>600</CX>
      <CY>420</CY>
    </Size>
    <MinHSize>600</MinHSize>
    <MinVSize>420</MinVSize>
    <Text>Sparxx - Real Estate Management</Text>
    <Style_Transparent>false</Style_Transparent>
    <DrawTemplate>WDT_Rounded</DrawTemplate>
    <Style_Titlebar>true</Style_Titlebar>
    <Style_Qmarkbox>true</Style_Qmarkbox>
    <Style_Closebox>true</Style_Closebox>
    <Style_Minimizebox>false</Style_Minimizebox>
    <Style_Border>true</Style_Border>
    <Style_Sizable>true</Style_Sizable>
    <Pieces>TabBox:REMW_Subwindows</Pieces>
    <Pieces>REMW_Property_Label</Pieces>
    <Pieces>REMW_Transfer_Btn</Pieces>
    <Pieces>REMW_Eviction_Label</Pieces>
    <Font>2</Font>
  </Screen>
</XML>