<?xml version="1.0" encoding="us-ascii"?>
<XML ID="EQInterfaceDefinitionLanguage">
  <Schema xmlns="EverQuestData" xmlns:dt="EverQuestDataTypes" />
  <Gauge item="Player_HP_Gauge_Target_Anywhere">
    <ScreenID>PlayerHPGauge</ScreenID>
    <TextColor>
      <R>240</R>
      <G>240</G>
      <B>240</B>
    </TextColor>
    <RelativePosition>true</RelativePosition>
    <TextOffsetX>-1000</TextOffsetX>
    <GaugeOffsetY>-1000</GaugeOffsetY>
    <FillTint>
      <R>200</R>
      <G>0</G>
      <B>0</B>
    </FillTint>
    <EQType>1</EQType>
    <GaugeDrawTemplate>
      <Background>A_GaugeBackground</Background>
      <Fill>A_GaugeFill</Fill>
      <Lines>A_GaugeLines</Lines>
      <EndCapLeft>A_GaugeEndCapLeft</EndCapLeft>
      <EndCapRight>A_GaugeEndCapRight</EndCapRight>
    </GaugeDrawTemplate>
    <AutoStretch>false</AutoStretch>
    <TopAnchorOffset>80</TopAnchorOffset>
    <BottomAnchorOffset>121</BottomAnchorOffset>
    <LeftAnchorOffset>17</LeftAnchorOffset>
    <RightAnchorToLeft>false</RightAnchorToLeft>
    <RightAnchorOffset>79</RightAnchorOffset>
    <Location>
      <X>0</X>
      <Y>36</Y>
    </Location>
    <Size>
      <CX>334</CX>
      <CY>62</CY>
    </Size>
    <GaugeOffsetX>-1000</GaugeOffsetX>
    <TextOffsetY>-1000</TextOffsetY>
    <Font>2</Font>
  </Gauge>
  <Label item="PW_Min-Max_End">
    <ScreenID>PW_Min-Max_End</ScreenID>
    <EQType>129</EQType>
    <Font>2</Font>
    <Text>999999 / 999999</Text>
    <RelativePosition>true</RelativePosition>
    <Location>
      <X>3</X>
      <Y>55</Y>
    </Location>
    <Size>
      <CX>110</CX>
      <CY>12</CY>
    </Size>
    <Text>0</Text>
    <TextColor>
      <R>255</R>
      <G>255</G>
      <B>0</B>
    </TextColor>
    <NoWrap>true</NoWrap>
    <AlignCenter>false</AlignCenter>
    <AlignRight>false</AlignRight>
    <AlignLeft>false</AlignLeft>
  </Label>
  <Label item="PW_Min-Max_Mana">
    <ScreenID>PW_Min-Max_Mana</ScreenID>
    <EQType>128</EQType>
    <Font>2</Font>
    <Text>999999 / 999999</Text>
    <RelativePosition>true</RelativePosition>
    <Location>
      <X>3</X>
      <Y>75</Y>
    </Location>
    <Size>
      <CX>110</CX>
      <CY>12</CY>
    </Size>
    <Text>0</Text>
    <TextColor>
      <R>255</R>
      <G>255</G>
      <B>0</B>
    </TextColor>
    <NoWrap>true</NoWrap>
    <AlignCenter>false</AlignCenter>
    <AlignRight>false</AlignRight>
    <AlignLeft>false</AlignLeft>
  </Label>
  <Label item="PW_Min-Max_HP">
    <ScreenID>PW_Min-Max_HP</ScreenID>
    <EQType>70</EQType>
    <Font>2</Font>
    <Text>99999999 / 99999999</Text>
    <RelativePosition>true</RelativePosition>
    <Location>
      <X>3</X>
      <Y>35</Y>
    </Location>
    <Size>
      <CX>120</CX>
      <CY>12</CY>
    </Size>
    <Text>0</Text>
    <TextColor>
      <R>255</R>
      <G>255</G>
      <B>0</B>
    </TextColor>
    <NoWrap>true</NoWrap>
    <AlignCenter>false</AlignCenter>
    <AlignRight>false</AlignRight>
    <AlignLeft>false</AlignLeft>
  </Label>
  <Label item="Player_Name">
    <ScreenID>PlayerHP</ScreenID>
    <Font>3</Font>
    <Text>Player Name</Text>
    <TextColor>
      <R>255</R>
      <G>255</G>
      <B>255</B>
    </TextColor>
    <Size>
      <CX>81</CX>
      <CY>13</CY>
    </Size>
    <AlignCenter>false</AlignCenter>
    <Location>
      <X>36</X>
      <Y>18</Y>
    </Location>
    <EQType>1</EQType>
  </Label>
  <StaticAnimation item="PW_Inv_Seperator1">
    <RelativePosition>true</RelativePosition>
    <Location>
      <X>2</X>
      <Y>33</Y>
    </Location>
    <Size>
      <CX>347</CX>
      <CY>3</CY>
    </Size>
    <Animation>A_DividerMiddle</Animation>
  </StaticAnimation>
  <Label item="PWW_AggroMostHatedNameLabel">
    <ScreenID>PWW_AggroMostHatedNameLabel</ScreenID>
    <RelativePosition>true</RelativePosition>
    <Location>
      <X>123</X>
      <Y>20</Y>
    </Location>
    <Size>
      <CX>101</CX>
      <CY>15</CY>
    </Size>
    <Text>Aggro Most Hated</Text>
    <TextColor>
      <R>255</R>
      <G>255</G>
      <B>255</B>
    </TextColor>
    <EQType>303</EQType>
    <NoWrap>true</NoWrap>
    <AlignCenter>false</AlignCenter>
    <Font>2</Font>
    <TooltipReference>(Secondary Aggro)</TooltipReference>
  </Label>
  <Label item="PWW_AggroMostHatedPercLabel">
    <ScreenID>PWW_AggroMostHatedPercLabel</ScreenID>
    <RelativePosition>true</RelativePosition>
    <Location>
      <X>225</X>
      <Y>20</Y>
    </Location>
    <Size>
      <CX>19</CX>
      <CY>14</CY>
    </Size>
    <Text>100</Text>
    <TextColor>
      <R>255</R>
      <G>255</G>
      <B>255</B>
    </TextColor>
    <EQType>307</EQType>
    <NoWrap>true</NoWrap>
    <AlignCenter>false</AlignCenter>
    <AlignRight>true</AlignRight>
    <Font>2</Font>
  </Label>
  <Label item="PWW_AggroGaugeLabel">
    <ScreenID>PWW_AggroGaugeLabel</ScreenID>
    <RelativePosition>true</RelativePosition>
    <Text>100</Text>
    <TextColor>
      <R>255</R>
      <G>255</G>
      <B>255</B>
    </TextColor>
    <NoWrap>true</NoWrap>
    <AlignCenter>False</AlignCenter>
    <Font>2</Font>
    <EQType>305</EQType>
    <AutoStretch>False</AutoStretch>
    <TopAnchorOffset>22</TopAnchorOffset>
    <BottomAnchorOffset>49</BottomAnchorOffset>
    <RightAnchorToLeft>false</RightAnchorToLeft>
    <Style_Tooltip>false</Style_Tooltip>
    <LeftAnchorOffset>3</LeftAnchorOffset>
    <RightAnchorOffset>-3</RightAnchorOffset>
    <Size>
      <CX>20</CX>
      <CY>13</CY>
    </Size>
    <LeftAnchorToLeft>False</LeftAnchorToLeft>
    <BottomAnchorToTop>False</BottomAnchorToTop>
    <TopAnchorToTop>False</TopAnchorToTop>
    <Location>
      <X>224</X>
      <Y>9</Y>
    </Location>
    <AlignRight>true</AlignRight>
  </Label>
  <Gauge item="PWW_AggroGauge">
    <ScreenID>PWW_AggroGauge</ScreenID>
    <TextColor>
      <R>255</R>
      <G>255</G>
      <B>255</B>
    </TextColor>
    <RelativePosition>true</RelativePosition>
    <FillTint>
      <R>225</R>
      <G>0</G>
      <B>75</B>
      <Alpha>255</Alpha>
    </FillTint>
    <EQType>149</EQType>
    <GaugeDrawTemplate>
      <Fill>A_GaugeFill</Fill>
      <EndCapLeft>A_GaugeEndCapLeft</EndCapLeft>
      <EndCapRight>A_GaugeEndCapRight</EndCapRight>
      <Background>A_GaugeBackground</Background>
    </GaugeDrawTemplate>
    <AutoStretch>False</AutoStretch>
    <GaugeOffsetY>10</GaugeOffsetY>
    <TopAnchorOffset>17</TopAnchorOffset>
    <BottomAnchorOffset>37</BottomAnchorOffset>
    <RightAnchorToLeft>false</RightAnchorToLeft>
    <LeftAnchorOffset>0</LeftAnchorOffset>
    <RightAnchorOffset>0</RightAnchorOffset>
    <Size>
      <CX>102</CX>
      <CY>19</CY>
    </Size>
    <GaugeOffsetX>-3</GaugeOffsetX>
    <Location>
      <X>122</X>
      <Y>1</Y>
    </Location>
    <BottomAnchorToTop>True</BottomAnchorToTop>
    <LeftAnchorToLeft>True</LeftAnchorToLeft>
    <TopAnchorToTop>True</TopAnchorToTop>
    <TooltipReference>(Your Aggro)</TooltipReference>
    <Font>2</Font>
    <Text>Your Aggro</Text>
    <TextOffsetX>1</TextOffsetX>
    <TextOffsetY>-2</TextOffsetY>
  </Gauge>
  <Button item="PW_ParcelsOverLimitIcon">
    <ScreenID>PW_ParcelsOverLimitIcon</ScreenID>
    <RelativePosition>true</RelativePosition>
    <Location>
      <X>101</X>
      <Y>4</Y>
    </Location>
    <Size>
      <CX>18</CX>
      <CY>18</CY>
    </Size>
    <Style_VScroll>false</Style_VScroll>
    <Style_HScroll>false</Style_HScroll>
    <Style_Transparent>false</Style_Transparent>
    <Style_Checkbox>false</Style_Checkbox>
    <TextColor>
      <R>255</R>
      <G>255</G>
      <B>255</B>
    </TextColor>
    <ButtonDrawTemplate>
      <Normal>A_ParcelsOverLimitIcon</Normal>
    </ButtonDrawTemplate>
    <Font>2</Font>
    <TooltipReference>Over limit on Parcels!</TooltipReference>
  </Button>
  <Button item="PW_ParcelsIcon">
    <ScreenID>PW_ParcelsIcon</ScreenID>
    <RelativePosition>true</RelativePosition>
    <Location>
      <X>101</X>
      <Y>4</Y>
    </Location>
    <Size>
      <CX>18</CX>
      <CY>18</CY>
    </Size>
    <Style_VScroll>false</Style_VScroll>
    <Style_HScroll>false</Style_HScroll>
    <Style_Transparent>false</Style_Transparent>
    <Style_Checkbox>false</Style_Checkbox>
    <TextColor>
      <R>255</R>
      <G>255</G>
      <B>255</B>
    </TextColor>
    <ButtonDrawTemplate>
      <Normal>A_ParcelsIcon</Normal>
    </ButtonDrawTemplate>
    <Font>2</Font>
    <TooltipReference>You have a new Parcel!</TooltipReference>
  </Button>
  <Button item="PW_NewMailIcon">
    <ScreenID>PW_NewMailIcon</ScreenID>
    <RelativePosition>true</RelativePosition>
    <Location>
      <X>82</X>
      <Y>3</Y>
    </Location>
    <Size>
      <CX>22</CX>
      <CY>20</CY>
    </Size>
    <Style_VScroll>false</Style_VScroll>
    <Style_HScroll>false</Style_HScroll>
    <Style_Transparent>false</Style_Transparent>
    <Style_Checkbox>false</Style_Checkbox>
    <TextColor>
      <R>0</R>
      <G>0</G>
      <B>0</B>
    </TextColor>
    <ButtonDrawTemplate>
      <Normal>A_NewMailIcon</Normal>
    </ButtonDrawTemplate>
    <Font>2</Font>
    <TooltipReference>You have mail!</TooltipReference>
    <DecalOffset>
      <X>0</X>
      <Y>0</Y>
    </DecalOffset>
  </Button>
  <TextureInfo item="AttackIndicator.tga">
    <Size>
      <CX>128</CX>
      <CY>32</CY>
    </Size>
  </TextureInfo>
  <Ui2DAnimation item="A_AttackIndicatorTop">
    <Cycle>false</Cycle>
    <Frames>
      <Texture>AttackIndicator.tga</Texture>
      <Location>
        <X>0</X>
        <Y>0</Y>
      </Location>
      <Size>
        <CX>112</CX>
        <CY>2</CY>
      </Size>
    </Frames>
  </Ui2DAnimation>
  <Ui2DAnimation item="A_AttackIndicatorBottom">
    <Cycle>false</Cycle>
    <Frames>
      <Texture>AttackIndicator.tga</Texture>
      <Location>
        <X>0</X>
        <Y>29</Y>
      </Location>
      <Size>
        <CX>112</CX>
        <CY>3</CY>
      </Size>
    </Frames>
  </Ui2DAnimation>
  <Ui2DAnimation item="A_AttackIndicatorLeft">
    <Cycle>false</Cycle>
    <Frames>
      <Texture>AttackIndicator.tga</Texture>
      <Location>
        <X>0</X>
        <Y>2</Y>
      </Location>
      <Size>
        <CX>3</CX>
        <CY>27</CY>
      </Size>
    </Frames>
  </Ui2DAnimation>
  <Ui2DAnimation item="A_AttackIndicatorRight">
    <Cycle>false</Cycle>
    <Frames>
      <Texture>AttackIndicator.tga</Texture>
      <Location>
        <X>111</X>
        <Y>3</Y>
      </Location>
      <Size>
        <CX>1</CX>
        <CY>26</CY>
      </Size>
    </Frames>
  </Ui2DAnimation>
  <Ui2DAnimation item="A_AttackIndicatorFill">
    <Cycle>false</Cycle>
    <Frames>
      <Texture>AttackIndicator.tga</Texture>
      <Location>
        <X>4</X>
        <Y>4</Y>
      </Location>
      <Size>
        <CX>104</CX>
        <CY>24</CY>
      </Size>
    </Frames>
  </Ui2DAnimation>
  <StaticAnimation item="A_AttackIndicatorAnimTop">
    <ScreenID>A_AttackIndicatorAnimTop</ScreenID>
    <Animation>A_AttackIndicatorTop</Animation>
    <AutoDraw>false</AutoDraw>
    <AutoStretch>False</AutoStretch>
    <TopAnchorOffset>1</TopAnchorOffset>
    <BottomAnchorOffset>4</BottomAnchorOffset>
    <LeftAnchorOffset>139</LeftAnchorOffset>
    <RightAnchorOffset>79</RightAnchorOffset>
    <TopAnchorToTop>true</TopAnchorToTop>
    <BottomAnchorToTop>true</BottomAnchorToTop>
    <LeftAnchorToLeft>true</LeftAnchorToLeft>
    <RightAnchorToLeft>false</RightAnchorToLeft>
    <Font>2</Font>
    <Size>
      <CX>26</CX>
      <CY>2</CY>
    </Size>
    <Location>
      <X>4</X>
      <Y>2</Y>
    </Location>
  </StaticAnimation>
  <StaticAnimation item="A_AttackIndicatorAnimBottom">
    <ScreenID>A_AttackIndicatorAnimBottom</ScreenID>
    <Animation>A_AttackIndicatorTop</Animation>
    <AutoDraw>false</AutoDraw>
    <AutoStretch>False</AutoStretch>
    <TopAnchorOffset>30</TopAnchorOffset>
    <BottomAnchorOffset>33</BottomAnchorOffset>
    <LeftAnchorOffset>139</LeftAnchorOffset>
    <RightAnchorOffset>79</RightAnchorOffset>
    <TopAnchorToTop>true</TopAnchorToTop>
    <BottomAnchorToTop>true</BottomAnchorToTop>
    <LeftAnchorToLeft>true</LeftAnchorToLeft>
    <RightAnchorToLeft>false</RightAnchorToLeft>
    <Font>2</Font>
    <Size>
      <CX>26</CX>
      <CY>2</CY>
    </Size>
    <Location>
      <X>4</X>
      <Y>30</Y>
    </Location>
  </StaticAnimation>
  <StaticAnimation item="A_AttackIndicatorAnimLeft">
    <ScreenID>A_AttackIndicatorAnimLeft</ScreenID>
    <Animation>A_AttackIndicatorRight</Animation>
    <AutoDraw>false</AutoDraw>
    <AutoStretch>False</AutoStretch>
    <TopAnchorOffset>4</TopAnchorOffset>
    <BottomAnchorOffset>30</BottomAnchorOffset>
    <LeftAnchorOffset>139</LeftAnchorOffset>
    <RightAnchorOffset>142</RightAnchorOffset>
    <TopAnchorToTop>true</TopAnchorToTop>
    <BottomAnchorToTop>true</BottomAnchorToTop>
    <LeftAnchorToLeft>true</LeftAnchorToLeft>
    <RightAnchorToLeft>true</RightAnchorToLeft>
    <Font>2</Font>
    <Size>
      <CX>2</CX>
      <CY>30</CY>
    </Size>
    <Location>
      <X>30</X>
      <Y>2</Y>
    </Location>
  </StaticAnimation>
  <StaticAnimation item="A_AttackIndicatorAnimRight">
    <ScreenID>A_AttackIndicatorAnimRight</ScreenID>
    <Animation>A_AttackIndicatorRight</Animation>
    <AutoDraw>false</AutoDraw>
    <AutoStretch>False</AutoStretch>
    <TopAnchorOffset>4</TopAnchorOffset>
    <BottomAnchorOffset>30</BottomAnchorOffset>
    <LeftAnchorOffset>82</LeftAnchorOffset>
    <RightAnchorOffset>79</RightAnchorOffset>
    <TopAnchorToTop>true</TopAnchorToTop>
    <BottomAnchorToTop>true</BottomAnchorToTop>
    <LeftAnchorToLeft>false</LeftAnchorToLeft>
    <RightAnchorToLeft>false</RightAnchorToLeft>
    <Font>2</Font>
    <Size>
      <CX>2</CX>
      <CY>30</CY>
    </Size>
    <Location>
      <X>2</X>
      <Y>2</Y>
    </Location>
  </StaticAnimation>
  <StaticAnimation item="A_AttackIndicatorAnimFill">
    <ScreenID>A_AttackIndicatorAnimFill</ScreenID>
    <Animation>A_AttackIndicatorFill</Animation>
    <AutoDraw>false</AutoDraw>
    <AutoStretch>False</AutoStretch>
    <LeftAnchorOffset>16</LeftAnchorOffset>
    <TopAnchorOffset>73</TopAnchorOffset>
    <RightAnchorOffset>684</RightAnchorOffset>
    <BottomAnchorOffset>98</BottomAnchorOffset>
    <BottomAnchorToTop>true</BottomAnchorToTop>
    <RightAnchorToLeft>false</RightAnchorToLeft>
    <Location>
      <X>10</X>
      <Y>217</Y>
    </Location>
    <Size>
      <CX>40</CX>
      <CY>14</CY>
    </Size>
  </StaticAnimation>
  <Ui2DAnimation item="A_PWCSInCombat">
    <Cycle>true</Cycle>
    <Frames>
      <Texture>window_pieces06.tga</Texture>
      <Location>
        <X>200</X>
        <Y>0</Y>
      </Location>
      <Size>
        <CX>40</CX>
        <CY>40</CY>
      </Size>
      <Hotspot>
        <X>0</X>
        <Y>0</Y>
      </Hotspot>
      <Duration>1000</Duration>
    </Frames>
  </Ui2DAnimation>
  <Ui2DAnimation item="A_PWCSTimer">
    <Cycle>true</Cycle>
    <Frames>
      <Texture>window_pieces06.tga</Texture>
      <Location>
        <X>200</X>
        <Y>80</Y>
      </Location>
      <Size>
        <CX>40</CX>
        <CY>40</CY>
      </Size>
      <Hotspot>
        <X>0</X>
        <Y>0</Y>
      </Hotspot>
      <Duration>1000</Duration>
    </Frames>
  </Ui2DAnimation>
  <Ui2DAnimation item="A_PWCSDebuff">
    <Cycle>true</Cycle>
    <Frames>
      <Texture>window_pieces06.tga</Texture>
      <Location>
        <X>200</X>
        <Y>40</Y>
      </Location>
      <Size>
        <CX>40</CX>
        <CY>40</CY>
      </Size>
      <Hotspot>
        <X>0</X>
        <Y>0</Y>
      </Hotspot>
      <Duration>1000</Duration>
    </Frames>
  </Ui2DAnimation>
  <Ui2DAnimation item="A_PWCSStanding">
    <Cycle>true</Cycle>
    <Frames>
      <Texture>window_pieces06.tga</Texture>
      <Location>
        <X>200</X>
        <Y>120</Y>
      </Location>
      <Size>
        <CX>40</CX>
        <CY>40</CY>
      </Size>
      <Hotspot>
        <X>0</X>
        <Y>0</Y>
      </Hotspot>
      <Duration>1000</Duration>
    </Frames>
  </Ui2DAnimation>
  <Ui2DAnimation item="A_PWCSRegen">
    <Cycle>true</Cycle>
    <Frames>
      <Texture>window_pieces06.tga</Texture>
      <Location>
        <X>200</X>
        <Y>160</Y>
      </Location>
      <Size>
        <CX>40</CX>
        <CY>40</CY>
      </Size>
      <Hotspot>
        <X>0</X>
        <Y>0</Y>
      </Hotspot>
      <Duration>1000</Duration>
    </Frames>
  </Ui2DAnimation>
  <Ui2DAnimation item="A_AttackIndicator">
    <Cycle>false</Cycle>
    <Frames>
      <Texture>AttackIndicator.tga</Texture>
      <Location>
        <X>0</X>
        <Y>0</Y>
      </Location>
      <Size>
        <CX>114</CX>
        <CY>32</CY>
      </Size>
    </Frames>
  </Ui2DAnimation>
  <Gauge item="Player_CombatTimer">
    <ScreenID>Player_CombatTimer</ScreenID>
    <RelativePosition>true</RelativePosition>
    <GaugeOffsetY>0</GaugeOffsetY>
    <FillTint>
      <R>169</R>
      <G>169</G>
      <B>169</B>
    </FillTint>
    <EQType>29</EQType>
    <GaugeDrawTemplate>
      <Background>A_GaugeBackground</Background>
      <Fill>A_GaugeFill</Fill>
      <Lines>A_GaugeLines</Lines>
      <EndCapLeft>A_GaugeEndCapLeft</EndCapLeft>
      <EndCapRight>A_GaugeEndCapRight</EndCapRight>
    </GaugeDrawTemplate>
    <AutoStretch>False</AutoStretch>
    <TopAnchorOffset>220</TopAnchorOffset>
    <BottomAnchorOffset>230</BottomAnchorOffset>
    <LeftAnchorOffset>55</LeftAnchorOffset>
    <RightAnchorOffset>-20</RightAnchorOffset>
    <RightAnchorToLeft>false</RightAnchorToLeft>
    <Location>
      <X>54</X>
      <Y>218</Y>
    </Location>
    <Size>
      <CX>113</CX>
      <CY>12</CY>
    </Size>
  </Gauge>
  <Label item="Player_CombatTimerLabel">
    <ScreenID>Player_CombatTimerLabel</ScreenID>
    <EQType>137</EQType>
    <RelativePosition>true</RelativePosition>
    <Text>00:30</Text>
    <TextColor>
      <R>0</R>
      <G>255</G>
      <B>0</B>
    </TextColor>
    <NoWrap>true</NoWrap>
    <AlignCenter>true</AlignCenter>
    <AlignRight>false</AlignRight>
    <Font>1</Font>
    <AutoStretch>false</AutoStretch>
    <TopAnchorOffset>80</TopAnchorOffset>
    <BottomAnchorOffset>90</BottomAnchorOffset>
    <LeftAnchorOffset>125</LeftAnchorOffset>
    <RightAnchorToLeft>false</RightAnchorToLeft>
    <Style_Tooltip>false</Style_Tooltip>
    <RightAnchorOffset>97</RightAnchorOffset>
    <Size>
      <CX>26</CX>
      <CY>10</CY>
    </Size>
    <Location>
      <X>36</X>
      <Y>11</Y>
    </Location>
    <TooltipReference>RestTimer</TooltipReference>
  </Label>
  <Button item="PW_CombatStateAnim">
    <ScreenID>PW_CombatStateAnim</ScreenID>
    <RelativePosition>true</RelativePosition>
    <Style_Transparent>false</Style_Transparent>
    <Style_Checkbox>false</Style_Checkbox>
    <DecalSize>
      <CX>26</CX>
      <CY>26</CY>
    </DecalSize>
    <AutoStretch>False</AutoStretch>
    <BottomAnchorOffset>26</BottomAnchorOffset>
    <LeftAnchorOffset>27</LeftAnchorOffset>
    <RightAnchorOffset>1</RightAnchorOffset>
    <LeftAnchorToLeft>false</LeftAnchorToLeft>
    <RightAnchorToLeft>false</RightAnchorToLeft>
    <Size>
      <CX>26</CX>
      <CY>26</CY>
    </Size>
    <Location>
      <X>4</X>
      <Y>4</Y>
    </Location>
    <Font>2</Font>
  </Button>
  <Label item="Player_HPLabel">
    <ScreenID>HPLabel</ScreenID>
    <EQType>19</EQType>
    <RelativePosition>true</RelativePosition>
    <Text>100</Text>
    <TextColor>
      <R>255</R>
      <G>255</G>
      <B>0</B>
    </TextColor>
    <NoWrap>true</NoWrap>
    <AlignCenter>false</AlignCenter>
    <Font>2</Font>
    <AutoStretch>false</AutoStretch>
    <TopAnchorOffset>125</TopAnchorOffset>
    <BottomAnchorOffset>135</BottomAnchorOffset>
    <LeftAnchorOffset>249</LeftAnchorOffset>
    <RightAnchorToLeft>false</RightAnchorToLeft>
    <Style_Tooltip>false</Style_Tooltip>
    <RightAnchorOffset>561</RightAnchorOffset>
    <Location>
      <X>102</X>
      <Y>45</Y>
    </Location>
    <Size>
      <CX>20</CX>
      <CY>13</CY>
    </Size>
    <AlignRight>true</AlignRight>
  </Label>
  <Label item="Player_HPPercLabel">
    <ScreenID>HPPerLabel</ScreenID>
    <RelativePosition>true</RelativePosition>
    <Text>%</Text>
    <TextColor>
      <R>255</R>
      <G>255</G>
      <B>255</B>
    </TextColor>
    <NoWrap>true</NoWrap>
    <AlignCenter>true</AlignCenter>
    <Font>2</Font>
    <AutoStretch>False</AutoStretch>
    <TopAnchorOffset>123</TopAnchorOffset>
    <BottomAnchorOffset>131</BottomAnchorOffset>
    <LeftAnchorOffset>265</LeftAnchorOffset>
    <RightAnchorToLeft>false</RightAnchorToLeft>
    <Style_Tooltip>false</Style_Tooltip>
    <RightAnchorOffset>501</RightAnchorOffset>
    <Location>
      <X>122</X>
      <Y>45</Y>
    </Location>
    <Size>
      <CX>13</CX>
      <CY>13</CY>
    </Size>
  </Label>
  <Gauge item="Player_HP_Gauge">
    <ScreenID>PlayerHPGauge</ScreenID>
    <TextColor>
      <R>240</R>
      <G>240</G>
      <B>240</B>
    </TextColor>
    <RelativePosition>true</RelativePosition>
    <TextOffsetX>-100</TextOffsetX>
    <GaugeOffsetY>10</GaugeOffsetY>
    <FillTint>
      <R>200</R>
      <G>0</G>
      <B>0</B>
    </FillTint>
    <EQType>1</EQType>
    <GaugeDrawTemplate>
      <Background>A_GaugeBackground</Background>
      <Fill>A_GaugeFill</Fill>
      <Lines>A_GaugeLines</Lines>
      <EndCapLeft>A_GaugeEndCapLeft</EndCapLeft>
      <EndCapRight>A_GaugeEndCapRight</EndCapRight>
    </GaugeDrawTemplate>
    <AutoStretch>False</AutoStretch>
    <TopAnchorOffset>8</TopAnchorOffset>
    <BottomAnchorOffset>121</BottomAnchorOffset>
    <LeftAnchorOffset>17</LeftAnchorOffset>
    <RightAnchorToLeft>false</RightAnchorToLeft>
    <RightAnchorOffset>679</RightAnchorOffset>
    <Location>
      <X>2</X>
      <Y>27</Y>
    </Location>
    <Size>
      <CX>350</CX>
      <CY>30</CY>
    </Size>
    <GaugeOffsetX>-3</GaugeOffsetX>
    <TextOffsetY>-100</TextOffsetY>
    <Font>2</Font>
  </Gauge>
  <Gauge item="Pet_HP">
    <ScreenID>PetHP</ScreenID>
    <TextColor>
      <R>255</R>
      <G>255</G>
      <B>255</B>
    </TextColor>
    <RelativePosition>true</RelativePosition>
    <TextOffsetY>-2</TextOffsetY>
    <GaugeOffsetY>10</GaugeOffsetY>
    <FillTint>
      <R>0</R>
      <G>150</G>
      <B>0</B>
    </FillTint>
    <EQType>16</EQType>
    <GaugeDrawTemplate>
      <Fill>A_GaugeFill</Fill>
      <Background>A_GaugeBackground</Background>
      <EndCapLeft>A_GaugeEndCapLeft</EndCapLeft>
      <EndCapRight>A_GaugeEndCapRight</EndCapRight>
    </GaugeDrawTemplate>
    <AutoStretch>False</AutoStretch>
    <TopAnchorOffset>191</TopAnchorOffset>
    <BottomAnchorOffset>198</BottomAnchorOffset>
    <LeftAnchorOffset>52</LeftAnchorOffset>
    <RightAnchorOffset>-17</RightAnchorOffset>
    <RightAnchorToLeft>false</RightAnchorToLeft>
    <Location>
      <X>142</X>
      <Y>37</Y>
    </Location>
    <Size>
      <CX>102</CX>
      <CY>19</CY>
    </Size>
    <GaugeOffsetX>-3</GaugeOffsetX>
    <TextOffsetX>1</TextOffsetX>
    <Text>Player Pet</Text>
    <Font>2</Font>
  </Gauge>
  <Label item="PW_PlayerPet_HP_Percent">
    <ScreenID>PW_PlayerPet_HP_Percent</ScreenID>
    <EQType>69</EQType>
    <Text>100</Text>
    <RelativePosition>true</RelativePosition>
    <Location>
      <X>216</X>
      <Y>37</Y>
    </Location>
    <Size>
      <CX>20</CX>
      <CY>11</CY>
    </Size>
    <Text>0</Text>
    <TextColor>
      <R>0</R>
      <G>255</G>
      <B>0</B>
    </TextColor>
    <NoWrap>true</NoWrap>
    <AlignCenter>false</AlignCenter>
    <AlignRight>true</AlignRight>
    <AlignLeft>false</AlignLeft>
    <Font>1</Font>
  </Label>
  <Label item="PW_PlayerPet_HP_Percent_Label">
    <ScreenID>PW_PlayerPet_HP_Percent_Label</ScreenID>
    <Font>1</Font>
    <Text>%</Text>
    <TextColor>
      <R>255</R>
      <G>255</G>
      <B>255</B>
    </TextColor>
    <Size>
      <CX>15</CX>
      <CY>11</CY>
    </Size>
    <AlignCenter>true</AlignCenter>
    <Location>
      <X>233</X>
      <Y>37</Y>
    </Location>
  </Label>
  <Gauge item="PW_PlayerPetTarget_HPGauge">
    <ScreenID>PW_PlayerPetTarget_HPGauge</ScreenID>
    <RelativePosition>true</RelativePosition>
    <Location>
      <X>142</X>
      <Y>57</Y>
    </Location>
    <Size>
      <CX>102</CX>`
			<CY>19</CY></Size>
    <GaugeOffsetY>10</GaugeOffsetY>
    <Text>Player Pet Target</Text>
    <TextOffsetY>-2</TextOffsetY>
    <TextOffsetX>1</TextOffsetX>
    <TextColor>
      <R>240</R>
      <G>240</G>
      <B>240</B>
    </TextColor>
    <Style_VScroll>false</Style_VScroll>
    <Style_HScroll>false</Style_HScroll>
    <Style_Transparent>false</Style_Transparent>
    <FillTint>
      <R>0</R>
      <G>150</G>
      <B>0</B>
      <Alpha>255</Alpha>
    </FillTint>
    <LinesFillTint>
      <R>0</R>
      <G>0</G>
      <B>0</B>
    </LinesFillTint>
    <DrawLinesFill>false</DrawLinesFill>
    <EQType>41</EQType>
    <GaugeDrawTemplate>
      <Background>A_GaugeBackground</Background>
      <Fill>A_GaugeFill</Fill>
      <Lines>A_GaugeLines</Lines>
      <LinesFill>A_GaugeLinesFill</LinesFill>
      <EndCapLeft>A_GaugeEndCapLeft</EndCapLeft>
      <EndCapRight>A_GaugeEndCapRight</EndCapRight>
    </GaugeDrawTemplate>
    <Font>2</Font>
    <GaugeOffsetX>-3</GaugeOffsetX>
  </Gauge>
  
<!-- ARKKEDIT EXP/AA/ItemEXP Additions -->

	<Gauge item="PWE_ExpGauge">
    	<ScreenID>PWE_ExpGauge</ScreenID>
    	<RelativePosition>true</RelativePosition>
    	<Location>
      		<X>2</X>
      		<Y>80</Y>
    	</Location>
    	<Size>
      		<CX>87</CX>
      		<CY>8</CY>
    	</Size>
    	<GaugeOffsetY>-1</GaugeOffsetY>
    	<Style_VScroll>false</Style_VScroll>
    	<Style_HScroll>false</Style_HScroll>
    	<Style_Transparent>false</Style_Transparent>
    	<FillTint>
      		<R>200</R>
      		<G>80</G>
      		<B>0</B>
    	</FillTint>
    	<LinesFillTint>
      		<R>255</R>
      		<G>255</G>
      		<B>255</B>
    	</LinesFillTint>
    	<DrawLinesFill>true</DrawLinesFill>
    	<EQType>4</EQType>
    	<GaugeDrawTemplate>
      		<Background>A_GaugeBackground</Background>
      		<Fill>A_GaugeFill</Fill>
      		<Lines>A_GaugeLines</Lines>
      		<LinesFill>A_GaugeLinesFill</LinesFill>
      		<EndCapLeft>A_GaugeEndCapLeft</EndCapLeft>
      		<EndCapRight>A_GaugeEndCapRight</EndCapRight>
    	</GaugeDrawTemplate>
    	<GaugeOffsetX>-3</GaugeOffsetX>
    	<Font>2</Font>
  	</Gauge>
	<Label item="PWE_Level">
    	<ScreenID>PWE_Level</ScreenID>
    	<Font>2</Font>
    	<EQType>2</EQType>
    	<TextColor>
      		<R>255</R>
      		<G>255</G>
      		<B>255</B>
    	</TextColor>
    	<Size>
      		<CX>20</CX>
      		<CY>15</CY>
    	</Size>
    	<AlignCenter>true</AlignCenter>
    	<Location>
      		<X>113</X>
      		<Y>77</Y>
    	</Location>
    	<Text>100</Text>
  	</Label>
	<Label item="PWE_ExpVal">
    	<ScreenID>PWE_ExpVal</ScreenID>
    	<EQType>26</EQType>
    	<Text>100</Text>
    	<RelativePosition>true</RelativePosition>
    	<Location>
      		<X>78</X>
      		<Y>77</Y>
    	</Location>
    	<Size>
      		<CX>22</CX>
      		<CY>14</CY>
    	</Size>
    	<Text>0</Text>
    	<TextColor>
      		<R>255</R>
      		<G>255</G>
      		<B>0</B>
    	</TextColor>
    	<NoWrap>true</NoWrap>
    	<AlignCenter>false</AlignCenter>
    	<AlignRight>true</AlignRight>
    	<AlignLeft>false</AlignLeft>
    	<Font>2</Font>
  	</Label>
  	<Label item="PWE_ExpLabel1">
    	<ScreenID>PWE_ExpLabel1</ScreenID>
    	<Font>2</Font>
    	<Text>%</Text>
    	<TextColor>
      		<R>255</R>
      		<G>255</G>
		      <B>255</B>
    	</TextColor>
    	<Size>
      		<CX>40</CX>
      		<CY>15</CY>
    	</Size>
    	<AlignCenter>true</AlignCenter>
    	<Location>
      		<X>86</X>
      		<Y>77</Y>
    	</Location>
  	</Label>
  	<Label item="PWE_ExpLabel2">
    	<ScreenID>PWE_ExpLabel2</ScreenID>
    	<Font>2</Font>
    	<Text>(    )</Text>
    	<TextColor>
      		<R>255</R>
      		<G>255</G>
		      <B>255</B>
    	</TextColor>
    	<Size>
      		<CX>40</CX>
      		<CY>15</CY>
    	</Size>
    	<AlignCenter>true</AlignCenter>
    	<Location>
      		<X>103</X>
      		<Y>76</Y>
    	</Location>
  	</Label>
	<Gauge item="PWE_AAGauge">
    	<ScreenID>PWE_AAGauge</ScreenID>
    	<RelativePosition>true</RelativePosition>
    	<Location>
      		<X>142</X>
      		<Y>80</Y>
    	</Location>
    	<Size>
      		<CX>87</CX>
      		<CY>8</CY>
    	</Size>
    	<GaugeOffsetY>-1</GaugeOffsetY>
    	<Style_VScroll>false</Style_VScroll>
    	<Style_HScroll>false</Style_HScroll>
    	<Style_Transparent>false</Style_Transparent>
    	<FillTint>
      		<R>200</R>
      		<G>80</G>
      		<B>0</B>
    	</FillTint>
    	<LinesFillTint>
      		<R>255</R>
      		<G>255</G>
      		<B>255</B>
    	</LinesFillTint>
    	<DrawLinesFill>true</DrawLinesFill>
    	<EQType>5</EQType>
    	<GaugeDrawTemplate>
      		<Background>A_GaugeBackground</Background>
      		<Fill>A_GaugeFill</Fill>
      		<Lines>A_GaugeLines</Lines>
      		<LinesFill>A_GaugeLinesFill</LinesFill>
      		<EndCapLeft>A_GaugeEndCapLeft</EndCapLeft>
      		<EndCapRight>A_GaugeEndCapRight</EndCapRight>
    	</GaugeDrawTemplate>
    	<GaugeOffsetX>-3</GaugeOffsetX>
	    <Font>2</Font>
  	</Gauge>
	<Label item="PWE_AAVal">
   		<ScreenID>PWE_AAVal</ScreenID>
    	<EQType>27</EQType>
    	<Text>100</Text>
    	<RelativePosition>true</RelativePosition>
    	<Location>
      		<X>207</X>
      		<Y>77</Y>
    	</Location>
    	<Size>
      		<CX>35</CX>
      		<CY>14</CY>
    	</Size>
    	<Text>0</Text>
    	<TextColor>
      		<R>255</R>
      		<G>255</G>
      		<B>0</B>
    	</TextColor>
    	<NoWrap>true</NoWrap>
    	<AlignCenter>false</AlignCenter>
    	<AlignRight>true</AlignRight>
    	<AlignLeft>false</AlignLeft>
    	<Font>2</Font>
  	</Label>
  	<Label item="PWE_AALabel1">
    	<ScreenID>PWE_AALabel1</ScreenID>
    	<Font>2</Font>
    	<Text>%</Text>
    	<TextColor>
      		<R>255</R>
      		<G>255</G>
      		<B>255</B>
    	</TextColor>
    	<Size>
      		<CX>15</CX>
      		<CY>15</CY>
    	</Size>
    	<AlignCenter>true</AlignCenter>
    	<Location>
      		<X>240</X>
      		<Y>77</Y>
    	</Location>
  	</Label>
  	<Label item="PWE_AALabel2">
    	<ScreenID>PWE_AALabel2</ScreenID>
    	<Font>2</Font>
    	<Text>(     )</Text>
    	<TextColor>
      		<R>255</R>
      		<G>255</G>
		      <B>255</B>
    	</TextColor>
    	<Size>
      		<CX>43</CX>
      		<CY>15</CY>
    	</Size>
    	<AlignCenter>true</AlignCenter>
    	<Location>
      		<X>245</X>
      		<Y>76</Y>
    	</Location>
  	</Label>
  	<Label item="PWE_UnspentAA">
    	<ScreenID>PWE_UnspentAA</ScreenID>
    	<Font>2</Font>
    	<Text>50</Text>
    	<TextColor>
      		<R>0</R>
      		<G>255</G>
      		<B>0</B>
    	</TextColor>
    	<Size>
      		<CX>53</CX>
      		<CY>15</CY>
    	</Size>
    	<AlignCenter>true</AlignCenter>
    	<Location>
      		<X>241</X>
      		<Y>77</Y>
    	</Location>
    	<EQType>71</EQType>
  	</Label>
	<Label item="PWE_ItemVal">
    	<ScreenID>PWE_ItemVal</ScreenID>
    	<Font>2</Font>
		<EQType>6670</EQType>
    	<Text>100.00%</Text>
    	<TextColor>
      		<R>255</R>
      		<G>255</G>
		    <B>0</B>
    	</TextColor>
    	<Size>
      		<CX>50</CX>
      		<CY>15</CY>
    	</Size>
    	<AlignRight>true</AlignRight>
		<NoWrap>true</NoWrap>
    	<Location>
      		<X>300</X>
      		<Y>77</Y>
    	</Location>
  	</Label>
	<Label item="PWE_ItemLabel">
    	<ScreenID>PWE_ItemLabel</ScreenID>
    	<Font>2</Font>
    	<Text>Item:</Text>
    	<TextColor>
      		<R>255</R>
      		<G>255</G>
		    <B>255</B>
    	</TextColor>
    	<Size>
      		<CX>70</CX>
      		<CY>15</CY>
    	</Size>
    	<AlignRight>true</AlignRight>
    	<Location>
      		<X>240</X>
      		<Y>77</Y>
    	</Location>
  	</Label>

<!-- ARKKEDIT CastingSpellName & CastingSpell_Gauge moved down 15px -->  
  
  <Label item="PW_CastingSpellName">
    <ScreenID>PW_CastingSpellName</ScreenID>
    <EQType>134</EQType>
    <Text>Spell Name Here</Text>
    <RelativePosition>true</RelativePosition>
    <Location>
      <X>143</X>
      <Y>90</Y>
    </Location>
    <Size>
      <CX>101</CX>
      <CY>14</CY>
    </Size>
    <Text>0</Text>
    <TextColor>
      <R>255</R>
      <G>255</G>
      <B>255</B>
    </TextColor>
    <NoWrap>true</NoWrap>
    <AlignCenter>false</AlignCenter>
    <AlignRight>false</AlignRight>
    <AlignLeft>false</AlignLeft>
    <Font>2</Font>
  </Label>
  <Gauge item="PW_CastingSpell_Gauge">
    <ScreenID>PW_CastingSpell_Gauge</ScreenID>
    <RelativePosition>true</RelativePosition>
    <Location>
      <X>52</X>
      <Y>103</Y>
    </Location>
    <Size>
      <CX>300</CX>
      <CY>8</CY>
    </Size>
    <GaugeOffsetY>-1</GaugeOffsetY>
    <Style_VScroll>false</Style_VScroll>
    <Style_HScroll>false</Style_HScroll>
    <Style_Transparent>false</Style_Transparent>
    <FillTint>
      <R>200</R>
      <G>0</G>
      <B>200</B>
    </FillTint>
    <LinesFillTint>
      <R>0</R>
      <G>0</G>
      <B>0</B>
    </LinesFillTint>
    <DrawLinesFill>false</DrawLinesFill>
    <EQType>7</EQType>
    <GaugeDrawTemplate>
      <Background>A_GaugeBackground</Background>
      <Fill>A_GaugeFill</Fill>
      <Lines>A_GaugeLines</Lines>
      <LinesFill>A_GaugeLinesFill</LinesFill>
      <EndCapLeft>A_GaugeEndCapLeft</EndCapLeft>
      <EndCapRight>A_GaugeEndCapRight</EndCapRight>
    </GaugeDrawTemplate>
    <GaugeOffsetX>-3</GaugeOffsetX>
  </Gauge>
  <Gauge item="Player_Mana">
    <ScreenID>PlayerMana</ScreenID>
    <RelativePosition>true</RelativePosition>
    <GaugeOffsetY>10</GaugeOffsetY>
    <FillTint>
      <R>0</R>
      <G>64</G>
      <B>255</B>
    </FillTint>
    <EQType>2</EQType>
    <GaugeDrawTemplate>
      <Background>A_GaugeBackground</Background>
      <Fill>A_GaugeFill</Fill>
      <Lines>A_GaugeLines</Lines>
      <EndCapLeft>A_GaugeEndCapLeft</EndCapLeft>
      <EndCapRight>A_GaugeEndCapRight</EndCapRight>
    </GaugeDrawTemplate>
    <AutoStretch>False</AutoStretch>
    <TopAnchorOffset>156</TopAnchorOffset>
    <BottomAnchorOffset>166</BottomAnchorOffset>
    <LeftAnchorOffset>29</LeftAnchorOffset>
    <RightAnchorToLeft>false</RightAnchorToLeft>
    <RightAnchorOffset>797</RightAnchorOffset>
    <Location>
      <X>2</X>
      <Y>48</Y>
    </Location>
    <Size>
      <CX>350</CX>
      <CY>19</CY>
    </Size>
    <GaugeOffsetX>-3</GaugeOffsetX>
    <TextOffsetX>-100</TextOffsetX>
    <TextOffsetY>-2</TextOffsetY>
    <Text>Mana</Text>
    <Font>2</Font>
    <TextColor>
      <G>255</G>
      <B>255</B>
      <R>255</R>
    </TextColor>
  </Gauge>
  <Label item="Player_ManaLabel">
    <ScreenID>ManaLabel</ScreenID>
    <EQType>20</EQType>
    <Font>2</Font>
    <RelativePosition>true</RelativePosition>
    <Text>100</Text>
    <TextColor>
      <R>255</R>
      <G>255</G>
      <B>0</B>
    </TextColor>
    <NoWrap>true</NoWrap>
    <AlignCenter>false</AlignCenter>
    <AutoStretch>false</AutoStretch>
    <TopAnchorOffset>197</TopAnchorOffset>
    <BottomAnchorOffset>207</BottomAnchorOffset>
    <LeftAnchorOffset>153</LeftAnchorOffset>
    <RightAnchorToLeft>false</RightAnchorToLeft>
    <Style_Tooltip>false</Style_Tooltip>
    <RightAnchorOffset>-118</RightAnchorOffset>
    <Location>
      <X>102</X>
      <Y>85</Y>
    </Location>
    <Size>
      <CX>20</CX>
      <CY>13</CY>
    </Size>
    <AlignRight>true</AlignRight>
  </Label>
  <Label item="Player_ManaPercLabel">
    <ScreenID>ManPercLabel</ScreenID>
    <Font>2</Font>
    <Text>%</Text>
    <TextColor>
      <R>255</R>
      <G>255</G>
      <B>255</B>
    </TextColor>
    <AlignCenter>true</AlignCenter>
    <AutoStretch>False</AutoStretch>
    <TopAnchorOffset>200</TopAnchorOffset>
    <BottomAnchorOffset>210</BottomAnchorOffset>
    <LeftAnchorOffset>180</LeftAnchorOffset>
    <RightAnchorToLeft>false</RightAnchorToLeft>
    <Style_Tooltip>false</Style_Tooltip>
    <RightAnchorOffset>-145</RightAnchorOffset>
    <Location>
      <X>122</X>
      <Y>85</Y>
    </Location>
    <Size>
      <CX>13</CX>
      <CY>13</CY>
    </Size>
  </Label>
  <Gauge item="Player Endurance">
    <ScreenID>PlayerFatigue</ScreenID>
    <Font>2</Font>
    <RelativePosition>true</RelativePosition>
    <Location>
      <X>2</X>
      <Y>58</Y>
    </Location>
    <Size>
      <CX>350</CX>
      <CY>19</CY>
    </Size>
    <GaugeOffsetY>10</GaugeOffsetY>
    <Style_VScroll>false</Style_VScroll>
    <Style_HScroll>false</Style_HScroll>
    <Style_Transparent>false</Style_Transparent>
    <FillTint>
      <R>200</R>
      <G>200</G>
      <B>0</B>
    </FillTint>
    <LinesFillTint>
      <R>0</R>
      <G>220</G>
      <B>0</B>
    </LinesFillTint>
    <DrawLinesFill>false</DrawLinesFill>
    <EQType>3</EQType>
    <GaugeDrawTemplate>
      <Background>A_GaugeBackground</Background>
      <Fill>A_GaugeFill</Fill>
      <Lines>A_GaugeLines</Lines>
      <LinesFill>A_GaugeLinesFill</LinesFill>
      <EndCapLeft>A_GaugeEndCapLeft</EndCapLeft>
      <EndCapRight>A_GaugeEndCapRight</EndCapRight>
    </GaugeDrawTemplate>
    <GaugeOffsetX>-3</GaugeOffsetX>
    <TextOffsetX>-100</TextOffsetX>
    <TextOffsetY>-2</TextOffsetY>
    <Text>Stamina</Text>
    <TextColor>
      <B>255</B>
      <G>255</G>
      <R>255</R>
    </TextColor>
  </Gauge>
  <Label item="Player_FatigueLabel">
    <ScreenID>FatigueLabel</ScreenID>
    <EQType>21</EQType>
    <Font>2</Font>
    <RelativePosition>true</RelativePosition>
    <Text>100</Text>
    <TextColor>
      <R>255</R>
      <G>255</G>
      <B>0</B>
    </TextColor>
    <NoWrap>true</NoWrap>
    <AlignCenter>false</AlignCenter>
    <AutoStretch>false</AutoStretch>
    <TopAnchorOffset>171</TopAnchorOffset>
    <BottomAnchorOffset>181</BottomAnchorOffset>
    <LeftAnchorOffset>241</LeftAnchorOffset>
    <RightAnchorToLeft>false</RightAnchorToLeft>
    <Style_Tooltip>false</Style_Tooltip>
    <RightAnchorOffset>673</RightAnchorOffset>
    <Location>
      <X>102</X>
      <Y>65</Y>
    </Location>
    <Size>
      <CX>20</CX>
      <CY>12</CY>
    </Size>
    <AlignRight>true</AlignRight>
  </Label>
  <Label item="Player_FatiguePercLabel">
    <ScreenID>FatiguePercLabel</ScreenID>
    <Font>2</Font>
    <Text>%</Text>
    <TextColor>
      <R>255</R>
      <G>255</G>
      <B>255</B>
    </TextColor>
    <AlignCenter>true</AlignCenter>
    <AutoStretch>False</AutoStretch>
    <TopAnchorOffset>208</TopAnchorOffset>
    <BottomAnchorOffset>218</BottomAnchorOffset>
    <LeftAnchorOffset>178</LeftAnchorOffset>
    <RightAnchorToLeft>false</RightAnchorToLeft>
    <Style_Tooltip>false</Style_Tooltip>
    <RightAnchorOffset>-143</RightAnchorOffset>
    <Location>
      <X>122</X>
      <Y>65</Y>
    </Location>
    <Size>
      <CX>13</CX>
      <CY>13</CY>
    </Size>
  </Label>
  <Button item="PW_VoiceVolume">
    <ScreenID>PW_VoiceVolume</ScreenID>
    <EQType>voicechat/SpeakingIndicator</EQType>
    <RelativePosition>true</RelativePosition>
    <Style_Transparent>false</Style_Transparent>
    <Style_Checkbox>false</Style_Checkbox>
    <ButtonDrawTemplate>
      <Normal>A_Speaker</Normal>
    </ButtonDrawTemplate>
    <AutoStretch>False</AutoStretch>
    <BottomAnchorOffset>45</BottomAnchorOffset>
    <LeftAnchorOffset>56</LeftAnchorOffset>
    <RightAnchorOffset>41</RightAnchorOffset>
    <LeftAnchorToLeft>false</LeftAnchorToLeft>
    <RightAnchorToLeft>false</RightAnchorToLeft>
    <TopAnchorOffset>44</TopAnchorOffset>
    <Size>
      <CX>8</CX>
      <CY>9</CY>
    </Size>
    <Location>
      <X>67</X>
      <Y>12</Y>
    </Location>
    <Font>2</Font>
  </Button>
  <Button item="GW_GroupRoleTank">
    <ScreenID>GroupRoleTank</ScreenID>
    <RelativePosition>true</RelativePosition>
    <Style_Transparent>false</Style_Transparent>
    <Style_Checkbox>false</Style_Checkbox>
    <ButtonDrawTemplate>
      <NormalDecal>A_Tank</NormalDecal>
    </ButtonDrawTemplate>
    <DecalSize>
      <CX>20</CX>
      <CY>19</CY>
    </DecalSize>
    <AutoStretch>False</AutoStretch>
    <BottomAnchorOffset>15</BottomAnchorOffset>
    <LeftAnchorOffset>87</LeftAnchorOffset>
    <RightAnchorOffset>72</RightAnchorOffset>
    <LeftAnchorToLeft>false</LeftAnchorToLeft>
    <RightAnchorToLeft>false</RightAnchorToLeft>
    <Size>
      <CX>15</CX>
      <CY>10</CY>
    </Size>
    <Location>
      <X>34</X>
      <Y>3</Y>
    </Location>
    <TooltipReference>(Main Tank)</TooltipReference>
  </Button>
  <Button item="GW_GroupRoleAssist">
    <ScreenID>GroupRoleAssist</ScreenID>
    <RelativePosition>true</RelativePosition>
    <Style_Transparent>false</Style_Transparent>
    <Style_Checkbox>false</Style_Checkbox>
    <ButtonDrawTemplate>
      <NormalDecal>A_Assist</NormalDecal>
    </ButtonDrawTemplate>
    <DecalSize>
      <CX>20</CX>
      <CY>19</CY>
    </DecalSize>
    <AutoStretch>False</AutoStretch>
    <BottomAnchorOffset>15</BottomAnchorOffset>
    <LeftAnchorOffset>72</LeftAnchorOffset>
    <RightAnchorOffset>57</RightAnchorOffset>
    <LeftAnchorToLeft>false</LeftAnchorToLeft>
    <RightAnchorToLeft>false</RightAnchorToLeft>
    <Size>
      <CX>15</CX>
      <CY>12</CY>
    </Size>
    <Location>
      <X>65</X>
      <Y>1</Y>
    </Location>
    <Font>2</Font>
    <TooltipReference>(Main Assist)</TooltipReference>
  </Button>
  <Button item="GW_GroupRolePuller">
    <ScreenID>GroupRolePuller</ScreenID>
    <RelativePosition>true</RelativePosition>
    <Style_Transparent>false</Style_Transparent>
    <Style_Checkbox>false</Style_Checkbox>
    <ButtonDrawTemplate>
      <NormalDecal>A_Puller</NormalDecal>
    </ButtonDrawTemplate>
    <DecalSize>
      <CX>20</CX>
      <CY>20</CY>
    </DecalSize>
    <AutoStretch>False</AutoStretch>
    <BottomAnchorOffset>15</BottomAnchorOffset>
    <LeftAnchorOffset>57</LeftAnchorOffset>
    <RightAnchorOffset>42</RightAnchorOffset>
    <LeftAnchorToLeft>false</LeftAnchorToLeft>
    <RightAnchorToLeft>false</RightAnchorToLeft>
    <Size>
      <CX>15</CX>
      <CY>12</CY>
    </Size>
    <Location>
      <X>49</X>
      <Y>0</Y>
    </Location>
    <Font>2</Font>
    <TooltipReference>(Puller)</TooltipReference>
  </Button>
  <Screen item="PlayerWindow">
    <RelativePosition>false</RelativePosition>
    <Location>
      <X>200</X>
      <Y>200</Y>
    </Location>
    <Size>
      <CX>361</CX>
      <CY>123</CY>
    </Size>
    <Style_VScroll>false</Style_VScroll>
    <Style_HScroll>false</Style_HScroll>
    <Style_Transparent>true</Style_Transparent>
    <DrawTemplate>WDT_RoundedNoTitle</DrawTemplate>
    <Style_Titlebar>False</Style_Titlebar>
    <Style_Closebox>false</Style_Closebox>
    <Style_Minimizebox>false</Style_Minimizebox>
    <Style_Border>false</Style_Border>
    <Style_Sizable>false</Style_Sizable>
    <Font>2</Font>
    <Pieces>Player_Name</Pieces>
    <!--<Pieces>Pet_HP</Pieces>-->
    <Pieces>Player_Mana</Pieces>
    <Pieces>Player Endurance</Pieces>
    <Pieces>Player_CombatTimer</Pieces>
    <!--<Pieces>Player_HPLabel</Pieces>
    <Pieces>Player_HPPercLabel</Pieces>
    <Pieces>Player_ManaLabel</Pieces>
    <Pieces>Player_ManaPercLabel</Pieces>
    <Pieces>Player_FatigueLabel</Pieces>
    <Pieces>Player_FatiguePercLabel</Pieces>-->
    <Pieces>PW_CombatStateAnim</Pieces>
    <!--<Pieces>PW_VoiceVolume</Pieces>
    <Pieces>GW_GroupRoleTank</Pieces>
    <Pieces>GW_GroupRoleAssist</Pieces>
    <Pieces>GW_GroupRolePuller</Pieces>-->
    <Pieces>A_AttackIndicatorAnimTop</Pieces>
    <Pieces>A_AttackIndicatorAnimBottom</Pieces>
    <Pieces>A_AttackIndicatorAnimLeft</Pieces>
    <Pieces>A_AttackIndicatorAnimRight</Pieces>
    <Pieces>A_AttackIndicatorAnimFill</Pieces>
    <Pieces>Player_CombatTimerLabel</Pieces>
    <Pieces>PW_ParcelsIcon</Pieces>
    <Pieces>PW_NewMailIcon</Pieces>
    <Pieces>PW_ParcelsOverLimitIcon</Pieces>
    <!--<Pieces>PWW_AggroGauge</Pieces>
    <Pieces>PWW_AggroGaugeLabel</Pieces>
    <Pieces>PWW_AggroMostHatedPercLabel</Pieces>
    <Pieces>PWW_AggroMostHatedNameLabel</Pieces>-->
    <!--<Pieces>PW_PlayerPet_HP_Percent</Pieces>
    <Pieces>PW_PlayerPet_HP_Percent_Label</Pieces>
    <Pieces>PW_PlayerPetTarget_HPGauge</Pieces>-->
    <Pieces>PW_CastingSpellName</Pieces>
    <Pieces>PW_CastingSpell_Gauge</Pieces>
    <Pieces>PW_Inv_Seperator1</Pieces>
    <!--<Pieces>PW_Min-Max_HP</Pieces>-->
    <Pieces>Player_HP_Gauge</Pieces>
    <!--<Pieces>PW_Min-Max_Mana</Pieces>
    <Pieces>PW_Min-Max_End</Pieces>-->
    <Pieces>Player_HP_Gauge_Target_Anywhere</Pieces>
	<Pieces>PWE_ExpGauge</Pieces>
	<Pieces>PWE_Level</Pieces>
	<Pieces>PWE_ExpVal</Pieces>
  	<Pieces>PWE_ExpLabel1</Pieces>
	<Pieces>PWE_ExpLabel2</Pieces>
	<Pieces>PWE_AAGauge</Pieces>
	<Pieces>PWE_AAVal</Pieces>
  	<Pieces>PWE_UnspentAA</Pieces>
  	<Pieces>PWE_AALabel1</Pieces>
	<Pieces>PWE_AALabel2</Pieces>
	<Pieces>PWE_ItemVal</Pieces>
	<Pieces>PWE_ItemLabel</Pieces>
  </Screen>
</XML>