<?xml version="1.0" encoding="us-ascii"?>
<XML ID="EQInterfaceDefinitionLanguage">
  <Schema xmlns="EverQuestData" xmlns:dt="EverQuestDataTypes" />
  <Button item="LC_CopyHotButtonCheckBox">
    <ScreenID>LC_CopyHotButtonCheckBox</ScreenID>
    <RelativePosition>true</RelativePosition>
    <Location>
      <X>2</X>
      <Y>213</Y>
    </Location>
    <Size>
      <CX>16</CX>
      <CY>16</CY>
    </Size>
    <Style_Checkbox>true</Style_Checkbox>
    <Template>BDT_Checkbox</Template>
  </Button>
  <Label item="LC_CopyHotButtonLabel">
    <ScreenID>LC_CopyHotButtonLabel</ScreenID>
    <Font>3</Font>
    <Text>Hot Buttons</Text>
    <TextColor>
      <R>255</R>
      <G>255</G>
      <B>255</B>
    </TextColor>
    <Size>
      <CX>69</CX>
      <CY>16</CY>
    </Size>
    <Location>
      <X>21</X>
      <Y>213</Y>
    </Location>
  </Label>
  <Button item="LC_CopyHotButtonLoadoutsCheckBox">
    <ScreenID>LC_CopyHotButtonLoadoutsCheckBox</ScreenID>
    <RelativePosition>true</RelativePosition>
    <Location>
      <X>100</X>
      <Y>213</Y>
    </Location>
    <Size>
      <CX>16</CX>
      <CY>16</CY>
    </Size>
    <Style_Checkbox>true</Style_Checkbox>
    <Template>BDT_Checkbox</Template>
  </Button>
  <Label item="LC_CopyHotButtonLoadoutsLabel">
    <ScreenID>LC_CopyHotButtonLoadoutsLabel</ScreenID>
    <Font>3</Font>
    <Text>Loadouts</Text>
    <TextColor>
      <R>255</R>
      <G>255</G>
      <B>255</B>
    </TextColor>
    <Size>
      <CX>57</CX>
      <CY>16</CY>
    </Size>
    <Location>
      <X>119</X>
      <Y>213</Y>
    </Location>
  </Label>
  <Button item="LC_CopySocialsCheckBox">
    <ScreenID>LC_CopySocialsCheckBox</ScreenID>
    <RelativePosition>true</RelativePosition>
    <Location>
      <X>194</X>
      <Y>213</Y>
    </Location>
    <Size>
      <CX>16</CX>
      <CY>16</CY>
    </Size>
    <Style_Checkbox>true</Style_Checkbox>
    <Template>BDT_Checkbox</Template>
  </Button>
  <Label item="LC_CopySocialsLabel">
    <ScreenID>LC_CopySocialsLabel</ScreenID>
    <Font>3</Font>
    <Text>Socials</Text>
    <TextColor>
      <R>255</R>
      <G>255</G>
      <B>255</B>
    </TextColor>
    <Size>
      <CX>48</CX>
      <CY>15</CY>
    </Size>
    <Location>
      <X>213</X>
      <Y>213</Y>
    </Location>
  </Label>
  <Label item="LC_LayoutsLabel">
    <ScreenID>LC_LayoutsLabel</ScreenID>
    <RelativePosition>true</RelativePosition>
    <Location>
      <X>-108</X>
      <Y>-33</Y>
    </Location>
    <Size>
      <CX>100</CX>
      <CY>14</CY>
    </Size>
    <Text>Source Layouts:</Text>
    <TextColor>
      <R>255</R>
      <G>255</G>
      <B>255</B>
    </TextColor>
    <NoWrap>true</NoWrap>
    <AlignCenter>false</AlignCenter>
    <AlignRight>false</AlignRight>
    <Font>2</Font>
  </Label>
  <Listbox item="LC_LayoutsList">
    <ScreenID>LC_LayoutsList</ScreenID>
    <DrawTemplate>WDT_Inner</DrawTemplate>
    <RelativePosition>true</RelativePosition>
    <Location>
      <X>2</X>
      <Y>1</Y>
    </Location>
    <Size>
      <CX>258</CX>
      <CY>209</CY>
    </Size>
    <TextColor>
      <R>255</R>
      <G>255</G>
      <B>255</B>
    </TextColor>
    <Style_Border>true</Style_Border>
    <Style_VScroll>true</Style_VScroll>
    <Font>2</Font>
  </Listbox>
  <Button item="LC_CopyButton">
    <ScreenID>LC_CopyButton</ScreenID>
    <RelativePosition>true</RelativePosition>
    <Location>
      <X>93</X>
      <Y>233</Y>
    </Location>
    <Size>
      <CX>70</CX>
      <CY>17</CY>
    </Size>
    <Text>Copy</Text>
    <TooltipReference>Copy the source layout over the current layout.</TooltipReference>
    <TextColor>
      <R>255</R>
      <G>255</G>
      <B>0</B>
    </TextColor>
    <Template>BDT_Normal</Template>
  </Button>
  <!-- Video Modes Screen -->
  <Screen item="LayoutCopyWindow">
    <RelativePosition>false</RelativePosition>
    <Location>
      <X>200</X>
      <Y>200</Y>
    </Location>
    <Size>
      <CX>272</CX>
      <CY>275</CY>
    </Size>
    <Text>Sparxx - Copy Layout</Text>
    <DrawTemplate>WDT_Rounded</DrawTemplate>
    <Style_Titlebar>true</Style_Titlebar>
    <Style_Closebox>true</Style_Closebox>
    <Style_Minimizebox>False</Style_Minimizebox>
    <Style_Border>true</Style_Border>
    <Style_Sizable>false</Style_Sizable>
    <Pieces>LC_LayoutsLabel</Pieces>
    <Pieces>LC_LayoutsList</Pieces>
    <Pieces>LC_CopyButton</Pieces>
    <Pieces>LC_CopyHotButtonCheckBox</Pieces>
    <Pieces>LC_CopyHotButtonLabel</Pieces>
    <Pieces>LC_CopyHotButtonLoadoutsCheckBox</Pieces>
    <Pieces>LC_CopyHotButtonLoadoutsLabel</Pieces>
    <Pieces>LC_CopySocialsCheckBox</Pieces>
    <Pieces>LC_CopySocialsLabel</Pieces>
    <Font>2</Font>
  </Screen>
</XML>