<?xml version = "1.0"?>
<XML ID="EQInterfaceDefinitionLanguage">
  <Schema xmlns="EverQuestData" xmlns:dt="EverQuestDataTypes"/>

<TextureInfo item="buffbg.tga">
	<Size>
		<CX>1422</CX>
		<CY>64</CY>
	</Size>
</TextureInfo>

<Ui2DAnimation item="BuffWinBackground">
    <Cycle>true</Cycle>
    <Frames>
      <Texture>buffbg.tga</Texture>
      <Location>
        <!--Variable length: next 5 rows for 25,24,23,22,21 buffs --> 
		<!-- delete the comment bits from relevant line -->
		<!-- and add them to the line being replaced -->
		<X>2</X>
        <!--X>35</X-->
        <!--X>68</X-->
        <!--X>101</X-->
        <!--X>134</X-->
        <Y>11</Y>
      </Location>
      <Size>
      <!--Variable length: next 5 rows for 25,24,23,22,21 buffs -->
	  <!-- delete the comment bits from relevant line -->
	  <!-- and add them to the line being replaced -->
      <CX>1008</CX>
       <!--CX>807</CX-->
       <!--CX>774</CX-->
       <!--CX>741</CX-->
       <!--CX>708</CX-->
        <CY>40</CY>
      </Size>
      <Hotspot>
        <X>0</X>
        <Y>0</Y>
      </Hotspot>
      <Duration>1000</Duration>
    </Frames>
  </Ui2DAnimation>

<StaticAnimation item="Buff_BG">
    <ScreenID>background</ScreenID>
    <RelativePosition>true</RelativePosition>
    <Location>
      <X>0</X>
      <Y>0</Y>
    </Location>
    <Size>
       <!--Variable length: next 5 rows for 25,24,23,22,21 buffs --> 
	   <!-- delete the comment bits from relevant line -->
	   <!-- and add them to the line being replaced -->
       <CX>810</CX>
       <!--CX>807</CX-->
       <!--CX>774</CX-->
       <!--CX>741</CX-->
       <!--CX>708</CX-->
      <CY>40</CY>
    </Size>
    <Animation>BuffWinBackground</Animation>
  </StaticAnimation>

  <Button item="BW_Buff0_Button">
    <ScreenID>Buff0</ScreenID>
    <!--<Font>3</Font>-->
    <RelativePosition>true</RelativePosition>
    <Location>
      <X>1</X>
      <Y>1</Y>
    </Location>
    <Size>
      <CX>32</CX>
      <CY>32</CY>
    </Size>
    <Style_VScroll>false</Style_VScroll>
    <Style_HScroll>false</Style_HScroll>
    <Style_Transparent>false</Style_Transparent>
    <!--<TooltipReference/>   -->
    <Style_Checkbox>false</Style_Checkbox>
    <!--<RadioGroup/>   -->
    <ButtonDrawTemplate>
      <Normal>BlueIconBackground</Normal>
      <NormalDecal>BuffIcons</NormalDecal>
    </ButtonDrawTemplate>
    <!--  
			<SoundPressed/>
			<SoundUp/>
			<SoundFlyby/>
		-->
    <DecalOffset>
      <X>2</X>
      <Y>2</Y>
    </DecalOffset>
    <DecalSize>
      <CX>28</CX>
      <CY>28</CY>
    </DecalSize>
  </Button>
  	<Label item ="BW_BL0">
		<font>3</font>
		<RelativePosition>true</RelativePosition>
    <Location>
      <X>1</X>
      <Y>10</Y>
    </Location>
    <Size>
      <CX>32</CX>
      <CY>12</CY>
    </Size>
		<Text>1</Text>
		<TextColor>
				<R>255</R>
				<G>255</G>
				<B>0</B>
		</TextColor>
		<NoWrap>true</NoWrap>
		<AlignCenter>true</AlignCenter>
	</Label>
  	<Label item ="BW_BL1">
		<font>3</font>
		<RelativePosition>true</RelativePosition>
    <Location>
      <X>33</X>
      <Y>10</Y>
    </Location>
    <Size>
      <CX>32</CX>
      <CY>12</CY>
    </Size>
		<Text>2</Text>
		<TextColor>
				<R>255</R>
				<G>255</G>
				<B>0</B>
		</TextColor>
		<NoWrap>true</NoWrap>
		<AlignCenter>true</AlignCenter>
	</Label>
  	<Label item ="BW_BL2">
		<font>3</font>
		<RelativePosition>true</RelativePosition>
    <Location>
      <X>65</X>
      <Y>10</Y>
    </Location>
    <Size>
      <CX>32</CX>
      <CY>12</CY>
    </Size>
		<Text>3</Text>
		<TextColor>
				<R>255</R>
				<G>255</G>
				<B>0</B>
		</TextColor>
		<NoWrap>true</NoWrap>
		<AlignCenter>true</AlignCenter>
	</Label>
  	<Label item ="BW_BL3">
		<font>3</font>
		<RelativePosition>true</RelativePosition>
    <Location>
      <X>97</X>
      <Y>10</Y>
    </Location>
    <Size>
      <CX>32</CX>
      <CY>12</CY>
    </Size>
		<Text>4</Text>
		<TextColor>
				<R>255</R>
				<G>255</G>
				<B>0</B>
		</TextColor>
		<NoWrap>true</NoWrap>
		<AlignCenter>true</AlignCenter>
	</Label>
  	<Label item ="BW_BL4">
		<font>3</font>
		<RelativePosition>true</RelativePosition>
    <Location>
      <X>129</X>
      <Y>10</Y>
    </Location>
    <Size>
      <CX>32</CX>
      <CY>12</CY>
    </Size>
		<Text>5</Text>
		<TextColor>
				<R>255</R>
				<G>255</G>
				<B>0</B>
		</TextColor>
		<NoWrap>true</NoWrap>
		<AlignCenter>true</AlignCenter>
	</Label>
  	<Label item ="BW_BL5">
		<font>3</font>
		<RelativePosition>true</RelativePosition>
    <Location>
      <X>161</X>
      <Y>10</Y>
    </Location>
    <Size>
      <CX>32</CX>
      <CY>12</CY>
    </Size>
		<Text>6</Text>
		<TextColor>
				<R>255</R>
				<G>255</G>
				<B>0</B>
		</TextColor>
		<NoWrap>true</NoWrap>
		<AlignCenter>true</AlignCenter>
	</Label>
  	<Label item ="BW_BL6">
		<font>3</font>
		<RelativePosition>true</RelativePosition>
    <Location>
      <X>193</X>
      <Y>10</Y>
    </Location>
    <Size>
      <CX>32</CX>
      <CY>12</CY>
    </Size>
		<Text>7</Text>
		<TextColor>
				<R>255</R>
				<G>255</G>
				<B>0</B>
		</TextColor>
		<NoWrap>true</NoWrap>
		<AlignCenter>true</AlignCenter>
	</Label>
  	<Label item ="BW_BL7">
		<font>3</font>
		<RelativePosition>true</RelativePosition>
    <Location>
      <X>225</X>
      <Y>10</Y>
    </Location>
    <Size>
      <CX>32</CX>
      <CY>12</CY>
    </Size>
		<Text>8</Text>
		<TextColor>
				<R>255</R>
				<G>255</G>
				<B>0</B>
		</TextColor>
		<NoWrap>true</NoWrap>
		<AlignCenter>true</AlignCenter>
	</Label>
  	<Label item ="BW_BL8">
		<font>3</font>
		<RelativePosition>true</RelativePosition>
    <Location>
      <X>257</X>
      <Y>10</Y>
    </Location>
    <Size>
      <CX>32</CX>
      <CY>12</CY>
    </Size>
		<Text>9</Text>
		<TextColor>
				<R>255</R>
				<G>255</G>
				<B>0</B>
		</TextColor>
		<NoWrap>true</NoWrap>
		<AlignCenter>true</AlignCenter>
	</Label>
  	<Label item ="BW_BL9">
		<font>3</font>
		<RelativePosition>true</RelativePosition>
    <Location>
      <X>289</X>
      <Y>10</Y>
    </Location>
    <Size>
      <CX>32</CX>
      <CY>12</CY>
    </Size>
		<Text>10</Text>
		<TextColor>
				<R>255</R>
				<G>255</G>
				<B>0</B>
		</TextColor>
		<NoWrap>true</NoWrap>
		<AlignCenter>true</AlignCenter>
	</Label>
  	<Label item ="BW_BL10">
		<font>3</font>
		<RelativePosition>true</RelativePosition>
    <Location>
      <X>321</X>
      <Y>10</Y>
    </Location>
    <Size>
      <CX>32</CX>
      <CY>12</CY>
    </Size>
		<Text>11</Text>
		<TextColor>
				<R>255</R>
				<G>255</G>
				<B>0</B>
		</TextColor>
		<NoWrap>true</NoWrap>
		<AlignCenter>true</AlignCenter>
	</Label>
  	<Label item ="BW_BL11">
		<font>3</font>
		<RelativePosition>true</RelativePosition>
    <Location>
      <X>353</X>
      <Y>10</Y>
    </Location>
    <Size>
      <CX>32</CX>
      <CY>12</CY>
    </Size>
		<Text>12</Text>
		<TextColor>
				<R>255</R>
				<G>255</G>
				<B>0</B>
		</TextColor>
		<NoWrap>true</NoWrap>
		<AlignCenter>true</AlignCenter>
	</Label>
  	<Label item ="BW_BL12">
		<font>3</font>
		<RelativePosition>true</RelativePosition>
    <Location>
      <X>385</X>
      <Y>10</Y>
    </Location>
    <Size>
      <CX>32</CX>
      <CY>12</CY>
    </Size>
		<Text>13</Text>
		<TextColor>
				<R>255</R>
				<G>255</G>
				<B>0</B>
		</TextColor>
		<NoWrap>true</NoWrap>
		<AlignCenter>true</AlignCenter>
	</Label>
  	<Label item ="BW_BL13">
		<font>3</font>
		<RelativePosition>true</RelativePosition>
    <Location>
      <X>417</X>
      <Y>10</Y>
    </Location>
    <Size>
      <CX>32</CX>
      <CY>12</CY>
    </Size>
		<Text>14</Text>
		<TextColor>
				<R>255</R>
				<G>255</G>
				<B>0</B>
		</TextColor>
		<NoWrap>true</NoWrap>
		<AlignCenter>true</AlignCenter>
	</Label>
  	<Label item ="BW_BL14">
		<font>3</font>
		<RelativePosition>true</RelativePosition>
    <Location>
      <X>449</X>
      <Y>10</Y>
    </Location>
    <Size>
      <CX>32</CX>
      <CY>12</CY>
    </Size>
		<Text>15</Text>
		<TextColor>
				<R>255</R>
				<G>255</G>
				<B>0</B>
		</TextColor>
		<NoWrap>true</NoWrap>
		<AlignCenter>true</AlignCenter>
	</Label>
  	<Label item ="BW_BL15">
		<font>3</font>
		<RelativePosition>true</RelativePosition>
    <Location>
      <X>481</X>
      <Y>10</Y>
    </Location>
    <Size>
      <CX>32</CX>
      <CY>12</CY>
    </Size>
		<Text>16</Text>
		<TextColor>
				<R>255</R>
				<G>255</G>
				<B>0</B>
		</TextColor>
		<NoWrap>true</NoWrap>
		<AlignCenter>true</AlignCenter>
	</Label>
  	<Label item ="BW_BL16">
		<font>3</font>
		<RelativePosition>true</RelativePosition>
    <Location>
      <X>513</X>
      <Y>10</Y>
    </Location>
    <Size>
      <CX>32</CX>
      <CY>12</CY>
    </Size>
		<Text>17</Text>
		<TextColor>
				<R>255</R>
				<G>255</G>
				<B>0</B>
		</TextColor>
		<NoWrap>true</NoWrap>
		<AlignCenter>true</AlignCenter>
	</Label>
  	<Label item ="BW_BL17">
		<font>3</font>
		<RelativePosition>true</RelativePosition>
    <Location>
      <X>545</X>
      <Y>10</Y>
    </Location>
    <Size>
      <CX>32</CX>
      <CY>12</CY>
    </Size>
		<Text>18</Text>
		<TextColor>
				<R>255</R>
				<G>255</G>
				<B>0</B>
		</TextColor>
		<NoWrap>true</NoWrap>
		<AlignCenter>true</AlignCenter>
	</Label>
  	<Label item ="BW_BL18">
		<font>3</font>
		<RelativePosition>true</RelativePosition>
    <Location>
      <X>577</X>
      <Y>10</Y>
    </Location>
    <Size>
      <CX>32</CX>
      <CY>12</CY>
    </Size>
		<Text>19</Text>
		<TextColor>
				<R>255</R>
				<G>255</G>
				<B>0</B>
		</TextColor>
		<NoWrap>true</NoWrap>
		<AlignCenter>true</AlignCenter>
	</Label>
  	<Label item ="BW_BL19">
		<font>3</font>
		<RelativePosition>true</RelativePosition>
    <Location>
      <X>609</X>
      <Y>10</Y>
    </Location>
    <Size>
      <CX>32</CX>
      <CY>12</CY>
    </Size>
		<Text>20</Text>
		<TextColor>
				<R>255</R>
				<G>255</G>
				<B>0</B>
		</TextColor>
		<NoWrap>true</NoWrap>
		<AlignCenter>true</AlignCenter>
	</Label>
  	<Label item ="BW_BL20">
		<font>3</font>
		<RelativePosition>true</RelativePosition>
    <Location>
      <X>641</X>
      <Y>10</Y>
    </Location>
    <Size>
      <CX>32</CX>
      <CY>12</CY>
    </Size>
		<Text>21</Text>
		<TextColor>
				<R>255</R>
				<G>255</G>
				<B>0</B>
		</TextColor>
		<NoWrap>true</NoWrap>
		<AlignCenter>true</AlignCenter>
	</Label>
  	<Label item ="BW_BL21">
		<font>3</font>
		<RelativePosition>true</RelativePosition>
    <Location>
      <X>673</X>
      <Y>10</Y>
    </Location>
    <Size>
      <CX>32</CX>
      <CY>12</CY>
    </Size>
		<Text>22</Text>
		<TextColor>
				<R>255</R>
				<G>255</G>
				<B>0</B>
		</TextColor>
		<NoWrap>true</NoWrap>
		<AlignCenter>true</AlignCenter>
	</Label>
  	<Label item ="BW_BL22">
		<font>3</font>
		<RelativePosition>true</RelativePosition>
    <Location>
      <X>705</X>
      <Y>10</Y>
    </Location>
    <Size>
      <CX>32</CX>
      <CY>12</CY>
    </Size>
		<Text>23</Text>
		<TextColor>
				<R>255</R>
				<G>255</G>
				<B>0</B>
		</TextColor>
		<NoWrap>true</NoWrap>
		<AlignCenter>true</AlignCenter>
	</Label>
  	<Label item ="BW_BL23">
		<font>3</font>
		<RelativePosition>true</RelativePosition>
    <Location>
      <X>737</X>
      <Y>10</Y>
    </Location>
    <Size>
      <CX>32</CX>
      <CY>12</CY>
    </Size>
		<Text>24</Text>
		<TextColor>
				<R>255</R>
				<G>255</G>
				<B>0</B>
		</TextColor>
		<NoWrap>true</NoWrap>
		<AlignCenter>true</AlignCenter>
	</Label>
  	<Label item ="BW_BL24">
		<font>3</font>
		<RelativePosition>true</RelativePosition>
    <Location>
      <X>769</X>
      <Y>10</Y>
    </Location>
    <Size>
      <CX>32</CX>
      <CY>12</CY>
    </Size>
		<Text>25</Text>
		<TextColor>
				<R>255</R>
				<G>255</G>
				<B>0</B>
		</TextColor>
		<NoWrap>true</NoWrap>
		<AlignCenter>true</AlignCenter>
	</Label>
  	<Label item ="BW_BL25">
		<font>3</font>
		<RelativePosition>true</RelativePosition>
    <Location>
      <X>801</X>
      <Y>10</Y>
    </Location>
    <Size>
      <CX>32</CX>
      <CY>12</CY>
    </Size>
		<Text>26</Text>
		<TextColor>
				<R>255</R>
				<G>255</G>
				<B>0</B>
		</TextColor>
		<NoWrap>true</NoWrap>
		<AlignCenter>true</AlignCenter>
	</Label>
  	<Label item ="BW_BL26">
		<font>3</font>
		<RelativePosition>true</RelativePosition>
    <Location>
      <X>833</X>
      <Y>10</Y>
    </Location>
    <Size>
      <CX>32</CX>
      <CY>12</CY>
    </Size>
		<Text>27</Text>
		<TextColor>
				<R>255</R>
				<G>255</G>
				<B>0</B>
		</TextColor>
		<NoWrap>true</NoWrap>
		<AlignCenter>true</AlignCenter>
	</Label>
  	<Label item ="BW_BL27">
		<font>3</font>
		<RelativePosition>true</RelativePosition>
    <Location>
      <X>865</X>
      <Y>10</Y>
    </Location>
    <Size>
      <CX>32</CX>
      <CY>12</CY>
    </Size>
		<Text>28</Text>
		<TextColor>
				<R>255</R>
				<G>255</G>
				<B>0</B>
		</TextColor>
		<NoWrap>true</NoWrap>
		<AlignCenter>true</AlignCenter>
	</Label>
  	<Label item ="BW_BL28">
		<font>3</font>
		<RelativePosition>true</RelativePosition>
    <Location>
      <X>897</X>
      <Y>10</Y>
    </Location>
    <Size>
      <CX>32</CX>
      <CY>12</CY>
    </Size>
		<Text>29</Text>
		<TextColor>
				<R>255</R>
				<G>255</G>
				<B>0</B>
		</TextColor>
		<NoWrap>true</NoWrap>
		<AlignCenter>true</AlignCenter>
	</Label>
  	<Label item ="BW_BL29">
		<font>3</font>
		<RelativePosition>true</RelativePosition>
    <Location>
      <X>929</X>
      <Y>10</Y>
    </Location>
    <Size>
      <CX>32</CX>
      <CY>12</CY>
    </Size>
		<Text>30</Text>
		<TextColor>
				<R>255</R>
				<G>255</G>
				<B>0</B>
		</TextColor>
		<NoWrap>true</NoWrap>
		<AlignCenter>true</AlignCenter>
	</Label>
  	<Label item ="BW_BL30">
		<font>3</font>
		<RelativePosition>true</RelativePosition>
    <Location>
      <X>961</X>
      <Y>10</Y>
    </Location>
    <Size>
      <CX>32</CX>
      <CY>12</CY>
    </Size>
		<Text>31</Text>
		<TextColor>
				<R>255</R>
				<G>255</G>
				<B>0</B>
		</TextColor>
		<NoWrap>true</NoWrap>
		<AlignCenter>true</AlignCenter>
	</Label>
<Label item ="BW_BL31">
		<font>3</font>
		<RelativePosition>true</RelativePosition>
    <Location>
      <X>993</X>
      <Y>10</Y>
    </Location>
    <Size>
      <CX>32</CX>
      <CY>12</CY>
    </Size>
		<Text>32</Text>
		<TextColor>
				<R>255</R>
				<G>255</G>
				<B>0</B>
		</TextColor>
		<NoWrap>true</NoWrap>
		<AlignCenter>true</AlignCenter>
	</Label>
<Label item ="BW_BL32">
		<font>3</font>
		<RelativePosition>true</RelativePosition>
    <Location>
      <X>1025</X>
      <Y>10</Y>
    </Location>
    <Size>
      <CX>32</CX>
      <CY>12</CY>
    </Size>
		<Text>33</Text>
		<TextColor>
				<R>255</R>
				<G>255</G>
				<B>0</B>
		</TextColor>
		<NoWrap>true</NoWrap>
		<AlignCenter>true</AlignCenter>
	</Label>
<Label item ="BW_BL33">
		<font>3</font>
		<RelativePosition>true</RelativePosition>
    <Location>
      <X>1057</X>
      <Y>10</Y>
    </Location>
    <Size>
      <CX>32</CX>
      <CY>12</CY>
    </Size>
		<Text>34</Text>
		<TextColor>
				<R>255</R>
				<G>255</G>
				<B>0</B>
		</TextColor>
		<NoWrap>true</NoWrap>
		<AlignCenter>true</AlignCenter>
	</Label>
<Label item ="BW_BL34">
		<font>3</font>
		<RelativePosition>true</RelativePosition>
    <Location>
      <X>1089</X>
      <Y>10</Y>
    </Location>
    <Size>
      <CX>32</CX>
      <CY>12</CY>
    </Size>
		<Text>35</Text>
		<TextColor>
				<R>255</R>
				<G>255</G>
				<B>0</B>
		</TextColor>
		<NoWrap>true</NoWrap>
		<AlignCenter>true</AlignCenter>
	</Label>
<Label item ="BW_BL35">
		<font>3</font>
		<RelativePosition>true</RelativePosition>
    <Location>
      <X>1121</X>
      <Y>10</Y>
    </Location>
    <Size>
      <CX>32</CX>
      <CY>12</CY>
    </Size>
		<Text>36</Text>
		<TextColor>
				<R>255</R>
				<G>255</G>
				<B>0</B>
		</TextColor>
		<NoWrap>true</NoWrap>
		<AlignCenter>true</AlignCenter>
	</Label>
<Label item ="BW_BL36">
		<font>3</font>
		<RelativePosition>true</RelativePosition>
    <Location>
      <X>1153</X>
      <Y>10</Y>
    </Location>
    <Size>
      <CX>32</CX>
      <CY>12</CY>
    </Size>
		<Text>37</Text>
		<TextColor>
				<R>255</R>
				<G>255</G>
				<B>0</B>
		</TextColor>
		<NoWrap>true</NoWrap>
		<AlignCenter>true</AlignCenter>
	</Label>
<Label item ="BW_BL37">
		<font>3</font>
		<RelativePosition>true</RelativePosition>
    <Location>
      <X>1175</X>
      <Y>10</Y>
    </Location>
    <Size>
      <CX>32</CX>
      <CY>12</CY>
    </Size>
		<Text>38</Text>
		<TextColor>
				<R>255</R>
				<G>255</G>
				<B>0</B>
		</TextColor>
		<NoWrap>true</NoWrap>
		<AlignCenter>true</AlignCenter>
	</Label>
<Label item ="BW_BL38">
		<font>3</font>
		<RelativePosition>true</RelativePosition>
    <Location>
      <X>1207</X>
      <Y>10</Y>
    </Location>
    <Size>
      <CX>32</CX>
      <CY>12</CY>
    </Size>
		<Text>39</Text>
		<TextColor>
				<R>255</R>
				<G>255</G>
				<B>0</B>
		</TextColor>
		<NoWrap>true</NoWrap>
		<AlignCenter>true</AlignCenter>
	</Label>
<Label item ="BW_BL39">
		<font>3</font>
		<RelativePosition>true</RelativePosition>
    <Location>
      <X>1239</X>
      <Y>10</Y>
    </Location>
    <Size>
      <CX>32</CX>
      <CY>12</CY>
    </Size>
		<Text>40</Text>
		<TextColor>
				<R>255</R>
				<G>255</G>
				<B>0</B>
		</TextColor>
		<NoWrap>true</NoWrap>
		<AlignCenter>true</AlignCenter>
	</Label>
<Label item ="BW_BL40">
		<font>3</font>
		<RelativePosition>true</RelativePosition>
    <Location>
      <X>1271</X>
      <Y>10</Y>
    </Location>
    <Size>
      <CX>32</CX>
      <CY>12</CY>
    </Size>
		<Text>41</Text>
		<TextColor>
				<R>255</R>
				<G>255</G>
				<B>0</B>
		</TextColor>
		<NoWrap>true</NoWrap>
		<AlignCenter>true</AlignCenter>
	</Label>
<Label item ="BW_BL41">
		<font>3</font>
		<RelativePosition>true</RelativePosition>
    <Location>
      <X>1303</X>
      <Y>10</Y>
    </Location>
    <Size>
      <CX>32</CX>
      <CY>12</CY>
    </Size>
		<Text>42</Text>
		<TextColor>
				<R>255</R>
				<G>255</G>
				<B>0</B>
		</TextColor>
		<NoWrap>true</NoWrap>
		<AlignCenter>true</AlignCenter>
	</Label>
  <Button item="BW_Buff1_Button">
    <ScreenID>Buff1</ScreenID>
    <!--<Font>3</Font>   -->
    <RelativePosition>true</RelativePosition>
    <Location>
      <X>33</X>
      <Y>1</Y>
    </Location>
    <Size>
      <CX>32</CX>
      <CY>32</CY>
    </Size>
    <Style_VScroll>false</Style_VScroll>
    <Style_HScroll>false</Style_HScroll>
    <Style_Transparent>false</Style_Transparent>
    <!--<TooltipReference/>   -->
    <Style_Checkbox>false</Style_Checkbox>
    <RadioGroup/>
    <ButtonDrawTemplate>
      <Normal>RedIconBackground</Normal>
      <NormalDecal>BuffIcons</NormalDecal>
    </ButtonDrawTemplate>
    <!--  		
			<SoundPressed/>
			<SoundUp/>
			<SoundFlyby/>
		-->
    <DecalOffset>
      <X>2</X>
      <Y>2</Y>
    </DecalOffset>
    <DecalSize>
      <CX>28</CX>
      <CY>28</CY>
    </DecalSize>
  </Button>
  <Button item="BW_Buff2_Button">
    <ScreenID>Buff2</ScreenID>
    <!--<Font>3</Font>   -->
    <RelativePosition>true</RelativePosition>
    <Location>
      <X>65</X>
      <Y>1</Y>
    </Location>
    <Size>
      <CX>32</CX>
      <CY>32</CY>
    </Size>
    <Style_VScroll>false</Style_VScroll>
    <Style_HScroll>false</Style_HScroll>
    <Style_Transparent>false</Style_Transparent>
    <!--<TooltipReference/>   -->
    <Style_Checkbox>false</Style_Checkbox>
    <RadioGroup/>
    <ButtonDrawTemplate>
      <Normal>RedIconBackground</Normal>
      <NormalDecal>BuffIcons</NormalDecal>
    </ButtonDrawTemplate>
    <!--  
			<SoundPressed/>
			<SoundUp/>
			<SoundFlyby/>
		-->
    <DecalOffset>
      <X>2</X>
      <Y>2</Y>
    </DecalOffset>
    <DecalSize>
      <CX>28</CX>
      <CY>28</CY>
    </DecalSize>
  </Button>
  <Button item="BW_Buff3_Button">
    <ScreenID>Buff3</ScreenID>
    <!--<Font>3</Font>   -->
    <RelativePosition>true</RelativePosition>
    <Location>
      <X>97</X>
      <Y>1</Y>
    </Location>
    <Size>
      <CX>32</CX>
      <CY>32</CY>
    </Size>
    <Style_VScroll>false</Style_VScroll>
    <Style_HScroll>false</Style_HScroll>
    <Style_Transparent>false</Style_Transparent>
    <!--<TooltipReference/>   -->
    <Style_Checkbox>false</Style_Checkbox>
    <RadioGroup/>
    <ButtonDrawTemplate>
      <Normal>BlueIconBackground</Normal>
      <NormalDecal>BuffIcons</NormalDecal>
    </ButtonDrawTemplate>
    <!-- Default and not used		
			<SoundPressed/>
			<SoundUp/>
			<SoundFlyby/>
		-->
    <DecalOffset>
      <X>2</X>
      <Y>2</Y>
    </DecalOffset>
    <DecalSize>
      <CX>28</CX>
      <CY>28</CY>
    </DecalSize>
  </Button>
  <Button item="BW_Buff4_Button">
    <ScreenID>Buff4</ScreenID>
    <!--<Font>3</Font> Default -->
    <RelativePosition>true</RelativePosition>
    <Location>
      <X>129</X>
      <Y>1</Y>
    </Location>
    <Size>
      <CX>32</CX>
      <CY>32</CY>
    </Size>
    <Style_VScroll>false</Style_VScroll>
    <Style_HScroll>false</Style_HScroll>
    <Style_Transparent>false</Style_Transparent>
    <TooltipReference/>
    <Style_Checkbox>false</Style_Checkbox>
    <!--<RadioGroup/> Default -->
    <ButtonDrawTemplate>
      <Normal>RedIconBackground</Normal>
      <NormalDecal>BuffIcons</NormalDecal>
    </ButtonDrawTemplate>
    <!--Default
			<SoundPressed/>
			<SoundUp/>
			<SoundFlyby/>
		-->
    <DecalOffset>
      <X>2</X>
      <Y>2</Y>
    </DecalOffset>
    <DecalSize>
      <CX>28</CX>
      <CY>28</CY>
    </DecalSize>
  </Button>
  <Button item="BW_Buff5_Button">
    <ScreenID>Buff5</ScreenID>
    <!--<Font>3</Font> Defautl -->
    <RelativePosition>true</RelativePosition>
    <Location>
      <X>161</X>
      <Y>1</Y>
    </Location>
    <Size>
      <CX>32</CX>
      <CY>32</CY>
    </Size>
    <Style_VScroll>false</Style_VScroll>
    <Style_HScroll>false</Style_HScroll>
    <Style_Transparent>false</Style_Transparent>
    <!--<TooltipReference/> Default -->
    <Style_Checkbox>false</Style_Checkbox>
    <!--<RadioGroup/> Default -->
    <ButtonDrawTemplate>
      <Normal>RedIconBackground</Normal>
      <NormalDecal>BuffIcons</NormalDecal>
    </ButtonDrawTemplate>
    <!-- 
			<SoundPressed/>
			<SoundUp/>
			<SoundFlyby/>
		-->
    <DecalOffset>
      <X>2</X>
      <Y>2</Y>
    </DecalOffset>
    <DecalSize>
      <CX>28</CX>
      <CY>28</CY>
    </DecalSize>
  </Button>
  <Button item="BW_Buff6_Button">
    <ScreenID>Buff6</ScreenID>
    <!--<Font>3</Font> Default -->
    <RelativePosition>true</RelativePosition>
    <Location>
      <X>193</X>
      <Y>1</Y>
    </Location>
    <Size>
      <CX>32</CX>
      <CY>32</CY>
    </Size>
    <Style_VScroll>false</Style_VScroll>
    <Style_HScroll>false</Style_HScroll>
    <Style_Transparent>false</Style_Transparent>
    <TooltipReference/>
    <Style_Checkbox>false</Style_Checkbox>
    <!--<RadioGroup/> Default -->
    <ButtonDrawTemplate>
      <Normal>BlueIconBackground</Normal>
      <NormalDecal>BuffIcons</NormalDecal>
    </ButtonDrawTemplate>
    <!-- 
			<SoundPressed/>
			<SoundUp/>
			<SoundFlyby/>
		-->
    <DecalOffset>
      <X>2</X>
      <Y>2</Y>
    </DecalOffset>
    <DecalSize>
      <CX>28</CX>
      <CY>28</CY>
    </DecalSize>
  </Button>
  <Button item="BW_Buff7_Button">
    <ScreenID>Buff7</ScreenID>
    <!--<Font>3</Font> Use defaults -->
    <RelativePosition>true</RelativePosition>
    <Location>
      <X>225</X>
      <Y>1</Y>
    </Location>
    <Size>
      <CX>32</CX>
      <CY>32</CY>
    </Size>
    <Style_VScroll>false</Style_VScroll>
    <Style_HScroll>false</Style_HScroll>
    <Style_Transparent>false</Style_Transparent>
    <!--<TooltipReference/> Use defaults -->
    <Style_Checkbox>false</Style_Checkbox>
    <!--<RadioGroup/> Use Defaults -->
    <ButtonDrawTemplate>
      <Normal>RedIconBackground</Normal>
      <NormalDecal>BuffIcons</NormalDecal>
    </ButtonDrawTemplate>
    <!-- Use defaults
			<SoundPressed/>
			<SoundUp/>
			<SoundFlyby/>
		-->
    <DecalOffset>
      <X>2</X>
      <Y>2</Y>
    </DecalOffset>
    <DecalSize>
      <CX>28</CX>
      <CY>28</CY>
    </DecalSize>
  </Button>
  <Button item="BW_Buff8_Button">
    <ScreenID>Buff8</ScreenID>
    <!--<Font>3</Font>Defaults-->
    <RelativePosition>true</RelativePosition>
    <Location>
      <X>257</X>
      <Y>1</Y>
    </Location>
    <Size>
      <CX>32</CX>
      <CY>32</CY>
    </Size>
    <Style_VScroll>false</Style_VScroll>
    <Style_HScroll>false</Style_HScroll>
    <Style_Transparent>false</Style_Transparent>
    <!--<TooltipReference/> Use default -->
    <Style_Checkbox>false</Style_Checkbox>
    <!--<RadioGroup/>Use default-->
    <ButtonDrawTemplate>
      <Normal>RedIconBackground</Normal>
      <NormalDecal>BuffIcons</NormalDecal>
    </ButtonDrawTemplate>
    <!-- 
			<SoundPressed/>
			<SoundUp/>
			<SoundFlyby/>
		-->
    <DecalOffset>
      <X>2</X>
      <Y>2</Y>
    </DecalOffset>
    <DecalSize>
      <CX>28</CX>
      <CY>28</CY>
    </DecalSize>
  </Button>
  <Button item="BW_Buff9_Button">
    <ScreenID>Buff9</ScreenID>
    <!--<Font>3</Font>Use Defaults -->
    <RelativePosition>true</RelativePosition>
    <Location>
      <X>289</X>
      <Y>1</Y>
    </Location>
    <Size>
      <CX>32</CX>
      <CY>32</CY>
    </Size>
    <Style_VScroll>false</Style_VScroll>
    <Style_HScroll>false</Style_HScroll>
    <Style_Transparent>false</Style_Transparent>
    <!--<TooltipReference/> Use Defaults -->
    <Style_Checkbox>false</Style_Checkbox>
    <!--<RadioGroup/>  -->
    <ButtonDrawTemplate>
      <Normal>BlueIconBackground</Normal>
      <NormalDecal>BuffIcons</NormalDecal>
    </ButtonDrawTemplate>
    <DecalOffset>
      <X>2</X>
      <Y>2</Y>
    </DecalOffset>
    <DecalSize>
      <CX>28</CX>
      <CY>28</CY>
    </DecalSize>
  </Button>
  <Button item="BW_Buff10_Button">
    <ScreenID>Buff10</ScreenID>
    <!--<Font>3</Font> -->
    <RelativePosition>true</RelativePosition>
    <Location>
      <X>321</X>
      <Y>1</Y>
    </Location>
    <Size>
      <CX>32</CX>
      <CY>32</CY>
    </Size>
    <Style_VScroll>false</Style_VScroll>
    <Style_HScroll>false</Style_HScroll>
    <Style_Transparent>false</Style_Transparent>
    <!--<TooltipReference/>-->
    <Style_Checkbox>false</Style_Checkbox>
    <!--<RadioGroup/>-->
    <ButtonDrawTemplate>
      <Normal>RedIconBackground</Normal>
      <NormalDecal>BuffIcons</NormalDecal>
    </ButtonDrawTemplate>
    <DecalOffset>
      <X>2</X>
      <Y>2</Y>
    </DecalOffset>
    <DecalSize>
      <CX>28</CX>
      <CY>28</CY>
    </DecalSize>
  </Button>
  <Button item="BW_Buff11_Button">
    <ScreenID>Buff11</ScreenID>
    <!--<Font>3</Font>-->
    <RelativePosition>true</RelativePosition>
    <Location>
      <X>353</X>
      <Y>1</Y>
    </Location>
    <Size>
      <CX>32</CX>
      <CY>32</CY>
    </Size>
    <Style_VScroll>false</Style_VScroll>
    <Style_HScroll>false</Style_HScroll>
    <Style_Transparent>false</Style_Transparent>
    <!--<TooltipReference/>-->
    <Style_Checkbox>false</Style_Checkbox>
    <!--<RadioGroup/>-->
    <ButtonDrawTemplate>
      <Normal>RedIconBackground</Normal>
      <NormalDecal>BuffIcons</NormalDecal>
    </ButtonDrawTemplate>
    <DecalOffset>
      <X>2</X>
      <Y>2</Y>
    </DecalOffset>
    <DecalSize>
      <CX>28</CX>
      <CY>28</CY>
    </DecalSize>
  </Button>
  <Button item="BW_Buff12_Button">
    <ScreenID>Buff12</ScreenID>
    <!--<Font>3</Font>-->
    <RelativePosition>true</RelativePosition>
    <Location>
      <X>385</X>
      <Y>1</Y>
    </Location>
    <Size>
      <CX>32</CX>
      <CY>32</CY>
    </Size>
    <Style_VScroll>false</Style_VScroll>
    <Style_HScroll>false</Style_HScroll>
    <Style_Transparent>false</Style_Transparent>
    <!--<TooltipReference/>-->
    <Style_Checkbox>false</Style_Checkbox>
    <!--<RadioGroup/>-->
    <ButtonDrawTemplate>
      <Normal>BlueIconBackground</Normal>
      <NormalDecal>BuffIcons</NormalDecal>
    </ButtonDrawTemplate>
    <DecalOffset>
      <X>2</X>
      <Y>2</Y>
    </DecalOffset>
    <DecalSize>
      <CX>28</CX>
      <CY>28</CY>
    </DecalSize>
  </Button>
  <Button item="BW_Buff13_Button">
    <ScreenID>Buff13</ScreenID>
    <!--<Font>3</Font>-->
    <RelativePosition>true</RelativePosition>
    <Location>
      <X>417</X>
      <Y>1</Y>
    </Location>
    <Size>
      <CX>32</CX>
      <CY>32</CY>
    </Size>
    <Style_VScroll>false</Style_VScroll>
    <Style_HScroll>false</Style_HScroll>
    <Style_Transparent>false</Style_Transparent>
    <!--<TooltipReference/>-->
    <Style_Checkbox>false</Style_Checkbox>
    <!--<RadioGroup/>-->
    <ButtonDrawTemplate>
      <Normal>RedIconBackground</Normal>
      <NormalDecal>BuffIcons</NormalDecal>
    </ButtonDrawTemplate>
    <DecalOffset>
      <X>2</X>
      <Y>2</Y>
    </DecalOffset>
    <DecalSize>
      <CX>28</CX>
      <CY>28</CY>
    </DecalSize>
  </Button>
  <Button item="BW_Buff14_Button">
    <ScreenID>Buff14</ScreenID>
    <!--<Font>3</Font>-->
    <RelativePosition>true</RelativePosition>
    <Location>
      <X>449</X>
      <Y>1</Y>
    </Location>
    <Size>
      <CX>32</CX>
      <CY>32</CY>
    </Size>
    <Style_VScroll>false</Style_VScroll>
    <Style_HScroll>false</Style_HScroll>
    <Style_Transparent>false</Style_Transparent>
    <!--<TooltipReference/>-->
    <Style_Checkbox>false</Style_Checkbox>
    <!--<RadioGroup/>-->
    <ButtonDrawTemplate>
      <Normal>RedIconBackground</Normal>
      <NormalDecal>BuffIcons</NormalDecal>
    </ButtonDrawTemplate>
    <DecalOffset>
      <X>2</X>
      <Y>2</Y>
    </DecalOffset>
    <DecalSize>
      <CX>28</CX>
      <CY>28</CY>
    </DecalSize>
  </Button>
   <Button item="BW_Buff15_Button">
    <ScreenID>Buff15</ScreenID>
    <!--<Font>3</Font> -->
    <RelativePosition>true</RelativePosition>
    <Location>
      <X>481</X>
      <Y>1</Y>
    </Location>
    <Size>
      <CX>32</CX>
      <CY>32</CY>
    </Size>
    <Style_VScroll>false</Style_VScroll>
    <Style_HScroll>false</Style_HScroll>
    <Style_Transparent>false</Style_Transparent>
    <!--<TooltipReference/>-->
    <Style_Checkbox>false</Style_Checkbox>
    <!--<RadioGroup/>-->
    <ButtonDrawTemplate>
      <Normal>RedIconBackground</Normal>
      <NormalDecal>BuffIcons</NormalDecal>
    </ButtonDrawTemplate>
    <DecalOffset>
      <X>2</X>
      <Y>2</Y>
    </DecalOffset>
    <DecalSize>
      <CX>28</CX>
      <CY>28</CY>
    </DecalSize>
  </Button>
  <Button item="BW_Buff16_Button">
    <ScreenID>Buff16</ScreenID>
    <!--<Font>3</Font>-->
    <RelativePosition>true</RelativePosition>
    <Location>
      <X>513</X>
      <Y>1</Y>
    </Location>
    <Size>
      <CX>32</CX>
      <CY>32</CY>
    </Size>
    <Style_VScroll>false</Style_VScroll>
    <Style_HScroll>false</Style_HScroll>
    <Style_Transparent>false</Style_Transparent>
    <!--<TooltipReference/>-->
    <Style_Checkbox>false</Style_Checkbox>
    <!--<RadioGroup/>-->
    <ButtonDrawTemplate>
      <Normal>RedIconBackground</Normal>
      <NormalDecal>BuffIcons</NormalDecal>
    </ButtonDrawTemplate>
    <DecalOffset>
      <X>2</X>
      <Y>2</Y>
    </DecalOffset>
    <DecalSize>
      <CX>28</CX>
      <CY>28</CY>
    </DecalSize>
  </Button>
  <Button item="BW_Buff17_Button">
    <ScreenID>Buff17</ScreenID>
    <!--<Font>3</Font>-->
    <RelativePosition>true</RelativePosition>
    <Location>
      <X>545</X>
      <Y>1</Y>
    </Location>
    <Size>
      <CX>32</CX>
      <CY>32</CY>
    </Size>
    <Style_VScroll>false</Style_VScroll>
    <Style_HScroll>false</Style_HScroll>
    <Style_Transparent>false</Style_Transparent>
    <!--<TooltipReference/>-->
    <Style_Checkbox>false</Style_Checkbox>
    <!--<RadioGroup/>-->
    <ButtonDrawTemplate>
      <Normal>BlueIconBackground</Normal>
      <NormalDecal>BuffIcons</NormalDecal>
    </ButtonDrawTemplate>
    <DecalOffset>
      <X>2</X>
      <Y>2</Y>
    </DecalOffset>
    <DecalSize>
      <CX>28</CX>
      <CY>28</CY>
    </DecalSize>
  </Button>
  <Button item="BW_Buff18_Button">
    <ScreenID>Buff18</ScreenID>
    <!--<Font>3</Font>-->
    <RelativePosition>true</RelativePosition>
    <Location>
      <X>577</X>
      <Y>1</Y>
    </Location>
    <Size>
      <CX>32</CX>
      <CY>32</CY>
    </Size>
    <Style_VScroll>false</Style_VScroll>
    <Style_HScroll>false</Style_HScroll>
    <Style_Transparent>false</Style_Transparent>
    <!--<TooltipReference/>-->
    <Style_Checkbox>false</Style_Checkbox>
    <!--<RadioGroup/>-->
    <ButtonDrawTemplate>
      <Normal>RedIconBackground</Normal>
      <NormalDecal>BuffIcons</NormalDecal>
    </ButtonDrawTemplate>
    <DecalOffset>
      <X>2</X>
      <Y>2</Y>
    </DecalOffset>
    <DecalSize>
      <CX>28</CX>
      <CY>28</CY>
    </DecalSize>
  </Button>
  <Button item="BW_Buff19_Button">
    <ScreenID>Buff19</ScreenID>
    <!--<Font>3</Font>-->
    <RelativePosition>true</RelativePosition>
    <Location>
      <X>609</X>
      <Y>1</Y>
    </Location>
    <Size>
      <CX>32</CX>
      <CY>32</CY>
    </Size>
    <Style_VScroll>false</Style_VScroll>
    <Style_HScroll>false</Style_HScroll>
    <Style_Transparent>false</Style_Transparent>
    <!--<TooltipReference/>-->
    <Style_Checkbox>false</Style_Checkbox>
    <!--<RadioGroup/>-->
    <ButtonDrawTemplate>
      <Normal>RedIconBackground</Normal>
      <NormalDecal>BuffIcons</NormalDecal>
    </ButtonDrawTemplate>
    <DecalOffset>
      <X>2</X>
      <Y>2</Y>
    </DecalOffset>
    <DecalSize>
      <CX>28</CX>
      <CY>28</CY>
    </DecalSize>
  </Button>
   <Button item="BW_Buff20_Button">
    <ScreenID>Buff20</ScreenID>
    <!--<Font>3</Font> -->
    <RelativePosition>true</RelativePosition>
    <Location>
      <X>641</X>
      <Y>1</Y>
    </Location>
    <Size>
      <CX>32</CX>
      <CY>32</CY>
    </Size>
    <Style_VScroll>false</Style_VScroll>
    <Style_HScroll>false</Style_HScroll>
    <Style_Transparent>false</Style_Transparent>
    <!--<TooltipReference/>-->
    <Style_Checkbox>false</Style_Checkbox>
    <!--<RadioGroup/>-->
    <ButtonDrawTemplate>
      <Normal>RedIconBackground</Normal>
      <NormalDecal>BuffIcons</NormalDecal>
    </ButtonDrawTemplate>
    <DecalOffset>
      <X>2</X>
      <Y>2</Y>
    </DecalOffset>
    <DecalSize>
      <CX>28</CX>
      <CY>28</CY>
    </DecalSize>
  </Button>
  <Button item="BW_Buff21_Button">
    <ScreenID>Buff21</ScreenID>
    <!--<Font>3</Font>-->
    <RelativePosition>true</RelativePosition>
    <Location>
      <X>673</X>
      <Y>1</Y>
    </Location>
    <Size>
      <CX>32</CX>
      <CY>32</CY>
    </Size>
    <Style_VScroll>false</Style_VScroll>
    <Style_HScroll>false</Style_HScroll>
    <Style_Transparent>false</Style_Transparent>
    <!--<TooltipReference/>-->
    <Style_Checkbox>false</Style_Checkbox>
    <!--<RadioGroup/>-->
    <ButtonDrawTemplate>
      <Normal>RedIconBackground</Normal>
      <NormalDecal>BuffIcons</NormalDecal>
    </ButtonDrawTemplate>
    <DecalOffset>
      <X>2</X>
      <Y>2</Y>
    </DecalOffset>
    <DecalSize>
      <CX>28</CX>
      <CY>28</CY>
    </DecalSize>
  </Button>
  <Button item="BW_Buff22_Button">
    <ScreenID>Buff22</ScreenID>
    <!--<Font>3</Font>-->
    <RelativePosition>true</RelativePosition>
    <Location>
      <X>705</X>
      <Y>1</Y>
    </Location>
    <Size>
      <CX>32</CX>
      <CY>32</CY>
    </Size>
    <Style_VScroll>false</Style_VScroll>
    <Style_HScroll>false</Style_HScroll>
    <Style_Transparent>false</Style_Transparent>
    <!--<TooltipReference/>-->
    <Style_Checkbox>false</Style_Checkbox>
    <!--<RadioGroup/>-->
    <ButtonDrawTemplate>
      <Normal>BlueIconBackground</Normal>
      <NormalDecal>BuffIcons</NormalDecal>
    </ButtonDrawTemplate>
    <DecalOffset>
      <X>2</X>
      <Y>2</Y>
    </DecalOffset>
    <DecalSize>
      <CX>28</CX>
      <CY>28</CY>
    </DecalSize>
  </Button>
  <Button item="BW_Buff23_Button">
    <ScreenID>Buff23</ScreenID>
    <!--<Font>3</Font>-->
    <RelativePosition>true</RelativePosition>
    <Location>
      <X>737</X>
      <Y>1</Y>
    </Location>
    <Size>
      <CX>32</CX>
      <CY>32</CY>
    </Size>
    <Style_VScroll>false</Style_VScroll>
    <Style_HScroll>false</Style_HScroll>
    <Style_Transparent>false</Style_Transparent>
    <!--<TooltipReference/>-->
    <Style_Checkbox>false</Style_Checkbox>
    <!--<RadioGroup/>-->
    <ButtonDrawTemplate>
      <Normal>RedIconBackground</Normal>
      <NormalDecal>BuffIcons</NormalDecal>
    </ButtonDrawTemplate>
    <DecalOffset>
      <X>2</X>
      <Y>2</Y>
    </DecalOffset>
    <DecalSize>
      <CX>28</CX>
      <CY>28</CY>
    </DecalSize>
  </Button>
  <Button item="BW_Buff24_Button">
    <ScreenID>Buff24</ScreenID>
    <!--<Font>3</Font>-->
    <RelativePosition>true</RelativePosition>
    <Location>
      <X>769</X>
      <Y>1</Y>
    </Location>
    <Size>
      <CX>32</CX>
      <CY>32</CY>
    </Size>
    <Style_VScroll>false</Style_VScroll>
    <Style_HScroll>false</Style_HScroll>
    <Style_Transparent>false</Style_Transparent>
    <!--<TooltipReference/>-->
    <Style_Checkbox>false</Style_Checkbox>
    <!--<RadioGroup/>-->
    <ButtonDrawTemplate>
      <Normal>RedIconBackground</Normal>
      <NormalDecal>BuffIcons</NormalDecal>
    </ButtonDrawTemplate>
    <DecalOffset>
      <X>2</X>
      <Y>2</Y>
    </DecalOffset>
    <DecalSize>
      <CX>28</CX>
      <CY>28</CY>
    </DecalSize>
  </Button>
<Button item="BW_Buff25_Button">
    <ScreenID>Buff25</ScreenID>
    <!--<Font>3</Font>-->
    <RelativePosition>true</RelativePosition>
    <Location>
      <X>801</X>
      <Y>1</Y>
    </Location>
    <Size>
      <CX>32</CX>
      <CY>32</CY>
    </Size>
    <Style_VScroll>false</Style_VScroll>
    <Style_HScroll>false</Style_HScroll>
    <Style_Transparent>false</Style_Transparent>
    <!--<TooltipReference/>-->
    <Style_Checkbox>false</Style_Checkbox>
    <!--<RadioGroup/>-->
    <ButtonDrawTemplate>
      <Normal>RedIconBackground</Normal>
      <NormalDecal>BuffIcons</NormalDecal>
    </ButtonDrawTemplate>
    <DecalOffset>
      <X>2</X>
      <Y>2</Y>
    </DecalOffset>
    <DecalSize>
      <CX>28</CX>
      <CY>28</CY>
    </DecalSize>
  </Button>
<Button item="BW_Buff26_Button">
    <ScreenID>Buff26</ScreenID>
    <!--<Font>3</Font>-->
    <RelativePosition>true</RelativePosition>
    <Location>
      <X>833</X>
      <Y>1</Y>
    </Location>
    <Size>
      <CX>32</CX>
      <CY>32</CY>
    </Size>
    <Style_VScroll>false</Style_VScroll>
    <Style_HScroll>false</Style_HScroll>
    <Style_Transparent>false</Style_Transparent>
    <!--<TooltipReference/>-->
    <Style_Checkbox>false</Style_Checkbox>
    <!--<RadioGroup/>-->
    <ButtonDrawTemplate>
      <Normal>RedIconBackground</Normal>
      <NormalDecal>BuffIcons</NormalDecal>
    </ButtonDrawTemplate>
    <DecalOffset>
      <X>2</X>
      <Y>2</Y>
    </DecalOffset>
    <DecalSize>
      <CX>28</CX>
      <CY>28</CY>
    </DecalSize>
  </Button>
<Button item="BW_Buff27_Button">
    <ScreenID>Buff27</ScreenID>
    <!--<Font>3</Font>-->
    <RelativePosition>true</RelativePosition>
    <Location>
      <X>865</X>
      <Y>1</Y>
    </Location>
    <Size>
      <CX>32</CX>
      <CY>32</CY>
    </Size>
    <Style_VScroll>false</Style_VScroll>
    <Style_HScroll>false</Style_HScroll>
    <Style_Transparent>false</Style_Transparent>
    <!--<TooltipReference/>-->
    <Style_Checkbox>false</Style_Checkbox>
    <!--<RadioGroup/>-->
    <ButtonDrawTemplate>
      <Normal>RedIconBackground</Normal>
      <NormalDecal>BuffIcons</NormalDecal>
    </ButtonDrawTemplate>
    <DecalOffset>
      <X>2</X>
      <Y>2</Y>
    </DecalOffset>
    <DecalSize>
      <CX>28</CX>
      <CY>28</CY>
    </DecalSize>
  </Button>
<Button item="BW_Buff28_Button">
    <ScreenID>Buff28</ScreenID>
    <!--<Font>3</Font>-->
    <RelativePosition>true</RelativePosition>
    <Location>
      <X>897</X>
      <Y>1</Y>
    </Location>
    <Size>
      <CX>32</CX>
      <CY>32</CY>
    </Size>
    <Style_VScroll>false</Style_VScroll>
    <Style_HScroll>false</Style_HScroll>
    <Style_Transparent>false</Style_Transparent>
    <!--<TooltipReference/>-->
    <Style_Checkbox>false</Style_Checkbox>
    <!--<RadioGroup/>-->
    <ButtonDrawTemplate>
      <Normal>RedIconBackground</Normal>
      <NormalDecal>BuffIcons</NormalDecal>
    </ButtonDrawTemplate>
    <DecalOffset>
      <X>2</X>
      <Y>2</Y>
    </DecalOffset>
    <DecalSize>
      <CX>28</CX>
      <CY>28</CY>
    </DecalSize>
  </Button>
<Button item="BW_Buff29_Button">
    <ScreenID>Buff29</ScreenID>
    <!--<Font>3</Font>-->
    <RelativePosition>true</RelativePosition>
    <Location>
      <X>929</X>
      <Y>1</Y>
    </Location>
    <Size>
      <CX>32</CX>
      <CY>32</CY>
    </Size>
    <Style_VScroll>false</Style_VScroll>
    <Style_HScroll>false</Style_HScroll>
    <Style_Transparent>false</Style_Transparent>
    <!--<TooltipReference/>-->
    <Style_Checkbox>false</Style_Checkbox>
    <!--<RadioGroup/>-->
    <ButtonDrawTemplate>
      <Normal>RedIconBackground</Normal>
      <NormalDecal>BuffIcons</NormalDecal>
    </ButtonDrawTemplate>
    <DecalOffset>
      <X>2</X>
      <Y>2</Y>
    </DecalOffset>
    <DecalSize>
      <CX>28</CX>
      <CY>28</CY>
    </DecalSize>
  </Button>
<Button item="BW_Buff30_Button">
    <ScreenID>Buff30</ScreenID>
    <!--<Font>3</Font>-->
    <RelativePosition>true</RelativePosition>
    <Location>
      <X>961</X>
      <Y>1</Y>
    </Location>
    <Size>
      <CX>32</CX>
      <CY>32</CY>
    </Size>
    <Style_VScroll>false</Style_VScroll>
    <Style_HScroll>false</Style_HScroll>
    <Style_Transparent>false</Style_Transparent>
    <!--<TooltipReference/>-->
    <Style_Checkbox>false</Style_Checkbox>
    <!--<RadioGroup/>-->
    <ButtonDrawTemplate>
      <Normal>RedIconBackground</Normal>
      <NormalDecal>BuffIcons</NormalDecal>
    </ButtonDrawTemplate>
    <DecalOffset>
      <X>2</X>
      <Y>2</Y>
    </DecalOffset>
    <DecalSize>
      <CX>28</CX>
      <CY>28</CY>
    </DecalSize>
  </Button>
<Button item="BW_Buff31_Button">
    <ScreenID>Buff31</ScreenID>
    <!--<Font>3</Font>-->
    <RelativePosition>true</RelativePosition>
    <Location>
      <X>993</X>
      <Y>1</Y>
    </Location>
    <Size>
      <CX>32</CX>
      <CY>32</CY>
    </Size>
    <Style_VScroll>false</Style_VScroll>
    <Style_HScroll>false</Style_HScroll>
    <Style_Transparent>false</Style_Transparent>
    <!--<TooltipReference/>-->
    <Style_Checkbox>false</Style_Checkbox>
    <!--<RadioGroup/>-->
    <ButtonDrawTemplate>
      <Normal>RedIconBackground</Normal>
      <NormalDecal>BuffIcons</NormalDecal>
    </ButtonDrawTemplate>
    <DecalOffset>
      <X>2</X>
      <Y>2</Y>
    </DecalOffset>
    <DecalSize>
      <CX>28</CX>
      <CY>28</CY>
    </DecalSize>
  </Button>
<Button item="BW_Buff32_Button">
    <ScreenID>Buff32</ScreenID>
    <!--<Font>3</Font>-->
    <RelativePosition>true</RelativePosition>
    <Location>
      <X>1025</X>
      <Y>1</Y>
    </Location>
    <Size>
      <CX>32</CX>
      <CY>32</CY>
    </Size>
    <Style_VScroll>false</Style_VScroll>
    <Style_HScroll>false</Style_HScroll>
    <Style_Transparent>false</Style_Transparent>
    <!--<TooltipReference/>-->
    <Style_Checkbox>false</Style_Checkbox>
    <!--<RadioGroup/>-->
    <ButtonDrawTemplate>
      <Normal>RedIconBackground</Normal>
      <NormalDecal>BuffIcons</NormalDecal>
    </ButtonDrawTemplate>
    <DecalOffset>
      <X>2</X>
      <Y>2</Y>
    </DecalOffset>
    <DecalSize>
      <CX>28</CX>
      <CY>28</CY>
    </DecalSize>
  </Button>
<Button item="BW_Buff33_Button">
    <ScreenID>Buff33</ScreenID>
    <!--<Font>3</Font>-->
    <RelativePosition>true</RelativePosition>
    <Location>
      <X>1057</X>
      <Y>1</Y>
    </Location>
    <Size>
      <CX>32</CX>
      <CY>32</CY>
    </Size>
    <Style_VScroll>false</Style_VScroll>
    <Style_HScroll>false</Style_HScroll>
    <Style_Transparent>false</Style_Transparent>
    <!--<TooltipReference/>-->
    <Style_Checkbox>false</Style_Checkbox>
    <!--<RadioGroup/>-->
    <ButtonDrawTemplate>
      <Normal>RedIconBackground</Normal>
      <NormalDecal>BuffIcons</NormalDecal>
    </ButtonDrawTemplate>
    <DecalOffset>
      <X>2</X>
      <Y>2</Y>
    </DecalOffset>
    <DecalSize>
      <CX>28</CX>
      <CY>28</CY>
    </DecalSize>
  </Button>
<Button item="BW_Buff34_Button">
    <ScreenID>Buff34</ScreenID>
    <!--<Font>3</Font>-->
    <RelativePosition>true</RelativePosition>
    <Location>
      <X>1089</X>
      <Y>1</Y>
    </Location>
    <Size>
      <CX>32</CX>
      <CY>32</CY>
    </Size>
    <Style_VScroll>false</Style_VScroll>
    <Style_HScroll>false</Style_HScroll>
    <Style_Transparent>false</Style_Transparent>
    <!--<TooltipReference/>-->
    <Style_Checkbox>false</Style_Checkbox>
    <!--<RadioGroup/>-->
    <ButtonDrawTemplate>
      <Normal>RedIconBackground</Normal>
      <NormalDecal>BuffIcons</NormalDecal>
    </ButtonDrawTemplate>
    <DecalOffset>
      <X>2</X>
      <Y>2</Y>
    </DecalOffset>
    <DecalSize>
      <CX>28</CX>
      <CY>28</CY>
    </DecalSize>
  </Button>
<Button item="BW_Buff35_Button">
    <ScreenID>Buff35</ScreenID>
    <!--<Font>3</Font>-->
    <RelativePosition>true</RelativePosition>
    <Location>
      <X>1121</X>
      <Y>1</Y>
    </Location>
    <Size>
      <CX>32</CX>
      <CY>32</CY>
    </Size>
    <Style_VScroll>false</Style_VScroll>
    <Style_HScroll>false</Style_HScroll>
    <Style_Transparent>false</Style_Transparent>
    <!--<TooltipReference/>-->
    <Style_Checkbox>false</Style_Checkbox>
    <!--<RadioGroup/>-->
    <ButtonDrawTemplate>
      <Normal>RedIconBackground</Normal>
      <NormalDecal>BuffIcons</NormalDecal>
    </ButtonDrawTemplate>
    <DecalOffset>
      <X>2</X>
      <Y>2</Y>
    </DecalOffset>
    <DecalSize>
      <CX>28</CX>
      <CY>28</CY>
    </DecalSize>
  </Button>
<Button item="BW_Buff36_Button">
    <ScreenID>Buff36</ScreenID>
    <!--<Font>3</Font>-->
    <RelativePosition>true</RelativePosition>
    <Location>
      <X>1153</X>
      <Y>1</Y>
    </Location>
    <Size>
      <CX>32</CX>
      <CY>32</CY>
    </Size>
    <Style_VScroll>false</Style_VScroll>
    <Style_HScroll>false</Style_HScroll>
    <Style_Transparent>false</Style_Transparent>
    <!--<TooltipReference/>-->
    <Style_Checkbox>false</Style_Checkbox>
    <!--<RadioGroup/>-->
    <ButtonDrawTemplate>
      <Normal>RedIconBackground</Normal>
      <NormalDecal>BuffIcons</NormalDecal>
    </ButtonDrawTemplate>
    <DecalOffset>
      <X>2</X>
      <Y>2</Y>
    </DecalOffset>
    <DecalSize>
      <CX>28</CX>
      <CY>28</CY>
    </DecalSize>
  </Button>
<Button item="BW_Buff37_Button">
    <ScreenID>Buff37</ScreenID>
    <!--<Font>3</Font>-->
    <RelativePosition>true</RelativePosition>
    <Location>
      <X>1175</X>
      <Y>1</Y>
    </Location>
    <Size>
      <CX>32</CX>
      <CY>32</CY>
    </Size>
    <Style_VScroll>false</Style_VScroll>
    <Style_HScroll>false</Style_HScroll>
    <Style_Transparent>false</Style_Transparent>
    <!--<TooltipReference/>-->
    <Style_Checkbox>false</Style_Checkbox>
    <!--<RadioGroup/>-->
    <ButtonDrawTemplate>
      <Normal>RedIconBackground</Normal>
      <NormalDecal>BuffIcons</NormalDecal>
    </ButtonDrawTemplate>
    <DecalOffset>
      <X>2</X>
      <Y>2</Y>
    </DecalOffset>
    <DecalSize>
      <CX>28</CX>
      <CY>28</CY>
    </DecalSize>
  </Button>
<Button item="BW_Buff38_Button">
    <ScreenID>Buff38</ScreenID>
    <!--<Font>3</Font>-->
    <RelativePosition>true</RelativePosition>
    <Location>
      <X>1207</X>
      <Y>1</Y>
    </Location>
    <Size>
      <CX>32</CX>
      <CY>32</CY>
    </Size>
    <Style_VScroll>false</Style_VScroll>
    <Style_HScroll>false</Style_HScroll>
    <Style_Transparent>false</Style_Transparent>
    <!--<TooltipReference/>-->
    <Style_Checkbox>false</Style_Checkbox>
    <!--<RadioGroup/>-->
    <ButtonDrawTemplate>
      <Normal>RedIconBackground</Normal>
      <NormalDecal>BuffIcons</NormalDecal>
    </ButtonDrawTemplate>
    <DecalOffset>
      <X>2</X>
      <Y>2</Y>
    </DecalOffset>
    <DecalSize>
      <CX>28</CX>
      <CY>28</CY>
    </DecalSize>
  </Button>
<Button item="BW_Buff39_Button">
    <ScreenID>Buff39</ScreenID>
    <!--<Font>3</Font>-->
    <RelativePosition>true</RelativePosition>
    <Location>
      <X>1239</X>
      <Y>1</Y>
    </Location>
    <Size>
      <CX>32</CX>
      <CY>32</CY>
    </Size>
    <Style_VScroll>false</Style_VScroll>
    <Style_HScroll>false</Style_HScroll>
    <Style_Transparent>false</Style_Transparent>
    <!--<TooltipReference/>-->
    <Style_Checkbox>false</Style_Checkbox>
    <!--<RadioGroup/>-->
    <ButtonDrawTemplate>
      <Normal>RedIconBackground</Normal>
      <NormalDecal>BuffIcons</NormalDecal>
    </ButtonDrawTemplate>
    <DecalOffset>
      <X>2</X>
      <Y>2</Y>
    </DecalOffset>
    <DecalSize>
      <CX>28</CX>
      <CY>28</CY>
    </DecalSize>
  </Button>
<Button item="BW_Buff40_Button">
    <ScreenID>Buff40</ScreenID>
    <!--<Font>3</Font>-->
    <RelativePosition>true</RelativePosition>
    <Location>
      <X>1271</X>
      <Y>1</Y>
    </Location>
    <Size>
      <CX>32</CX>
      <CY>32</CY>
    </Size>
    <Style_VScroll>false</Style_VScroll>
    <Style_HScroll>false</Style_HScroll>
    <Style_Transparent>false</Style_Transparent>
    <!--<TooltipReference/>-->
    <Style_Checkbox>false</Style_Checkbox>
    <!--<RadioGroup/>-->
    <ButtonDrawTemplate>
      <Normal>RedIconBackground</Normal>
      <NormalDecal>BuffIcons</NormalDecal>
    </ButtonDrawTemplate>
    <DecalOffset>
      <X>2</X>
      <Y>2</Y>
    </DecalOffset>
    <DecalSize>
      <CX>28</CX>
      <CY>28</CY>
    </DecalSize>
  </Button>
<Button item="BW_Buff41_Button">
    <ScreenID>Buff41</ScreenID>
    <!--<Font>3</Font>-->
    <RelativePosition>true</RelativePosition>
    <Location>
      <X>1303</X>
      <Y>1</Y>
    </Location>
    <Size>
      <CX>32</CX>
      <CY>32</CY>
    </Size>
    <Style_VScroll>false</Style_VScroll>
    <Style_HScroll>false</Style_HScroll>
    <Style_Transparent>false</Style_Transparent>
    <!--<TooltipReference/>-->
    <Style_Checkbox>false</Style_Checkbox>
    <!--<RadioGroup/>-->
    <ButtonDrawTemplate>
      <Normal>RedIconBackground</Normal>
      <NormalDecal>BuffIcons</NormalDecal>
    </ButtonDrawTemplate>
    <DecalOffset>
      <X>2</X>
      <Y>2</Y>
    </DecalOffset>
    <DecalSize>
      <CX>28</CX>
      <CY>28</CY>
    </DecalSize>
  </Button>
<Button item="BW_Buff42_Button">
    <ScreenID>Buff42</ScreenID>
    <!--<Font>3</Font>-->
    <RelativePosition>true</RelativePosition>
    <Location>
      <X>1335</X>
      <Y>1</Y>
    </Location>
    <Size>
      <CX>32</CX>
      <CY>32</CY>
    </Size>
    <Style_VScroll>false</Style_VScroll>
    <Style_HScroll>false</Style_HScroll>
    <Style_Transparent>false</Style_Transparent>
    <!--<TooltipReference/>-->
    <Style_Checkbox>false</Style_Checkbox>
    <!--<RadioGroup/>-->
    <ButtonDrawTemplate>
      <Normal>RedIconBackground</Normal>
      <NormalDecal>BuffIcons</NormalDecal>
    </ButtonDrawTemplate>
    <DecalOffset>
      <X>2</X>
      <Y>2</Y>
    </DecalOffset>
    <DecalSize>
      <CX>28</CX>
      <CY>28</CY>
    </DecalSize>
  </Button>
     <Screen item="BuffWindow">
    <!--<ScreenID/>-->
    <Text/>
    <RelativePosition>false</RelativePosition>
    <Location>
      <X>180</X>
      <Y>0</Y>
    </Location>
    <Size>
        <!--Variable length: next 5 rows for 21,22,23,24,25 buffs -->
		<!-- delete the comment bits from relevant line -->
		<!-- and add them to the line being replaced -->
      <!--CX>706</CX-->
      <!--CX>739</CX-->
      <!--CX>772</CX-->
      <!--CX>805</CX-->
      <CX>1355</CX>
      <CY>44</CY>
    </Size>
    <Style_VScroll>false</Style_VScroll>
    <Style_HScroll>false</Style_HScroll>
    <Style_Transparent>true</Style_Transparent>
    <!--<TooltipReference/>-->
    <DrawTemplate>WDT_RoundedNoTitle</DrawTemplate>
    <Style_Titlebar>false</Style_Titlebar>
    <Style_Closebox>false</Style_Closebox>
    <Style_Minimizebox>false</Style_Minimizebox>
    <Style_Border>true</Style_Border>
    <Style_Sizable>false</Style_Sizable>
    <!--Pieces>Buff_BG</Pieces-->
    <Pieces>BW_BL0</Pieces>
    <Pieces>BW_BL1</Pieces>
    <Pieces>BW_BL2</Pieces>
    <Pieces>BW_BL3</Pieces>
    <Pieces>BW_BL4</Pieces>
    <Pieces>BW_BL5</Pieces>
    <Pieces>BW_BL6</Pieces>
    <Pieces>BW_BL7</Pieces>
    <Pieces>BW_BL8</Pieces>
    <Pieces>BW_BL9</Pieces>
    <Pieces>BW_BL10</Pieces>
    <Pieces>BW_BL11</Pieces>
    <Pieces>BW_BL12</Pieces>
    <Pieces>BW_BL13</Pieces>
    <Pieces>BW_BL14</Pieces>
    <Pieces>BW_BL15</Pieces>
    <Pieces>BW_BL16</Pieces>
    <Pieces>BW_BL17</Pieces>
    <Pieces>BW_BL18</Pieces>
    <Pieces>BW_BL19</Pieces>
    <Pieces>BW_BL20</Pieces>
    <Pieces>BW_BL21</Pieces>
    <Pieces>BW_BL22</Pieces>
    <Pieces>BW_BL23</Pieces>
    <Pieces>BW_BL24</Pieces>
    <Pieces>BW_BL25</Pieces>
    <Pieces>BW_BL26</Pieces>
    <Pieces>BW_BL27</Pieces>
    <Pieces>BW_BL28</Pieces>
    <Pieces>BW_BL29</Pieces>
    <Pieces>BW_BL30</Pieces>
    <Pieces>BW_BL31</Pieces>
    <Pieces>BW_BL32</Pieces>
    <Pieces>BW_BL33</Pieces>
    <Pieces>BW_BL34</Pieces>
    <Pieces>BW_BL35</Pieces>
    <Pieces>BW_BL36</Pieces>
    <Pieces>BW_BL37</Pieces>
    <Pieces>BW_BL38</Pieces>
    <Pieces>BW_BL39</Pieces>
    <Pieces>BW_BL40</Pieces>
    <Pieces>BW_BL41</Pieces>
    
    <Pieces>BW_Buff0_Button</Pieces>
    <Pieces>BW_Buff1_Button</Pieces>
    <Pieces>BW_Buff2_Button</Pieces>
    <Pieces>BW_Buff3_Button</Pieces>
    <Pieces>BW_Buff4_Button</Pieces>
    <Pieces>BW_Buff5_Button</Pieces>
    <Pieces>BW_Buff6_Button</Pieces>
    <Pieces>BW_Buff7_Button</Pieces>
    <Pieces>BW_Buff8_Button</Pieces>
    <Pieces>BW_Buff9_Button</Pieces>
    <Pieces>BW_Buff10_Button</Pieces>
    <Pieces>BW_Buff11_Button</Pieces>
    <Pieces>BW_Buff12_Button</Pieces>
    <Pieces>BW_Buff13_Button</Pieces>
    <Pieces>BW_Buff14_Button</Pieces>
    <Pieces>BW_Buff15_Button</Pieces>
    <Pieces>BW_Buff16_Button</Pieces>
    <Pieces>BW_Buff17_Button</Pieces>
    <Pieces>BW_Buff18_Button</Pieces>
    <Pieces>BW_Buff19_Button</Pieces>
    <Pieces>BW_Buff20_Button</Pieces>
    <Pieces>BW_Buff21_Button</Pieces>
    <Pieces>BW_Buff22_Button</Pieces>
    <Pieces>BW_Buff23_Button</Pieces>
    <Pieces>BW_Buff24_Button</Pieces>
    <Pieces>BW_Buff25_Button</Pieces>
    <Pieces>BW_Buff26_Button</Pieces>
    <Pieces>BW_Buff27_Button</Pieces>
    <Pieces>BW_Buff28_Button</Pieces>
    <Pieces>BW_Buff29_Button</Pieces>
    <Pieces>BW_Buff30_Button</Pieces>
    <Pieces>BW_Buff31_Button</Pieces>
    <Pieces>BW_Buff32_Button</Pieces>
    <Pieces>BW_Buff33_Button</Pieces>
    <Pieces>BW_Buff34_Button</Pieces>
    <Pieces>BW_Buff35_Button</Pieces>
    <Pieces>BW_Buff36_Button</Pieces>
    <Pieces>BW_Buff37_Button</Pieces>
    <Pieces>BW_Buff38_Button</Pieces>
    <Pieces>BW_Buff39_Button</Pieces>
    <Pieces>BW_Buff40_Button</Pieces>
    <Pieces>BW_Buff41_Button</Pieces>
    	</Screen>
</XML>