<?xml version="1.0" encoding="us-ascii"?>
<XML ID="EQInterfaceDefinitionLanguage">
  <Schema xmlns="EverQuestData" xmlns:dt="EverQuestDataTypes" />
  <Listbox item="SKLW_SkillList">
    <ScreenID>SkillList</ScreenID>
    <DrawTemplate>WDT_Inner</DrawTemplate>
    <AutoStretch>true</AutoStretch>
    <RightAnchorToLeft>false</RightAnchorToLeft>
    <BottomAnchorToTop>false</BottomAnchorToTop>
    <LeftAnchorOffset>1</LeftAnchorOffset>
    <TopAnchorOffset>1</TopAnchorOffset>
    <RightAnchorOffset>1</RightAnchorOffset>
    <BottomAnchorOffset>19</BottomAnchorOffset>
    <Style_Border>true</Style_Border>
    <Style_VScroll>true</Style_VScroll>
    <Columns>
      <Width>130</Width>
      <Heading>Skill Name</Heading>
    </Columns>
    <Columns>
      <Width>80</Width>
      <Heading>Rank</Heading>
    </Columns>
    <Columns>
      <Width>60</Width>
      <Heading>Value</Heading>
    </Columns>
    <Font>2</Font>
  </Listbox>
  <Button item="SKLW_DoneButton">
    <ScreenID>DoneButton</ScreenID>
    <!--<Font>3</Font>-->
    <RelativePosition>true</RelativePosition>
    <AutoStretch>true</AutoStretch>
    <LeftAnchorOffset>73</LeftAnchorOffset>
    <TopAnchorOffset>17</TopAnchorOffset>
    <RightAnchorOffset>1</RightAnchorOffset>
    <BottomAnchorOffset>1</BottomAnchorOffset>
    <TopAnchorToTop>false</TopAnchorToTop>
    <BottomAnchorToTop>false</BottomAnchorToTop>
    <RightAnchorToLeft>false</RightAnchorToLeft>
    <LeftAnchorToLeft>false</LeftAnchorToLeft>
    <Style_Transparent>false</Style_Transparent>
    <!--<TooltipReference/>-->
    <Style_Checkbox>false</Style_Checkbox>
    <!--<RadioGroup/>-->
    <Text>Done</Text>
    <TextColor>
      <R>0</R>
      <G>255</G>
      <B>0</B>
    </TextColor>
    <ButtonDrawTemplate>
      <Normal>A_BtnNormal</Normal>
      <Pressed>A_BtnPressed</Pressed>
      <Flyby>A_BtnFlyby</Flyby>
      <Disabled>A_BtnDisabled</Disabled>
      <PressedFlyby>A_BtnPressedFlyby</PressedFlyby>
    </ButtonDrawTemplate>
    <!--<SoundPressed/>-->
    <!--<<SoundUp/>-->
    <!--<SoundFlyby/>-->
    <Font>2</Font>
  </Button>
  <Button item="SKLW_MakeHotKeyButton">
    <ScreenID>MakeHotKeyButton</ScreenID>
    <!--<Font>3</Font>-->
    <RelativePosition>true</RelativePosition>
    <AutoStretch>true</AutoStretch>
    <LeftAnchorOffset>147</LeftAnchorOffset>
    <TopAnchorOffset>17</TopAnchorOffset>
    <RightAnchorOffset>75</RightAnchorOffset>
    <BottomAnchorOffset>1</BottomAnchorOffset>
    <TopAnchorToTop>false</TopAnchorToTop>
    <BottomAnchorToTop>false</BottomAnchorToTop>
    <RightAnchorToLeft>false</RightAnchorToLeft>
    <LeftAnchorToLeft>false</LeftAnchorToLeft>
    <Style_Transparent>false</Style_Transparent>
    <!--<TooltipReference/>-->
    <Style_Checkbox>false</Style_Checkbox>
    <!--<RadioGroup/>-->
    <Text>Make Hotkey</Text>
    <TextColor>
      <R>255</R>
      <G>255</G>
      <B>0</B>
    </TextColor>
    <ButtonDrawTemplate>
      <Normal>A_BtnNormal</Normal>
      <Pressed>A_BtnPressed</Pressed>
      <Flyby>A_BtnFlyby</Flyby>
      <Disabled>A_BtnDisabled</Disabled>
      <PressedFlyby>A_BtnPressedFlyby</PressedFlyby>
    </ButtonDrawTemplate>
    <!--<SoundPressed/>-->
    <!--<<SoundUp/>-->
    <!--<SoundFlyby/>-->
    <Font>2</Font>
  </Button>
  <Screen item="SkillsWindow">
    <!--<ScreenID/>-->
    <!--<Font/>-->
    <RelativePosition>false</RelativePosition>
    <Location>
      <X>200</X>
      <Y>200</Y>
    </Location>
    <Size>
      <CX>300</CX>
      <CY>200</CY>
    </Size>
    <Style_VScroll>false</Style_VScroll>
    <Style_HScroll>false</Style_HScroll>
    <Style_Transparent>false</Style_Transparent>
    <TooltipReference />
    <Text>Sparxx - Skills</Text>
    <DrawTemplate>WDT_Rounded</DrawTemplate>
    <Style_Titlebar>true</Style_Titlebar>
    <Style_Closebox>true</Style_Closebox>
    <Style_Minimizebox>true</Style_Minimizebox>
    <Style_Border>true</Style_Border>
    <Style_Sizable>true</Style_Sizable>
    <Pieces>SKLW_SkillList</Pieces>
    <Pieces>SKLW_DoneButton</Pieces>
    <Pieces>SKLW_MakeHotKeyButton</Pieces>
    <Font>2</Font>
  </Screen>
</XML>