<?xml version="1.0" encoding="us-ascii"?>
<XML ID="EQInterfaceDefinitionLanguage">
  <Schema xmlns="EverQuestData" xmlns:dt="EverQuestDataTypes" />
  <Button item="LEW_GroupMentoring">
    <ScreenID>LEW_GroupMentoring</ScreenID>
    <RelativePosition>true</RelativePosition>
    <Location>
      <X>351</X>
      <Y>36</Y>
    </Location>
    <Size>
      <CX>80</CX>
      <CY>17</CY>
    </Size>
    <Style_VScroll>false</Style_VScroll>
    <Style_HScroll>false</Style_HScroll>
    <Style_Transparent>false</Style_Transparent>
    <Style_Checkbox>false</Style_Checkbox>
    <Text>Mentoring</Text>
    <TextColor>
      <R>255</R>
      <G>255</G>
      <B>0</B>
    </TextColor>
    <ButtonDrawTemplate>
      <Normal>A_BtnNormal</Normal>
      <Pressed>A_BtnPressed</Pressed>
      <Flyby>A_BtnFlyby</Flyby>
      <Disabled>A_BtnDisabled</Disabled>
      <PressedFlyby>A_BtnPressedFlyby</PressedFlyby>
    </ButtonDrawTemplate>
    <Font>2</Font>
    <TooltipReference>Open the Group Mentoring Window</TooltipReference>
  </Button>
  <Button item="LEW_PurchaseButton">
    <ScreenID>LEW_PurchaseButton</ScreenID>
    <!--<Font>3</Font>-->
    <RelativePosition>true</RelativePosition>
    <Location>
      <X>242</X>
      <Y>58</Y>
    </Location>
    <Size>
      <CX>62</CX>
      <CY>14</CY>
    </Size>
    <Style_Transparent>false</Style_Transparent>
    <!--<TooltipReference/>-->
    <Style_Checkbox>false</Style_Checkbox>
    <!--<RadioGroup/>-->
    <Text>Purchase</Text>
    <TextColor>
      <R>255</R>
      <G>255</G>
      <B>255</B>
    </TextColor>
    <ButtonDrawTemplate>
      <Normal>A_SquareBtnNormal</Normal>
      <Pressed>A_SquareBtnPressed</Pressed>
      <Flyby>A_SquareBtnFlyby</Flyby>
      <Disabled>A_SquareBtnDisabled</Disabled>
      <PressedFlyby>A_SquareBtnPressedFlyby</PressedFlyby>
    </ButtonDrawTemplate>
    <Font>2</Font>
  </Button>
  <StaticText item="LEW_HotkeyLabel">
    <ScreenID>LEW_HotkeyLabel</ScreenID>
    <!--<Font>3</Font>-->
    <RelativePosition>true</RelativePosition>
    <Location>
      <X>313</X>
      <Y>58</Y>
    </Location>
    <Size>
      <CX>70</CX>
      <CY>14</CY>
    </Size>
    <Text>Create Hotkey</Text>
    <TextColor>
      <R>255</R>
      <G>255</G>
      <B>255</B>
    </TextColor>
    <NoWrap>false</NoWrap>
    <AlignCenter>false
</AlignCenter>
    <AlignRight>true</AlignRight>
    <Font>2</Font>
  </StaticText>
  <Button item="LEW_HotkeyButton1">
    <ScreenID>LEW_HotkeyButton1</ScreenID>
    <!--<Font>3</Font>-->
    <RelativePosition>true</RelativePosition>
    <Location>
      <X>385</X>
      <Y>59</Y>
    </Location>
    <Size>
      <CX>14</CX>
      <CY>14</CY>
    </Size>
    <Style_Transparent>false</Style_Transparent>
    <!--<TooltipReference/>-->
    <Style_Checkbox>false</Style_Checkbox>
    <!--<RadioGroup/>-->
    <Text>1</Text>
    <TextColor>
      <R>255</R>
      <G>255</G>
      <B>255</B>
    </TextColor>
    <ButtonDrawTemplate>
      <Normal>A_SquareBtnNormal</Normal>
      <Pressed>A_SquareBtnPressed</Pressed>
      <Flyby>A_SquareBtnFlyby</Flyby>
      <Disabled>A_SquareBtnDisabled</Disabled>
      <PressedFlyby>A_SquareBtnPressedFlyby</PressedFlyby>
    </ButtonDrawTemplate>
    <Font>2</Font>
  </Button>
  <Button item="LEW_HotkeyButton2">
    <ScreenID>LEW_HotkeyButton2</ScreenID>
    <!--<Font>3</Font>-->
    <RelativePosition>true</RelativePosition>
    <Location>
      <X>401</X>
      <Y>59</Y>
    </Location>
    <Size>
      <CX>14</CX>
      <CY>14</CY>
    </Size>
    <Style_Transparent>false</Style_Transparent>
    <!--<TooltipReference/>-->
    <Style_Checkbox>false</Style_Checkbox>
    <!--<RadioGroup/>-->
    <Text>2</Text>
    <TextColor>
      <R>255</R>
      <G>255</G>
      <B>255</B>
    </TextColor>
    <ButtonDrawTemplate>
      <Normal>A_SquareBtnNormal</Normal>
      <Pressed>A_SquareBtnPressed</Pressed>
      <Flyby>A_SquareBtnFlyby</Flyby>
      <Disabled>A_SquareBtnDisabled</Disabled>
      <PressedFlyby>A_SquareBtnPressedFlyby</PressedFlyby>
    </ButtonDrawTemplate>
    <Font>2</Font>
  </Button>
  <Button item="LEW_HotkeyButton3">
    <ScreenID>LEW_HotkeyButton3</ScreenID>
    <!--<Font>3</Font>-->
    <RelativePosition>true</RelativePosition>
    <Location>
      <X>417</X>
      <Y>59</Y>
    </Location>
    <Size>
      <CX>14</CX>
      <CY>14</CY>
    </Size>
    <Style_Transparent>false</Style_Transparent>
    <!--<TooltipReference/>-->
    <Style_Checkbox>false</Style_Checkbox>
    <!--<RadioGroup/>-->
    <Text>3</Text>
    <TextColor>
      <R>255</R>
      <G>255</G>
      <B>255</B>
    </TextColor>
    <ButtonDrawTemplate>
      <Normal>A_SquareBtnNormal</Normal>
      <Pressed>A_SquareBtnPressed</Pressed>
      <Flyby>A_SquareBtnFlyby</Flyby>
      <Disabled>A_SquareBtnDisabled</Disabled>
      <PressedFlyby>A_SquareBtnPressedFlyby</PressedFlyby>
    </ButtonDrawTemplate>
    <Font>2</Font>
  </Button>
  <Button item="LEW_DoneButton">
    <ScreenID>LEW_DoneButton</ScreenID>
    <!--<Font>3</Font>-->
    <RelativePosition>true</RelativePosition>
    <Location>
      <X>-96</X>
      <Y>7</Y>
    </Location>
    <Size>
      <CX>80</CX>
      <CY>24</CY>
    </Size>
    <Style_Transparent>false</Style_Transparent>
    <!--<TooltipReference/>-->
    <Style_Checkbox>false</Style_Checkbox>
    <!--<RadioGroup/>-->
    <Text>Done</Text>
    <TextColor>
      <R>0</R>
      <G>255</G>
      <B>0</B>
    </TextColor>
    <ButtonDrawTemplate>
      <Normal>A_BtnNormal</Normal>
      <Pressed>A_BtnPressed</Pressed>
      <Flyby>A_BtnFlyby</Flyby>
      <Disabled>A_BtnDisabled</Disabled>
      <PressedFlyby>A_BtnPressedFlyby</PressedFlyby>
    </ButtonDrawTemplate>
    <Font>2</Font>
  </Button>
  <StaticText item="LEW_OnOffLabel">
    <ScreenID>LEW_OnOffLabel</ScreenID>
    <!--<Font>3</Font>-->
    <RelativePosition>true</RelativePosition>
    <Location>
      <X>350</X>
      <Y>0</Y>
    </Location>
    <Size>
      <CX>82</CX>
      <CY>16</CY>
    </Size>
    <Text>Leadership Exp</Text>
    <TextColor>
      <R>255</R>
      <G>255</G>
      <B>255</B>
    </TextColor>
    <NoWrap>false</NoWrap>
    <AlignCenter>true</AlignCenter>
    <AlignRight>true</AlignRight>
    <Font>2</Font>
  </StaticText>
  <Button item="LEW_OnButton">
    <ScreenID>LEW_OnButton</ScreenID>
    <!--<Font>3</Font>-->
    <RelativePosition>true</RelativePosition>
    <Location>
      <X>351</X>
      <Y>14</Y>
    </Location>
    <Size>
      <CX>40</CX>
      <CY>16</CY>
    </Size>
    <Style_Transparent>false</Style_Transparent>
    <!--<TooltipReference/>-->
    <Style_Checkbox>false</Style_Checkbox>
    <RadioGroup>LEW_OnOffButtonGroup</RadioGroup>
    <Text>On</Text>
    <TextColor>
      <R>255</R>
      <G>255</G>
      <B>0</B>
    </TextColor>
    <ButtonDrawTemplate>
      <Normal>A_SquareBtnNormal</Normal>
      <Pressed>A_SquareBtnPressed</Pressed>
      <Flyby>A_SquareBtnFlyby</Flyby>
      <Disabled>A_SquareBtnDisabled</Disabled>
      <PressedFlyby>A_SquareBtnPressedFlyby</PressedFlyby>
    </ButtonDrawTemplate>
    <Font>2</Font>
    <TooltipReference>10% Of Your Experience Will Go To Leadership Experience With This On</TooltipReference>
  </Button>
  <Button item="LEW_OffButton">
    <ScreenID>LEW_OffButton</ScreenID>
    <!--<Font>3</Font>-->
    <RelativePosition>true</RelativePosition>
    <Location>
      <X>391</X>
      <Y>14</Y>
    </Location>
    <Size>
      <CX>40</CX>
      <CY>16</CY>
    </Size>
    <Style_Transparent>false</Style_Transparent>
    <!--<TooltipReference/>-->
    <Style_Checkbox>false</Style_Checkbox>
    <RadioGroup>LEW_OnOffButtonGroup</RadioGroup>
    <Text>Off</Text>
    <TextColor>
      <R>0</R>
      <G>255</G>
      <B>0</B>
    </TextColor>
    <ButtonDrawTemplate>
      <Normal>A_SquareBtnNormal</Normal>
      <Pressed>A_SquareBtnPressed</Pressed>
      <Flyby>A_SquareBtnFlyby</Flyby>
      <Disabled>A_SquareBtnDisabled</Disabled>
      <PressedFlyby>A_SquareBtnPressedFlyby</PressedFlyby>
    </ButtonDrawTemplate>
    <Font>2</Font>
  </Button>
  <StaticText item="LEW_GroupGaugeLabel">
    <ScreenID>LEW_GroupGaugeLabel</ScreenID>
    <!--<Font>3</Font>-->
    <RelativePosition>true</RelativePosition>
    <Location>
      <X>242</X>
      <Y>1</Y>
    </Location>
    <Size>
      <CX>64</CX>
      <CY>15</CY>
    </Size>
    <Text>Group Points</Text>
    <TextColor>
      <R>255</R>
      <G>255</G>
      <B>255</B>
    </TextColor>
    <NoWrap>false</NoWrap>
    <AlignCenter>false</AlignCenter>
    <AlignRight>false</AlignRight>
    <Font>2</Font>
  </StaticText>
  <Gauge item="LEW_GroupExpGauge">
    <ScreenID>LEW_GroupExpGauge</ScreenID>
    <!--<Font>3</Font>-->
    <RelativePosition>true</RelativePosition>
    <Location>
      <X>242</X>
      <Y>14</Y>
    </Location>
    <Size>
      <CX>102</CX>
      <CY>8</CY>
    </Size>
    <GaugeOffsetY>-1</GaugeOffsetY>
    <Text />
    <TextColor>
      <R>255</R>
      <G>255</G>
      <B>255</B>
    </TextColor>
    <TextOffsetY>0</TextOffsetY>
    <TextOffsetX>39</TextOffsetX>
    <Style_VScroll>false</Style_VScroll>
    <Style_HScroll>false</Style_HScroll>
    <Style_Transparent>false</Style_Transparent>
    <!--<TooltipReference/>-->
    <FillTint>
      <R>240</R>
      <G>240</G>
      <B>0</B>
    </FillTint>
    <LinesFillTint>
      <R>0</R>
      <G>220</G>
      <B>220</B>
    </LinesFillTint>
    <DrawLinesFill>true</DrawLinesFill>
    <EQType>23</EQType>
    <GaugeDrawTemplate>
      <Background>A_GaugeBackground</Background>
      <Fill>A_GaugeFill</Fill>
      <Lines>A_GaugeLines</Lines>
      <LinesFill>A_GaugeLinesFill</LinesFill>
      <EndCapLeft>A_GaugeEndCapLeft</EndCapLeft>
      <EndCapRight>A_GaugeEndCapRight</EndCapRight>
    </GaugeDrawTemplate>
    <GaugeOffsetX>-3</GaugeOffsetX>
    <Font>2</Font>
  </Gauge>
  <StaticText item="LEW_CurrentGroupLabel">
    <ScreenID>LEW_CurrentGroupLabel</ScreenID>
    <!--<Font>3</Font>-->
    <RelativePosition>true</RelativePosition>
    <Location>
      <X>-95</X>
      <Y>22</Y>
    </Location>
    <Size>
      <CX>80</CX>
      <CY>20</CY>
    </Size>
    <Text>Group Points</Text>
    <TextColor>
      <R>255</R>
      <G>255</G>
      <B>255</B>
    </TextColor>
    <NoWrap>false</NoWrap>
    <AlignCenter>true</AlignCenter>
    <AlignRight>true</AlignRight>
    <Font>2</Font>
  </StaticText>
  <StaticText item="LEW_CurrentGroupCount">
    <ScreenID>LEW_CurrentGroupCount</ScreenID>
    <!--<Font>3</Font>-->
    <RelativePosition>true</RelativePosition>
    <Location>
      <X>305</X>
      <Y>1</Y>
    </Location>
    <Size>
      <CX>39</CX>
      <CY>13</CY>
    </Size>
    <Text>8 of 8</Text>
    <TextColor>
      <R>0</R>
      <G>255</G>
      <B>0</B>
    </TextColor>
    <NoWrap>false</NoWrap>
    <AlignCenter>true</AlignCenter>
    <AlignRight>false</AlignRight>
    <Font>2</Font>
  </StaticText>
  <StaticText item="LEW_RaidGaugeLabel">
    <ScreenID>LEW_RaidGaugeLabel</ScreenID>
    <!--<Font>3</Font>-->
    <RelativePosition>true</RelativePosition>
    <Location>
      <X>242</X>
      <Y>32</Y>
    </Location>
    <Size>
      <CX>63</CX>
      <CY>13</CY>
    </Size>
    <Text>Raid Points</Text>
    <TextColor>
      <R>255</R>
      <G>255</G>
      <B>255</B>
    </TextColor>
    <NoWrap>false</NoWrap>
    <AlignCenter>false</AlignCenter>
    <AlignRight>false</AlignRight>
    <Font>2</Font>
  </StaticText>
  <Gauge item="LEW_RaidExpGauge">
    <ScreenID>LEW_RaidExpGauge</ScreenID>
    <!--<Font>3</Font>-->
    <RelativePosition>true</RelativePosition>
    <Location>
      <X>242</X>
      <Y>45</Y>
    </Location>
    <Size>
      <CX>102</CX>
      <CY>8</CY>
    </Size>
    <GaugeOffsetY>-1</GaugeOffsetY>
    <Text />
    <TextColor>
      <R>255</R>
      <G>255</G>
      <B>255</B>
    </TextColor>
    <TextOffsetY>0</TextOffsetY>
    <TextOffsetX>39</TextOffsetX>
    <Style_VScroll>false</Style_VScroll>
    <Style_HScroll>false</Style_HScroll>
    <Style_Transparent>false</Style_Transparent>
    <!--<TooltipReference/>-->
    <FillTint>
      <R>240</R>
      <G>240</G>
      <B>0</B>
    </FillTint>
    <LinesFillTint>
      <R>0</R>
      <G>220</G>
      <B>220</B>
    </LinesFillTint>
    <DrawLinesFill>true</DrawLinesFill>
    <EQType>24</EQType>
    <GaugeDrawTemplate>
      <Background>A_GaugeBackground</Background>
      <Fill>A_GaugeFill</Fill>
      <Lines>A_GaugeLines</Lines>
      <LinesFill>A_GaugeLinesFill</LinesFill>
      <EndCapLeft>A_GaugeEndCapLeft</EndCapLeft>
      <EndCapRight>A_GaugeEndCapRight</EndCapRight>
    </GaugeDrawTemplate>
    <GaugeOffsetX>-3</GaugeOffsetX>
    <Font>2</Font>
  </Gauge>
  <StaticText item="LEW_CurrentRaidLabel">
    <ScreenID>LEW_CurrentRaidLabel</ScreenID>
    <!--<Font>3</Font>-->
    <RelativePosition>true</RelativePosition>
    <Location>
      <X>-82</X>
      <Y>6</Y>
    </Location>
    <Size>
      <CX>61</CX>
      <CY>20</CY>
    </Size>
    <Text>Raid Points</Text>
    <TextColor>
      <R>255</R>
      <G>255</G>
      <B>255</B>
    </TextColor>
    <NoWrap>false</NoWrap>
    <AlignCenter>true</AlignCenter>
    <AlignRight>true</AlignRight>
    <Font>2</Font>
  </StaticText>
  <StaticText item="LEW_CurrentRaidCount">
    <ScreenID>LEW_CurrentRaidCount</ScreenID>
    <!--<Font>3</Font>-->
    <RelativePosition>true</RelativePosition>
    <Location>
      <X>305</X>
      <Y>32</Y>
    </Location>
    <Size>
      <CX>39</CX>
      <CY>13</CY>
    </Size>
    <Text>10 of 10</Text>
    <TextColor>
      <R>0</R>
      <G>255</G>
      <B>0</B>
    </TextColor>
    <NoWrap>false</NoWrap>
    <AlignCenter>true</AlignCenter>
    <AlignRight>false</AlignRight>
    <Font>2</Font>
  </StaticText>
  <STMLbox item="LEW_Description">
    <ScreenID>LEW_Description</ScreenID>
    <DrawTemplate>WDT_Inner</DrawTemplate>
    <RelativePosition>true</RelativePosition>
    <Style_VScroll>true</Style_VScroll>
    <Style_Transparent>false</Style_Transparent>
    <Location>
      <X>242</X>
      <Y>77</Y>
    </Location>
    <Size>
      <CX>189</CX>
      <CY>134</CY>
    </Size>
    <Style_Border>true</Style_Border>
    <Text>Description Area</Text>
    <Font>2</Font>
  </STMLbox>
  <Listbox item="LEW_GroupList">
    <ScreenID>LEList1</ScreenID>
    <DrawTemplate>WDT_Inner</DrawTemplate>
    <AutoStretch>true</AutoStretch>
    <TopAnchorToTop>true</TopAnchorToTop>
    <BottomAnchorToTop>false</BottomAnchorToTop>
    <LeftAnchorToLeft>true</LeftAnchorToLeft>
    <RightAnchorToLeft>false</RightAnchorToLeft>
    <Style_Border>true</Style_Border>
    <Style_VScroll>true</Style_VScroll>
    <Font>2</Font>
    <Columns>
      <Width>80</Width>
      <Heading>Title</Heading>
    </Columns>
    <Columns>
      <Width>50</Width>
      <Heading>Cur/Max</Heading>
    </Columns>
    <Columns>
      <Width>50</Width>
      <Heading>Cost</Heading>
    </Columns>
  </Listbox>
  <Page item="LEW_GroupPage">
    <ScreenID>LEPage1</ScreenID>
    <RelativePosition>true</RelativePosition>
    <!-- Pages are sized and positioned by their parent tab -->
    <Style_VScroll>false</Style_VScroll>
    <Style_HScroll>false</Style_HScroll>
    <Style_Transparent>false</Style_Transparent>
    <TooltipReference />
    <DrawTemplate>WDT_Def</DrawTemplate>
    <TabText>Group Abilities</TabText>
    <TabTextColor>
      <R>255</R>
      <G>255</G>
      <B>255</B>
    </TabTextColor>
    <TabTextActiveColor>
      <R>255</R>
      <G>255</G>
      <B>0</B>
    </TabTextActiveColor>
    <Style_Sizable>true</Style_Sizable>
    <Pieces>LEW_GroupList</Pieces>
    <Location>
      <X>0</X>
      <Y>22</Y>
    </Location>
    <Size>
      <CX>232</CX>
      <CY>183</CY>
    </Size>
    <Font>2</Font>
  </Page>
  <Listbox item="LEW_RaidList">
    <ScreenID>LEList2</ScreenID>
    <DrawTemplate>WDT_Inner</DrawTemplate>
    <AutoStretch>true</AutoStretch>
    <TopAnchorToTop>true</TopAnchorToTop>
    <BottomAnchorToTop>false</BottomAnchorToTop>
    <LeftAnchorToLeft>true</LeftAnchorToLeft>
    <RightAnchorToLeft>false</RightAnchorToLeft>
    <Style_Border>true</Style_Border>
    <Style_VScroll>true</Style_VScroll>
    <Font>2</Font>
    <Columns>
      <Width>120</Width>
      <Heading>Title</Heading>
    </Columns>
    <Columns>
      <Width>50</Width>
      <Heading>Cur/Max</Heading>
    </Columns>
    <Columns>
      <Width>50</Width>
      <Heading>Cost</Heading>
    </Columns>
  </Listbox>
  <Page item="LEW_RaidPage">
    <ScreenID>LEPage2</ScreenID>
    <RelativePosition>true</RelativePosition>
    <!-- Pages are sized and positioned by their parent tab -->
    <Style_VScroll>false</Style_VScroll>
    <Style_HScroll>false</Style_HScroll>
    <Style_Transparent>false</Style_Transparent>
    <TooltipReference />
    <DrawTemplate>WDT_Def</DrawTemplate>
    <TabText>Raid Abilities</TabText>
    <TabTextColor>
      <R>255</R>
      <G>255</G>
      <B>255</B>
    </TabTextColor>
    <TabTextActiveColor>
      <R>255</R>
      <G>255</G>
      <B>0</B>
    </TabTextActiveColor>
    <Style_Sizable>true</Style_Sizable>
    <Pieces>LEW_RaidList</Pieces>
    <Location>
      <X>0</X>
      <Y>22</Y>
    </Location>
    <Size>
      <CX>232</CX>
      <CY>183</CY>
    </Size>
    <Font>2</Font>
  </Page>
  <TabBox item="LEW_Subwindows">
    <ScreenID>LEW_Subwindows</ScreenID>
    <RelativePosition>true</RelativePosition>
    <Location>
      <X>0</X>
      <Y>0</Y>
    </Location>
    <Size>
      <CX>240</CX>
      <CY>213</CY>
    </Size>
    <TabBorderTemplate>FT_DefTabBorder</TabBorderTemplate>
    <PageBorderTemplate>FT_DefPageBorder</PageBorderTemplate>
    <Font>2</Font>
    <Pages>LEW_GroupPage</Pages>
    <Pages>LEW_RaidPage</Pages>
  </TabBox>
  <Screen item="LeadershipWindow">
    <!--<ScreenID/>-->
    <RelativePosition>false</RelativePosition>
    <Location>
      <X>200</X>
      <Y>200</Y>
    </Location>
    <Size>
      <CX>443</CX>
      <CY>235</CY>
    </Size>
    <Style_VScroll>false</Style_VScroll>
    <Style_HScroll>false</Style_HScroll>
    <Style_Transparent>false</Style_Transparent>
    <!--<TooltipReference/>-->
    <Text>Sparxx - Leadership Window</Text>
    <DrawTemplate>WDT_Rounded</DrawTemplate>
    <Style_Titlebar>true</Style_Titlebar>
    <Style_Closebox>true</Style_Closebox>
    <Style_Minimizebox>true</Style_Minimizebox>
    <Style_Border>true</Style_Border>
    <Style_Sizable>false</Style_Sizable>
    <Pieces>LEW_Subwindows</Pieces>
    <Pieces>LEW_Description</Pieces>
    <Pieces>LEW_OnOffLabel</Pieces>
    <Pieces>LEW_OnButton</Pieces>
    <Pieces>LEW_OffButton</Pieces>
    <Pieces>LEW_CurrentGroupLabel</Pieces>
    <Pieces>LEW_CurrentGroupCount</Pieces>
    <Pieces>LEW_CurrentRaidLabel</Pieces>
    <Pieces>LEW_CurrentRaidCount</Pieces>
    <Pieces>LEW_GroupGaugeLabel</Pieces>
    <Pieces>LEW_GroupExpGauge</Pieces>
    <Pieces>LEW_RaidGaugeLabel</Pieces>
    <Pieces>LEW_RaidExpGauge</Pieces>
    <Pieces>LEW_PurchaseButton</Pieces>
    <Pieces>LEW_HotkeyLabel</Pieces>
    <Pieces>LEW_HotkeyButton1</Pieces>
    <Pieces>LEW_HotkeyButton2</Pieces>
    <Pieces>LEW_HotkeyButton3</Pieces>
    <Pieces>LEW_DoneButton</Pieces>
    <Pieces>LEW_GroupMentoring</Pieces>
    <Font>2</Font>
  </Screen>
</XML>