<?xml version="1.0" encoding="us-ascii"?>
<XML ID="EQInterfaceDefinitionLanguage">
  <Schema xmlns="EverQuestData" xmlns:dt="EverQuestDataTypes" />
  <Label item="PvpLeaderboard_SelectLabel">
    <ScreenID>PvpLeaderboard_SelectLabel</ScreenID>
    <RelativePosition>true</RelativePosition>
    <AutoStretch>true</AutoStretch>
    <LeftAnchorOffset>10</LeftAnchorOffset>
    <TopAnchorOffset>10</TopAnchorOffset>
    <RightAnchorOffset>130</RightAnchorOffset>
    <BottomAnchorOffset>25</BottomAnchorOffset>
    <TopAnchorToTop>true</TopAnchorToTop>
    <BottomAnchorToTop>true</BottomAnchorToTop>
    <LeftAnchorToLeft>true</LeftAnchorToLeft>
    <RightAnchorToLeft>true</RightAnchorToLeft>
    <Text>Select category:</Text>
    <TextColor>
      <R>255</R>
      <G>255</G>
      <B>255</B>
    </TextColor>
    <NoWrap>true</NoWrap>
    <AlignCenter>false</AlignCenter>
    <AlignRight>false</AlignRight>
  </Label>
  <Combobox item="PvpLeaderboard_SelectCombobox">
    <ScreenID>PvpLeaderboard_SelectCombobox</ScreenID>
    <DrawTemplate>WDT_Inner</DrawTemplate>
    <AutoStretch>true</AutoStretch>
    <LeftAnchorOffset>130</LeftAnchorOffset>
    <TopAnchorOffset>5</TopAnchorOffset>
    <RightAnchorOffset>290</RightAnchorOffset>
    <BottomAnchorOffset>30</BottomAnchorOffset>
    <TopAnchorToTop>true</TopAnchorToTop>
    <BottomAnchorToTop>true</BottomAnchorToTop>
    <LeftAnchorToLeft>true</LeftAnchorToLeft>
    <RightAnchorToLeft>true</RightAnchorToLeft>
    <ListHeight>120</ListHeight>
    <Button>BDT_Combo</Button>
    <Style_Border>true</Style_Border>
    <Choices>Total kills</Choices>
    <Choices>Total points</Choices>
    <Choices>Total infamy</Choices>
  </Combobox>
  <Listbox item="PvpLeaderboard_LeaderList">
    <ScreenID>PvpLeaderboard_LeaderList</ScreenID>
    <DrawTemplate>WDT_Inner</DrawTemplate>
    <RelativePosition>true</RelativePosition>
    <AutoStretch>true</AutoStretch>
    <LeftAnchorOffset>5</LeftAnchorOffset>
    <TopAnchorOffset>35</TopAnchorOffset>
    <RightAnchorOffset>5</RightAnchorOffset>
    <BottomAnchorOffset>80</BottomAnchorOffset>
    <TopAnchorToTop>true</TopAnchorToTop>
    <BottomAnchorToTop>false</BottomAnchorToTop>
    <LeftAnchorToLeft>true</LeftAnchorToLeft>
    <RightAnchorToLeft>false</RightAnchorToLeft>
    <TextColor>
      <R>255</R>
      <G>255</G>
      <B>255</B>
    </TextColor>
    <Style_Border>true</Style_Border>
    <Style_VScroll>true</Style_VScroll>
    <Columns>
      <Width>50</Width>
      <Heading>Rank</Heading>
    </Columns>
    <Columns>
      <Width>120</Width>
      <Heading>Name</Heading>
    </Columns>
    <Columns>
      <Width>60</Width>
      <Heading>Kills</Heading>
    </Columns>
    <Columns>
      <Width>60</Width>
      <Heading>Deaths</Heading>
    </Columns>
    <Columns>
      <Width>80</Width>
      <Heading>Total Points</Heading>
    </Columns>
    <Columns>
      <Width>60</Width>
      <Heading>Infamy</Heading>
    </Columns>
  </Listbox>
  <Label item="PvpLeaderboard_YourRankLabel">
    <ScreenID>PvpLeaderboard_YourRankLabel</ScreenID>
    <RelativePosition>true</RelativePosition>
    <AutoStretch>true</AutoStretch>
    <LeftAnchorOffset>8</LeftAnchorOffset>
    <TopAnchorOffset>67</TopAnchorOffset>
    <RightAnchorOffset>56</RightAnchorOffset>
    <BottomAnchorOffset>41</BottomAnchorOffset>
    <TopAnchorToTop>false</TopAnchorToTop>
    <BottomAnchorToTop>false</BottomAnchorToTop>
    <LeftAnchorToLeft>true</LeftAnchorToLeft>
    <RightAnchorToLeft>true</RightAnchorToLeft>
    <Text>99</Text>
    <TextColor>
      <R>255</R>
      <G>255</G>
      <B>0</B>
    </TextColor>
    <NoWrap>true</NoWrap>
    <AlignCenter>true</AlignCenter>
    <AlignRight>false</AlignRight>
  </Label>
  <Label item="PvpLeaderboard_YourNameLabel">
    <ScreenID>PvpLeaderboard_YourNameLabel</ScreenID>
    <RelativePosition>true</RelativePosition>
    <AutoStretch>true</AutoStretch>
    <LeftAnchorOffset>59</LeftAnchorOffset>
    <TopAnchorOffset>67</TopAnchorOffset>
    <RightAnchorOffset>179</RightAnchorOffset>
    <BottomAnchorOffset>41</BottomAnchorOffset>
    <TopAnchorToTop>false</TopAnchorToTop>
    <BottomAnchorToTop>false</BottomAnchorToTop>
    <LeftAnchorToLeft>true</LeftAnchorToLeft>
    <RightAnchorToLeft>true</RightAnchorToLeft>
    <Text>Name</Text>
    <TextColor>
      <R>255</R>
      <G>255</G>
      <B>0</B>
    </TextColor>
    <NoWrap>true</NoWrap>
    <AlignCenter>false</AlignCenter>
    <AlignRight>false</AlignRight>
  </Label>
  <Label item="PvpLeaderboard_YourKillsLabel">
    <ScreenID>PvpLeaderboard_YourKillsLabel</ScreenID>
    <RelativePosition>true</RelativePosition>
    <AutoStretch>true</AutoStretch>
    <LeftAnchorOffset>180</LeftAnchorOffset>
    <TopAnchorOffset>67</TopAnchorOffset>
    <RightAnchorOffset>238</RightAnchorOffset>
    <BottomAnchorOffset>41</BottomAnchorOffset>
    <TopAnchorToTop>false</TopAnchorToTop>
    <BottomAnchorToTop>false</BottomAnchorToTop>
    <LeftAnchorToLeft>true</LeftAnchorToLeft>
    <RightAnchorToLeft>true</RightAnchorToLeft>
    <Text>0</Text>
    <TextColor>
      <R>255</R>
      <G>255</G>
      <B>0</B>
    </TextColor>
    <NoWrap>true</NoWrap>
    <AlignCenter>true</AlignCenter>
    <AlignRight>false</AlignRight>
  </Label>
  <Label item="PvpLeaderboard_YourDeathsLabel">
    <ScreenID>PvpLeaderboard_YourDeathsLabel</ScreenID>
    <RelativePosition>true</RelativePosition>
    <AutoStretch>true</AutoStretch>
    <LeftAnchorOffset>240</LeftAnchorOffset>
    <TopAnchorOffset>67</TopAnchorOffset>
    <RightAnchorOffset>299</RightAnchorOffset>
    <BottomAnchorOffset>41</BottomAnchorOffset>
    <TopAnchorToTop>false</TopAnchorToTop>
    <BottomAnchorToTop>false</BottomAnchorToTop>
    <LeftAnchorToLeft>true</LeftAnchorToLeft>
    <RightAnchorToLeft>true</RightAnchorToLeft>
    <Text>0</Text>
    <TextColor>
      <R>255</R>
      <G>255</G>
      <B>0</B>
    </TextColor>
    <NoWrap>true</NoWrap>
    <AlignCenter>true</AlignCenter>
    <AlignRight>false</AlignRight>
  </Label>
  <Label item="PvpLeaderboard_YourPointsLabel">
    <ScreenID>PvpLeaderboard_YourPointsLabel</ScreenID>
    <RelativePosition>true</RelativePosition>
    <AutoStretch>true</AutoStretch>
    <LeftAnchorOffset>308</LeftAnchorOffset>
    <TopAnchorOffset>67</TopAnchorOffset>
    <RightAnchorOffset>369</RightAnchorOffset>
    <BottomAnchorOffset>41</BottomAnchorOffset>
    <TopAnchorToTop>false</TopAnchorToTop>
    <BottomAnchorToTop>false</BottomAnchorToTop>
    <LeftAnchorToLeft>true</LeftAnchorToLeft>
    <RightAnchorToLeft>true</RightAnchorToLeft>
    <Text>0</Text>
    <TextColor>
      <R>255</R>
      <G>255</G>
      <B>0</B>
    </TextColor>
    <NoWrap>true</NoWrap>
    <AlignCenter>true</AlignCenter>
    <AlignRight>false</AlignRight>
  </Label>
  <Label item="PvpLeaderboard_YourInfamyLabel">
    <ScreenID>PvpLeaderboard_YourInfamyLabel</ScreenID>
    <RelativePosition>true</RelativePosition>
    <AutoStretch>true</AutoStretch>
    <LeftAnchorOffset>376</LeftAnchorOffset>
    <TopAnchorOffset>67</TopAnchorOffset>
    <RightAnchorOffset>429</RightAnchorOffset>
    <BottomAnchorOffset>41</BottomAnchorOffset>
    <TopAnchorToTop>false</TopAnchorToTop>
    <BottomAnchorToTop>false</BottomAnchorToTop>
    <LeftAnchorToLeft>true</LeftAnchorToLeft>
    <RightAnchorToLeft>true</RightAnchorToLeft>
    <Text>0</Text>
    <TextColor>
      <R>255</R>
      <G>255</G>
      <B>0</B>
    </TextColor>
    <NoWrap>true</NoWrap>
    <AlignCenter>true</AlignCenter>
    <AlignRight>false</AlignRight>
  </Label>
  <!-- Refresh Button -->
  <Button item="PvpLeaderboard_RefreshButton">
    <ScreenID>PvpLeaderboard_RefreshButton</ScreenID>
    <RelativePosition>true</RelativePosition>
    <AutoStretch>true</AutoStretch>
    <LeftAnchorOffset>58</LeftAnchorOffset>
    <TopAnchorOffset>40</TopAnchorOffset>
    <RightAnchorOffset>178</RightAnchorOffset>
    <BottomAnchorOffset>5</BottomAnchorOffset>
    <TopAnchorToTop>false</TopAnchorToTop>
    <BottomAnchorToTop>false</BottomAnchorToTop>
    <LeftAnchorToLeft>true</LeftAnchorToLeft>
    <RightAnchorToLeft>true</RightAnchorToLeft>
    <Style_VScroll>false</Style_VScroll>
    <Style_HScroll>false</Style_HScroll>
    <Style_Transparent>false</Style_Transparent>
    <Style_Checkbox>false</Style_Checkbox>
    <Text>Refresh</Text>
    <TextColor>
      <R>255</R>
      <G>255</G>
      <B>255</B>
    </TextColor>
    <ButtonDrawTemplate>
      <Normal>A_BtnNormal</Normal>
      <Pressed>A_BtnPressed</Pressed>
      <Flyby>A_BtnFlyby</Flyby>
      <Disabled>A_BtnDisabled</Disabled>
      <PressedFlyby>A_BtnPressedFlyby</PressedFlyby>
    </ButtonDrawTemplate>
  </Button>
  <!-- Done Button -->
  <Button item="PvpLeaderboard_DoneButton">
    <ScreenID>PvpLeaderboard_DoneButton</ScreenID>
    <RelativePosition>true</RelativePosition>
    <AutoStretch>true</AutoStretch>
    <LeftAnchorOffset>238</LeftAnchorOffset>
    <TopAnchorOffset>40</TopAnchorOffset>
    <RightAnchorOffset>358</RightAnchorOffset>
    <BottomAnchorOffset>5</BottomAnchorOffset>
    <TopAnchorToTop>false</TopAnchorToTop>
    <BottomAnchorToTop>false</BottomAnchorToTop>
    <LeftAnchorToLeft>true</LeftAnchorToLeft>
    <RightAnchorToLeft>true</RightAnchorToLeft>
    <Style_VScroll>false</Style_VScroll>
    <Style_HScroll>false</Style_HScroll>
    <Style_Transparent>false</Style_Transparent>
    <Style_Checkbox>false</Style_Checkbox>
    <Text>Done</Text>
    <TextColor>
      <R>255</R>
      <G>255</G>
      <B>255</B>
    </TextColor>
    <ButtonDrawTemplate>
      <Normal>A_BtnNormal</Normal>
      <Pressed>A_BtnPressed</Pressed>
      <Flyby>A_BtnFlyby</Flyby>
      <Disabled>A_BtnDisabled</Disabled>
      <PressedFlyby>A_BtnPressedFlyby</PressedFlyby>
    </ButtonDrawTemplate>
  </Button>
  <!-- The PvP Leaderboard Window -->
  <Screen item="PvpLeaderboardWnd">
    <RelativePosition>false</RelativePosition>
    <Location>
      <X>200</X>
      <Y>200</Y>
    </Location>
    <Size>
      <CX>450</CX>
      <CY>385</CY>
    </Size>
    <Style_VScroll>false</Style_VScroll>
    <Style_HScroll>false</Style_HScroll>
    <Style_Transparent>false</Style_Transparent>
    <Text>Sparxx - PvP Leaderboard</Text>
    <DrawTemplate>WDT_Rounded</DrawTemplate>
    <Style_Titlebar>true</Style_Titlebar>
    <Style_Closebox>true</Style_Closebox>
    <Style_Minimizebox>true</Style_Minimizebox>
    <Style_Border>true</Style_Border>
    <Style_Sizable>true</Style_Sizable>
    <Pieces>PvpLeaderboard_SelectLabel</Pieces>
    <Pieces>PvpLeaderboard_LeaderList</Pieces>
    <Pieces>PvpLeaderboard_RefreshButton</Pieces>
    <Pieces>PvpLeaderboard_DoneButton</Pieces>
    <Pieces>PvpLeaderboard_SelectCombobox</Pieces>
    <Pieces>PvpLeaderboard_YourRankLabel</Pieces>
    <Pieces>PvpLeaderboard_YourNameLabel</Pieces>
    <Pieces>PvpLeaderboard_YourKillsLabel</Pieces>
    <Pieces>PvpLeaderboard_YourDeathsLabel</Pieces>
    <Pieces>PvpLeaderboard_YourPointsLabel</Pieces>
    <Pieces>PvpLeaderboard_YourInfamyLabel</Pieces>
    <Font>2</Font>
  </Screen>
</XML>