<?xml version="1.0" encoding="us-ascii"?>
<XML ID="EQInterfaceDefinitionLanguage">
  <Schema xmlns="EverQuestData" xmlns:dt="EverQuestDataTypes" />
  <Label item="GGW_Instructions">
    <ScreenID>GGW_Instructions</ScreenID>
    <!--<Font>3</Font>-->
    <RelativePosition>true</RelativePosition>
    <Location>
      <X>50</X>
      <Y>20</Y>
    </Location>
    <Size>
      <CX>300</CX>
      <CY>20</CY>
    </Size>
    <Text>Welcome to EQ Gems</Text>
    <TextColor>
      <R>255</R>
      <G>255</G>
      <B>255</B>
    </TextColor>
    <NoWrap>false</NoWrap>
    <AlignCenter>false</AlignCenter>
    <AlignRight>false</AlignRight>
  </Label>
  <Label item="GGW_Instructions2">
    <ScreenID>GGW_Instructions2</ScreenID>
    <!--<Font>3</Font>-->
    <RelativePosition>true</RelativePosition>
    <Location>
      <X>50</X>
      <Y>50</Y>
    </Location>
    <Size>
      <CX>300</CX>
      <CY>200</CY>
    </Size>
    <Text>Match 3 or more gems in a horizontal, vertical, or diagonal line to score points and remove those matching gems from play.  The more gems matched at once, the higher your score.  Match 4 or more blue gems to activate good special play modes, but only 3 or more red gems matched will activate bad special play modes.  The game ends when a column reaches the top of the playfield.</Text>
    <TextColor>
      <R>255</R>
      <G>255</G>
      <B>255</B>
    </TextColor>
    <NoWrap>false</NoWrap>
    <AlignCenter>false</AlignCenter>
    <AlignRight>false</AlignRight>
  </Label>
  <Label item="GGW_Instructions3">
    <ScreenID>GGW_Instructions3</ScreenID>
    <!--<Font>3</Font>-->
    <RelativePosition>true</RelativePosition>
    <Location>
      <X>50</X>
      <Y>180</Y>
    </Location>
    <Size>
      <CX>300</CX>
      <CY>20</CY>
    </Size>
    <Text>Click the Start button to play.</Text>
    <TextColor>
      <R>255</R>
      <G>255</G>
      <B>255</B>
    </TextColor>
    <NoWrap>false</NoWrap>
    <AlignCenter>false</AlignCenter>
    <AlignRight>false</AlignRight>
  </Label>
  <Label item="GGW_Score">
    <ScreenID>GGW_Score</ScreenID>
    <!--<Font>3</Font>-->
    <RelativePosition>true</RelativePosition>
    <Location>
      <X>405</X>
      <Y>5</Y>
    </Location>
    <Size>
      <CX>112</CX>
      <CY>14</CY>
    </Size>
    <Text>Score:</Text>
    <TextColor>
      <R>255</R>
      <G>255</G>
      <B>255</B>
    </TextColor>
    <NoWrap>true</NoWrap>
    <AlignCenter>false</AlignCenter>
    <AlignRight>false</AlignRight>
  </Label>
  <Label item="GGW_ScoreNbr">
    <ScreenID>GGW_ScoreNbr</ScreenID>
    <!--<Font>3</Font>-->
    <RelativePosition>true</RelativePosition>
    <Location>
      <X>405</X>
      <Y>22</Y>
    </Location>
    <Size>
      <CX>112</CX>
      <CY>14</CY>
    </Size>
    <Text>1234567890</Text>
    <TextColor>
      <R>255</R>
      <G>255</G>
      <B>255</B>
    </TextColor>
    <NoWrap>true</NoWrap>
    <AlignCenter>false</AlignCenter>
    <AlignRight>false</AlignRight>
  </Label>
  <Label item="GGW_Wave">
    <ScreenID>GGW_Wave</ScreenID>
    <!--<Font>3</Font>-->
    <RelativePosition>true</RelativePosition>
    <Location>
      <X>405</X>
      <Y>45</Y>
    </Location>
    <Size>
      <CX>50</CX>
      <CY>14</CY>
    </Size>
    <Text>Wave:</Text>
    <TextColor>
      <R>255</R>
      <G>255</G>
      <B>255</B>
    </TextColor>
    <NoWrap>true</NoWrap>
    <AlignCenter>false</AlignCenter>
    <AlignRight>false</AlignRight>
  </Label>
  <Label item="GGW_WaveNbr">
    <ScreenID>GGW_WaveNbr</ScreenID>
    <!--<Font>3</Font>-->
    <RelativePosition>true</RelativePosition>
    <Location>
      <X>445</X>
      <Y>45</Y>
    </Location>
    <Size>
      <CX>112</CX>
      <CY>14</CY>
    </Size>
    <Text>12345</Text>
    <TextColor>
      <R>255</R>
      <G>255</G>
      <B>255</B>
    </TextColor>
    <NoWrap>true</NoWrap>
    <AlignCenter>false</AlignCenter>
    <AlignRight>false</AlignRight>
  </Label>
  <Label item="GGW_Next">
    <ScreenID>GGW_Next</ScreenID>
    <!--<Font>3</Font>-->
    <RelativePosition>true</RelativePosition>
    <Location>
      <X>430</X>
      <Y>95</Y>
    </Location>
    <Size>
      <CX>112</CX>
      <CY>14</CY>
    </Size>
    <Text>NEXT</Text>
    <TextColor>
      <R>255</R>
      <G>255</G>
      <B>255</B>
    </TextColor>
    <NoWrap>true</NoWrap>
    <AlignCenter>false</AlignCenter>
    <AlignRight>false</AlignRight>
  </Label>
  <Label item="GGW_Special">
    <ScreenID>GGW_Special</ScreenID>
    <!--<Font>3</Font>-->
    <RelativePosition>true</RelativePosition>
    <Location>
      <X>420</X>
      <Y>240</Y>
    </Location>
    <Size>
      <CX>112</CX>
      <CY>14</CY>
    </Size>
    <Text>SPECIAL</Text>
    <TextColor>
      <R>255</R>
      <G>255</G>
      <B>255</B>
    </TextColor>
    <NoWrap>true</NoWrap>
    <AlignCenter>false</AlignCenter>
    <AlignRight>false</AlignRight>
  </Label>
  <Screen item="GGW_GameView">
    <ScreenID>GGW_GameView</ScreenID>
    <RelativePosition>true</RelativePosition>
    <Location>
      <X>0</X>
      <Y>0</Y>
    </Location>
    <Size>
      <CX>400</CX>
      <CY>394</CY>
    </Size>
    <Style_VScroll>false</Style_VScroll>
    <Style_HScroll>false</Style_HScroll>
    <Style_Transparent>false</Style_Transparent>
    <TooltipReference>Click here to pause and unpause the game.</TooltipReference>
    <DrawTemplate>WDT_Inner</DrawTemplate>
    <Style_Titlebar>false</Style_Titlebar>
    <Style_Closebox>false</Style_Closebox>
    <Style_Minimizebox>false</Style_Minimizebox>
    <Style_Border>true</Style_Border>
    <Style_Sizable>false</Style_Sizable>
  </Screen>
  <Label item="GGW_LargeWave">
    <ScreenID>GGW_LargeWave</ScreenID>
    <Font>5</Font>
    <RelativePosition>true</RelativePosition>
    <Location>
      <X>160</X>
      <Y>195</Y>
    </Location>
    <Size>
      <CX>70</CX>
      <CY>34</CY>
    </Size>
    <Text>Wave:</Text>
    <TextColor>
      <R>255</R>
      <G>2</G>
      <B>2</B>
    </TextColor>
    <NoWrap>true</NoWrap>
    <AlignCenter>false</AlignCenter>
    <AlignRight>false</AlignRight>
  </Label>
  <Label item="GGW_LargeWaveNbr">
    <ScreenID>GGW_LargeWaveNbr</ScreenID>
    <Font>5</Font>
    <RelativePosition>true</RelativePosition>
    <Location>
      <X>215</X>
      <Y>195</Y>
    </Location>
    <Size>
      <CX>112</CX>
      <CY>34</CY>
    </Size>
    <Text>12345</Text>
    <TextColor>
      <R>255</R>
      <G>2</G>
      <B>2</B>
    </TextColor>
    <NoWrap>true</NoWrap>
    <AlignCenter>false</AlignCenter>
    <AlignRight>false</AlignRight>
  </Label>
  <Label item="GGW_Paused">
    <ScreenID>GGW_Paused</ScreenID>
    <Font>5</Font>
    <RelativePosition>true</RelativePosition>
    <Location>
      <X>170</X>
      <Y>5</Y>
    </Location>
    <Size>
      <CX>70</CX>
      <CY>34</CY>
    </Size>
    <Text>PAUSED</Text>
    <TextColor>
      <R>255</R>
      <G>200</G>
      <B>2</B>
    </TextColor>
    <NoWrap>true</NoWrap>
    <AlignCenter>false</AlignCenter>
    <AlignRight>false</AlignRight>
  </Label>
  <Label item="GGW_GameOver">
    <ScreenID>GGW_GameOver</ScreenID>
    <Font>5</Font>
    <RelativePosition>true</RelativePosition>
    <Location>
      <X>160</X>
      <Y>5</Y>
    </Location>
    <Size>
      <CX>270</CX>
      <CY>34</CY>
    </Size>
    <Text>GAME OVER</Text>
    <TextColor>
      <R>2</R>
      <G>2</G>
      <B>255</B>
    </TextColor>
    <NoWrap>true</NoWrap>
    <AlignCenter>false</AlignCenter>
    <AlignRight>false</AlignRight>
  </Label>
  <Label item="GGW_HighScores">
    <ScreenID>GGW_HighScores</ScreenID>
    <Font>5</Font>
    <RelativePosition>true</RelativePosition>
    <Location>
      <X>0</X>
      <Y>5</Y>
    </Location>
    <Size>
      <CX>270</CX>
      <CY>34</CY>
    </Size>
    <Text>HIGH SCORES</Text>
    <TextColor>
      <R>255</R>
      <G>255</G>
      <B>255</B>
    </TextColor>
    <NoWrap>true</NoWrap>
    <AlignCenter>false</AlignCenter>
    <AlignRight>false</AlignRight>
  </Label>
  <Label item="GGW_ScoreHeader">
    <ScreenID>GGW_ScoreHeader</ScreenID>
    <Font>4</Font>
    <RelativePosition>true</RelativePosition>
    <Location>
      <X>200</X>
      <Y>35</Y>
    </Location>
    <Size>
      <CX>70</CX>
      <CY>34</CY>
    </Size>
    <Text>SCORE</Text>
    <TextColor>
      <R>255</R>
      <G>255</G>
      <B>255</B>
    </TextColor>
    <NoWrap>true</NoWrap>
    <AlignCenter>false</AlignCenter>
    <AlignRight>false</AlignRight>
  </Label>
  <Label item="GGW_WaveHeader">
    <ScreenID>GGW_WaveHeader</ScreenID>
    <Font>4</Font>
    <RelativePosition>true</RelativePosition>
    <Location>
      <X>320</X>
      <Y>35</Y>
    </Location>
    <Size>
      <CX>70</CX>
      <CY>34</CY>
    </Size>
    <Text>WAVE</Text>
    <TextColor>
      <R>255</R>
      <G>255</G>
      <B>255</B>
    </TextColor>
    <NoWrap>true</NoWrap>
    <AlignCenter>false</AlignCenter>
    <AlignRight>false</AlignRight>
  </Label>
  <Label item="GGW_HighName0">
    <ScreenID>GGW_HighName0</ScreenID>
    <Font>3</Font>
    <RelativePosition>true</RelativePosition>
    <Location>
      <X>20</X>
      <Y>65</Y>
    </Location>
    <Size>
      <CX>70</CX>
      <CY>14</CY>
    </Size>
    <Text>TESTNAME</Text>
    <TextColor>
      <R>255</R>
      <G>255</G>
      <B>255</B>
    </TextColor>
    <NoWrap>true</NoWrap>
    <AlignCenter>false</AlignCenter>
    <AlignRight>false</AlignRight>
  </Label>
  <Label item="GGW_HighScore0">
    <ScreenID>GGW_HighScore0</ScreenID>
    <Font>3</Font>
    <RelativePosition>true</RelativePosition>
    <Location>
      <X>200</X>
      <Y>65</Y>
    </Location>
    <Size>
      <CX>70</CX>
      <CY>14</CY>
    </Size>
    <Text>12345678</Text>
    <TextColor>
      <R>255</R>
      <G>255</G>
      <B>255</B>
    </TextColor>
    <NoWrap>true</NoWrap>
    <AlignCenter>false</AlignCenter>
    <AlignRight>false</AlignRight>
  </Label>
  <Label item="GGW_HighWave0">
    <ScreenID>GGW_HighWave0</ScreenID>
    <Font>3</Font>
    <RelativePosition>true</RelativePosition>
    <Location>
      <X>320</X>
      <Y>65</Y>
    </Location>
    <Size>
      <CX>70</CX>
      <CY>14</CY>
    </Size>
    <Text>1234</Text>
    <TextColor>
      <R>255</R>
      <G>255</G>
      <B>255</B>
    </TextColor>
    <NoWrap>true</NoWrap>
    <AlignCenter>false</AlignCenter>
    <AlignRight>false</AlignRight>
  </Label>
  <Label item="GGW_HighName1">
    <ScreenID>GGW_HighName1</ScreenID>
    <Font>3</Font>
    <RelativePosition>true</RelativePosition>
    <Location>
      <X>20</X>
      <Y>85</Y>
    </Location>
    <Size>
      <CX>70</CX>
      <CY>14</CY>
    </Size>
    <Text>TESTNAME</Text>
    <TextColor>
      <R>255</R>
      <G>255</G>
      <B>255</B>
    </TextColor>
    <NoWrap>true</NoWrap>
    <AlignCenter>false</AlignCenter>
    <AlignRight>false</AlignRight>
  </Label>
  <Label item="GGW_HighScore1">
    <ScreenID>GGW_HighScore1</ScreenID>
    <Font>3</Font>
    <RelativePosition>true</RelativePosition>
    <Location>
      <X>200</X>
      <Y>85</Y>
    </Location>
    <Size>
      <CX>70</CX>
      <CY>14</CY>
    </Size>
    <Text>12345678</Text>
    <TextColor>
      <R>255</R>
      <G>255</G>
      <B>255</B>
    </TextColor>
    <NoWrap>true</NoWrap>
    <AlignCenter>false</AlignCenter>
    <AlignRight>false</AlignRight>
  </Label>
  <Label item="GGW_HighWave1">
    <ScreenID>GGW_HighWave1</ScreenID>
    <Font>3</Font>
    <RelativePosition>true</RelativePosition>
    <Location>
      <X>320</X>
      <Y>85</Y>
    </Location>
    <Size>
      <CX>70</CX>
      <CY>14</CY>
    </Size>
    <Text>1234</Text>
    <TextColor>
      <R>255</R>
      <G>255</G>
      <B>255</B>
    </TextColor>
    <NoWrap>true</NoWrap>
    <AlignCenter>false</AlignCenter>
    <AlignRight>false</AlignRight>
  </Label>
  <Label item="GGW_HighName2">
    <ScreenID>GGW_HighName2</ScreenID>
    <Font>3</Font>
    <RelativePosition>true</RelativePosition>
    <Location>
      <X>20</X>
      <Y>105</Y>
    </Location>
    <Size>
      <CX>70</CX>
      <CY>14</CY>
    </Size>
    <Text>TESTNAME</Text>
    <TextColor>
      <R>255</R>
      <G>255</G>
      <B>255</B>
    </TextColor>
    <NoWrap>true</NoWrap>
    <AlignCenter>false</AlignCenter>
    <AlignRight>false</AlignRight>
  </Label>
  <Label item="GGW_HighScore2">
    <ScreenID>GGW_HighScore2</ScreenID>
    <Font>3</Font>
    <RelativePosition>true</RelativePosition>
    <Location>
      <X>200</X>
      <Y>105</Y>
    </Location>
    <Size>
      <CX>70</CX>
      <CY>14</CY>
    </Size>
    <Text>12345678</Text>
    <TextColor>
      <R>255</R>
      <G>255</G>
      <B>255</B>
    </TextColor>
    <NoWrap>true</NoWrap>
    <AlignCenter>false</AlignCenter>
    <AlignRight>false</AlignRight>
  </Label>
  <Label item="GGW_HighWave2">
    <ScreenID>GGW_HighWave2</ScreenID>
    <Font>3</Font>
    <RelativePosition>true</RelativePosition>
    <Location>
      <X>320</X>
      <Y>105</Y>
    </Location>
    <Size>
      <CX>70</CX>
      <CY>14</CY>
    </Size>
    <Text>1234</Text>
    <TextColor>
      <R>255</R>
      <G>255</G>
      <B>255</B>
    </TextColor>
    <NoWrap>true</NoWrap>
    <AlignCenter>false</AlignCenter>
    <AlignRight>false</AlignRight>
  </Label>
  <Label item="GGW_HighName3">
    <ScreenID>GGW_HighName3</ScreenID>
    <Font>3</Font>
    <RelativePosition>true</RelativePosition>
    <Location>
      <X>20</X>
      <Y>125</Y>
    </Location>
    <Size>
      <CX>70</CX>
      <CY>14</CY>
    </Size>
    <Text>TESTNAME</Text>
    <TextColor>
      <R>255</R>
      <G>255</G>
      <B>255</B>
    </TextColor>
    <NoWrap>true</NoWrap>
    <AlignCenter>false</AlignCenter>
    <AlignRight>false</AlignRight>
  </Label>
  <Label item="GGW_HighScore3">
    <ScreenID>GGW_HighScore3</ScreenID>
    <Font>3</Font>
    <RelativePosition>true</RelativePosition>
    <Location>
      <X>200</X>
      <Y>125</Y>
    </Location>
    <Size>
      <CX>70</CX>
      <CY>14</CY>
    </Size>
    <Text>12345678</Text>
    <TextColor>
      <R>255</R>
      <G>255</G>
      <B>255</B>
    </TextColor>
    <NoWrap>true</NoWrap>
    <AlignCenter>false</AlignCenter>
    <AlignRight>false</AlignRight>
  </Label>
  <Label item="GGW_HighWave3">
    <ScreenID>GGW_HighWave3</ScreenID>
    <Font>3</Font>
    <RelativePosition>true</RelativePosition>
    <Location>
      <X>320</X>
      <Y>125</Y>
    </Location>
    <Size>
      <CX>70</CX>
      <CY>14</CY>
    </Size>
    <Text>1234</Text>
    <TextColor>
      <R>255</R>
      <G>255</G>
      <B>255</B>
    </TextColor>
    <NoWrap>true</NoWrap>
    <AlignCenter>false</AlignCenter>
    <AlignRight>false</AlignRight>
  </Label>
  <Label item="GGW_HighName4">
    <ScreenID>GGW_HighName4</ScreenID>
    <Font>3</Font>
    <RelativePosition>true</RelativePosition>
    <Location>
      <X>20</X>
      <Y>145</Y>
    </Location>
    <Size>
      <CX>70</CX>
      <CY>14</CY>
    </Size>
    <Text>TESTNAME</Text>
    <TextColor>
      <R>255</R>
      <G>255</G>
      <B>255</B>
    </TextColor>
    <NoWrap>true</NoWrap>
    <AlignCenter>false</AlignCenter>
    <AlignRight>false</AlignRight>
  </Label>
  <Label item="GGW_HighScore4">
    <ScreenID>GGW_HighScore4</ScreenID>
    <Font>3</Font>
    <RelativePosition>true</RelativePosition>
    <Location>
      <X>200</X>
      <Y>145</Y>
    </Location>
    <Size>
      <CX>70</CX>
      <CY>14</CY>
    </Size>
    <Text>12345678</Text>
    <TextColor>
      <R>255</R>
      <G>255</G>
      <B>255</B>
    </TextColor>
    <NoWrap>true</NoWrap>
    <AlignCenter>false</AlignCenter>
    <AlignRight>false</AlignRight>
  </Label>
  <Label item="GGW_HighWave4">
    <ScreenID>GGW_HighWave4</ScreenID>
    <Font>3</Font>
    <RelativePosition>true</RelativePosition>
    <Location>
      <X>320</X>
      <Y>145</Y>
    </Location>
    <Size>
      <CX>70</CX>
      <CY>14</CY>
    </Size>
    <Text>1234</Text>
    <TextColor>
      <R>255</R>
      <G>255</G>
      <B>255</B>
    </TextColor>
    <NoWrap>true</NoWrap>
    <AlignCenter>false</AlignCenter>
    <AlignRight>false</AlignRight>
  </Label>
  <Label item="GGW_HighName5">
    <ScreenID>GGW_HighName5</ScreenID>
    <Font>3</Font>
    <RelativePosition>true</RelativePosition>
    <Location>
      <X>20</X>
      <Y>165</Y>
    </Location>
    <Size>
      <CX>70</CX>
      <CY>14</CY>
    </Size>
    <Text>TESTNAME</Text>
    <TextColor>
      <R>255</R>
      <G>255</G>
      <B>255</B>
    </TextColor>
    <NoWrap>true</NoWrap>
    <AlignCenter>false</AlignCenter>
    <AlignRight>false</AlignRight>
  </Label>
  <Label item="GGW_HighScore5">
    <ScreenID>GGW_HighScore5</ScreenID>
    <Font>3</Font>
    <RelativePosition>true</RelativePosition>
    <Location>
      <X>200</X>
      <Y>165</Y>
    </Location>
    <Size>
      <CX>70</CX>
      <CY>14</CY>
    </Size>
    <Text>12345678</Text>
    <TextColor>
      <R>255</R>
      <G>255</G>
      <B>255</B>
    </TextColor>
    <NoWrap>true</NoWrap>
    <AlignCenter>false</AlignCenter>
    <AlignRight>false</AlignRight>
  </Label>
  <Label item="GGW_HighWave5">
    <ScreenID>GGW_HighWave5</ScreenID>
    <Font>3</Font>
    <RelativePosition>true</RelativePosition>
    <Location>
      <X>320</X>
      <Y>165</Y>
    </Location>
    <Size>
      <CX>70</CX>
      <CY>14</CY>
    </Size>
    <Text>1234</Text>
    <TextColor>
      <R>255</R>
      <G>255</G>
      <B>255</B>
    </TextColor>
    <NoWrap>true</NoWrap>
    <AlignCenter>false</AlignCenter>
    <AlignRight>false</AlignRight>
  </Label>
  <Label item="GGW_HighName6">
    <ScreenID>GGW_HighName6</ScreenID>
    <Font>3</Font>
    <RelativePosition>true</RelativePosition>
    <Location>
      <X>20</X>
      <Y>185</Y>
    </Location>
    <Size>
      <CX>70</CX>
      <CY>14</CY>
    </Size>
    <Text>TESTNAME</Text>
    <TextColor>
      <R>255</R>
      <G>255</G>
      <B>255</B>
    </TextColor>
    <NoWrap>true</NoWrap>
    <AlignCenter>false</AlignCenter>
    <AlignRight>false</AlignRight>
  </Label>
  <Label item="GGW_HighScore6">
    <ScreenID>GGW_HighScore6</ScreenID>
    <Font>3</Font>
    <RelativePosition>true</RelativePosition>
    <Location>
      <X>200</X>
      <Y>185</Y>
    </Location>
    <Size>
      <CX>70</CX>
      <CY>14</CY>
    </Size>
    <Text>12345678</Text>
    <TextColor>
      <R>255</R>
      <G>255</G>
      <B>255</B>
    </TextColor>
    <NoWrap>true</NoWrap>
    <AlignCenter>false</AlignCenter>
    <AlignRight>false</AlignRight>
  </Label>
  <Label item="GGW_HighWave6">
    <ScreenID>GGW_HighWave6</ScreenID>
    <Font>3</Font>
    <RelativePosition>true</RelativePosition>
    <Location>
      <X>320</X>
      <Y>185</Y>
    </Location>
    <Size>
      <CX>70</CX>
      <CY>14</CY>
    </Size>
    <Text>1234</Text>
    <TextColor>
      <R>255</R>
      <G>255</G>
      <B>255</B>
    </TextColor>
    <NoWrap>true</NoWrap>
    <AlignCenter>false</AlignCenter>
    <AlignRight>false</AlignRight>
  </Label>
  <Label item="GGW_HighName7">
    <ScreenID>GGW_HighName7</ScreenID>
    <Font>3</Font>
    <RelativePosition>true</RelativePosition>
    <Location>
      <X>20</X>
      <Y>205</Y>
    </Location>
    <Size>
      <CX>70</CX>
      <CY>14</CY>
    </Size>
    <Text>TESTNAME</Text>
    <TextColor>
      <R>255</R>
      <G>255</G>
      <B>255</B>
    </TextColor>
    <NoWrap>true</NoWrap>
    <AlignCenter>false</AlignCenter>
    <AlignRight>false</AlignRight>
  </Label>
  <Label item="GGW_HighScore7">
    <ScreenID>GGW_HighScore7</ScreenID>
    <Font>3</Font>
    <RelativePosition>true</RelativePosition>
    <Location>
      <X>200</X>
      <Y>205</Y>
    </Location>
    <Size>
      <CX>70</CX>
      <CY>14</CY>
    </Size>
    <Text>12345678</Text>
    <TextColor>
      <R>255</R>
      <G>255</G>
      <B>255</B>
    </TextColor>
    <NoWrap>true</NoWrap>
    <AlignCenter>false</AlignCenter>
    <AlignRight>false</AlignRight>
  </Label>
  <Label item="GGW_HighWave7">
    <ScreenID>GGW_HighWave7</ScreenID>
    <Font>3</Font>
    <RelativePosition>true</RelativePosition>
    <Location>
      <X>320</X>
      <Y>205</Y>
    </Location>
    <Size>
      <CX>70</CX>
      <CY>14</CY>
    </Size>
    <Text>1234</Text>
    <TextColor>
      <R>255</R>
      <G>255</G>
      <B>255</B>
    </TextColor>
    <NoWrap>true</NoWrap>
    <AlignCenter>false</AlignCenter>
    <AlignRight>false</AlignRight>
  </Label>
  <Label item="GGW_HighName8">
    <ScreenID>GGW_HighName8</ScreenID>
    <Font>3</Font>
    <RelativePosition>true</RelativePosition>
    <Location>
      <X>20</X>
      <Y>225</Y>
    </Location>
    <Size>
      <CX>70</CX>
      <CY>14</CY>
    </Size>
    <Text>TESTNAME</Text>
    <TextColor>
      <R>255</R>
      <G>255</G>
      <B>255</B>
    </TextColor>
    <NoWrap>true</NoWrap>
    <AlignCenter>false</AlignCenter>
    <AlignRight>false</AlignRight>
  </Label>
  <Label item="GGW_HighScore8">
    <ScreenID>GGW_HighScore8</ScreenID>
    <Font>3</Font>
    <RelativePosition>true</RelativePosition>
    <Location>
      <X>200</X>
      <Y>225</Y>
    </Location>
    <Size>
      <CX>70</CX>
      <CY>14</CY>
    </Size>
    <Text>12345678</Text>
    <TextColor>
      <R>255</R>
      <G>255</G>
      <B>255</B>
    </TextColor>
    <NoWrap>true</NoWrap>
    <AlignCenter>false</AlignCenter>
    <AlignRight>false</AlignRight>
  </Label>
  <Label item="GGW_HighWave8">
    <ScreenID>GGW_HighWave8</ScreenID>
    <Font>3</Font>
    <RelativePosition>true</RelativePosition>
    <Location>
      <X>320</X>
      <Y>225</Y>
    </Location>
    <Size>
      <CX>70</CX>
      <CY>14</CY>
    </Size>
    <Text>1234</Text>
    <TextColor>
      <R>255</R>
      <G>255</G>
      <B>255</B>
    </TextColor>
    <NoWrap>true</NoWrap>
    <AlignCenter>false</AlignCenter>
    <AlignRight>false</AlignRight>
  </Label>
  <Label item="GGW_HighName9">
    <ScreenID>GGW_HighName9</ScreenID>
    <Font>3</Font>
    <RelativePosition>true</RelativePosition>
    <Location>
      <X>20</X>
      <Y>245</Y>
    </Location>
    <Size>
      <CX>70</CX>
      <CY>14</CY>
    </Size>
    <Text>TESTNAME</Text>
    <TextColor>
      <R>255</R>
      <G>255</G>
      <B>255</B>
    </TextColor>
    <NoWrap>true</NoWrap>
    <AlignCenter>false</AlignCenter>
    <AlignRight>false</AlignRight>
  </Label>
  <Label item="GGW_HighScore9">
    <ScreenID>GGW_HighScore9</ScreenID>
    <Font>3</Font>
    <RelativePosition>true</RelativePosition>
    <Location>
      <X>200</X>
      <Y>245</Y>
    </Location>
    <Size>
      <CX>70</CX>
      <CY>14</CY>
    </Size>
    <Text>12345678</Text>
    <TextColor>
      <R>255</R>
      <G>255</G>
      <B>255</B>
    </TextColor>
    <NoWrap>true</NoWrap>
    <AlignCenter>false</AlignCenter>
    <AlignRight>false</AlignRight>
  </Label>
  <Label item="GGW_HighWave9">
    <ScreenID>GGW_HighWave9</ScreenID>
    <Font>3</Font>
    <RelativePosition>true</RelativePosition>
    <Location>
      <X>320</X>
      <Y>245</Y>
    </Location>
    <Size>
      <CX>70</CX>
      <CY>14</CY>
    </Size>
    <Text>1234</Text>
    <TextColor>
      <R>255</R>
      <G>255</G>
      <B>255</B>
    </TextColor>
    <NoWrap>true</NoWrap>
    <AlignCenter>false</AlignCenter>
    <AlignRight>false</AlignRight>
  </Label>
  <Button item="GGW_StartButton">
    <ScreenID>GGW_StartButton</ScreenID>
    <!--<Font>3</Font>-->
    <RelativePosition>true</RelativePosition>
    <Location>
      <X>405</X>
      <Y>330</Y>
    </Location>
    <Size>
      <CX>82</CX>
      <CY>24</CY>
    </Size>
    <Style_Transparent>false</Style_Transparent>
    <!--<TooltipReference/>-->
    <Style_Checkbox>false</Style_Checkbox>
    <!--<RadioGroup/>-->
    <Text>Start</Text>
    <TextColor>
      <R>255</R>
      <G>255</G>
      <B>255</B>
    </TextColor>
    <Template>BDT_Normal</Template>
  </Button>
  <Button item="GGW_DoneButton">
    <ScreenID>GGW_DoneButton</ScreenID>
    <!--<Font>3</Font>-->
    <RelativePosition>true</RelativePosition>
    <Location>
      <X>405</X>
      <Y>370</Y>
    </Location>
    <Size>
      <CX>82</CX>
      <CY>24</CY>
    </Size>
    <Style_Transparent>false</Style_Transparent>
    <!--<TooltipReference/>-->
    <Style_Checkbox>false</Style_Checkbox>
    <!--<RadioGroup/>-->
    <Text>Done</Text>
    <TextColor>
      <R>255</R>
      <G>255</G>
      <B>255</B>
    </TextColor>
    <Template>BDT_Normal</Template>
  </Button>
  <!-- THIS DETERMINES WHAT THE GEMS IN THIS MINI GAME LOOK LIKE -->
  <SpellGem item="GGW_SpellGem">
    <ScreenID>GGW_SpellGem</ScreenID>
    <RelativePosition>true</RelativePosition>
    <Location>
      <X>5</X>
      <Y>5</Y>
    </Location>
    <Size>
      <CX>38</CX>
      <!-- was 40 -->
      <CY>30</CY>
      <!-- was 32 -->
    </Size>
    <SpellGemDrawTemplate>
      <Holder>A_SpellGemHolder</Holder>
      <Background>A_SpellGemBackground</Background>
      <Highlight>A_SpellGemHighlight</Highlight>
    </SpellGemDrawTemplate>
    <SpellIconOffsetX>7</SpellIconOffsetX>
    <!-- was 8 -->
    <SpellIconOffsetY>3</SpellIconOffsetY>
    <!-- was 4 -->
  </SpellGem>
  <Screen item="GemsGameWnd">
    <!--<ScreenID/>-->
    <RelativePosition>false</RelativePosition>
    <Location>
      <X>50</X>
      <Y>50</Y>
    </Location>
    <Size>
      <CX>500</CX>
      <CY>420</CY>
    </Size>
    <Text>Sparxx - Gems</Text>
    <Style_VScroll>false</Style_VScroll>
    <Style_HScroll>false</Style_HScroll>
    <Style_Transparent>false</Style_Transparent>
    <TooltipReference>Gems</TooltipReference>
    <DrawTemplate>WDT_Rounded</DrawTemplate>
    <Style_Titlebar>true</Style_Titlebar>
    <Style_Closebox>true</Style_Closebox>
    <Style_Minimizebox>false</Style_Minimizebox>
    <Style_Border>true</Style_Border>
    <Style_Sizable>false</Style_Sizable>
    <Pieces>GGW_SpellGem</Pieces>
    <Pieces>GGW_Score</Pieces>
    <Pieces>GGW_ScoreNbr</Pieces>
    <Pieces>GGW_Wave</Pieces>
    <Pieces>GGW_WaveNbr</Pieces>
    <Pieces>GGW_Next</Pieces>
    <Pieces>GGW_Special</Pieces>
    <Pieces>GGW_GameView</Pieces>
    <Pieces>GGW_LargeWave</Pieces>
    <Pieces>GGW_LargeWaveNbr</Pieces>
    <Pieces>GGW_Paused</Pieces>
    <Pieces>GGW_GameOver</Pieces>
    <Pieces>GGW_HighScores</Pieces>
    <Pieces>GGW_ScoreHeader</Pieces>
    <Pieces>GGW_WaveHeader</Pieces>
    <Pieces>GGW_HighName0</Pieces>
    <Pieces>GGW_HighScore0</Pieces>
    <Pieces>GGW_HighWave0</Pieces>
    <Pieces>GGW_HighName1</Pieces>
    <Pieces>GGW_HighScore1</Pieces>
    <Pieces>GGW_HighWave1</Pieces>
    <Pieces>GGW_HighName2</Pieces>
    <Pieces>GGW_HighScore2</Pieces>
    <Pieces>GGW_HighWave2</Pieces>
    <Pieces>GGW_HighName3</Pieces>
    <Pieces>GGW_HighScore3</Pieces>
    <Pieces>GGW_HighWave3</Pieces>
    <Pieces>GGW_HighName4</Pieces>
    <Pieces>GGW_HighScore4</Pieces>
    <Pieces>GGW_HighWave4</Pieces>
    <Pieces>GGW_HighName5</Pieces>
    <Pieces>GGW_HighScore5</Pieces>
    <Pieces>GGW_HighWave5</Pieces>
    <Pieces>GGW_HighName6</Pieces>
    <Pieces>GGW_HighScore6</Pieces>
    <Pieces>GGW_HighWave6</Pieces>
    <Pieces>GGW_HighName7</Pieces>
    <Pieces>GGW_HighScore7</Pieces>
    <Pieces>GGW_HighWave7</Pieces>
    <Pieces>GGW_HighName8</Pieces>
    <Pieces>GGW_HighScore8</Pieces>
    <Pieces>GGW_HighWave8</Pieces>
    <Pieces>GGW_HighName9</Pieces>
    <Pieces>GGW_HighScore9</Pieces>
    <Pieces>GGW_HighWave9</Pieces>
    <Pieces>GGW_StartButton</Pieces>
    <Pieces>GGW_DoneButton</Pieces>
    <Pieces>GGW_Instructions</Pieces>
    <Pieces>GGW_Instructions2</Pieces>
    <Pieces>GGW_Instructions3</Pieces>
    <Font>2</Font>
  </Screen>
</XML>