<?xml version="1.0" encoding="us-ascii"?>
<XML ID="EQInterfaceDefinitionLanguage">
  <Schema xmlns="EverQuestData" xmlns:dt="EverQuestDataTypes" />
  <Button item="GM_AcceptButton">
    <ScreenID>GM_AcceptButton</ScreenID>
    <RelativePosition>true</RelativePosition>
    <Location>
      <X>158</X>
      <Y>21</Y>
    </Location>
    <Size>
      <CX>37</CX>
      <CY>17</CY>
    </Size>
    <Style_VScroll>false</Style_VScroll>
    <Style_HScroll>false</Style_HScroll>
    <Style_Transparent>false</Style_Transparent>
    <Style_Checkbox>false</Style_Checkbox>
    <Text>Accept</Text>
    <TextColor>
      <R>255</R>
      <G>255</G>
      <B>0</B>
    </TextColor>
    <ButtonDrawTemplate>
      <Normal>A_BtnNormal</Normal>
      <Pressed>A_BtnPressed</Pressed>
      <Flyby>A_BtnFlyby</Flyby>
      <Disabled>A_BtnDisabled</Disabled>
      <PressedFlyby>A_BtnPressedFlyby</PressedFlyby>
    </ButtonDrawTemplate>
    <Font>2</Font>
  </Button>
  <Label item="CopyOfCopyOfGeneric Label">
    <ScreenID>A_Label</ScreenID>
    <Font>2</Font>
    <Text>Sharing XP%</Text>
    <TextColor>
      <R>255</R>
      <G>255</G>
      <B>255</B>
    </TextColor>
    <Size>
      <CX>65</CX>
      <CY>15</CY>
    </Size>
    <AlignCenter>false</AlignCenter>
    <Location>
      <X>2</X>
      <Y>1</Y>
    </Location>
  </Label>
  <Label item="CopyOfGeneric Label">
    <ScreenID>A_Label</ScreenID>
    <Font>2</Font>
    <Text>Protege</Text>
    <TextColor>
      <R>255</R>
      <G>255</G>
      <B>255</B>
    </TextColor>
    <Size>
      <CX>39</CX>
      <CY>15</CY>
    </Size>
    <AlignCenter>false</AlignCenter>
    <Location>
      <X>2</X>
      <Y>22</Y>
    </Location>
  </Label>
  <Combobox item="GM_SelectPlayer">
    <ScreenID>GM_SelectPlayer</ScreenID>
    <DrawTemplate>WDT_Inner</DrawTemplate>
    <TooltipReference>Select group member to mentor</TooltipReference>
    <Location>
      <X>41</X>
      <Y>21</Y>
    </Location>
    <Size>
      <CX>110</CX>
      <CY>17</CY>
    </Size>
    <TextColor>
      <R>255</R>
      <G>255</G>
      <B>255</B>
    </TextColor>
    <ListHeight>80</ListHeight>
    <Button>BDT_Combo</Button>
    <Style_Border>true</Style_Border>
    <Font>2</Font>
  </Combobox>
  <Slider item="GM_Slider">
    <ScreenID>GM_Slider</ScreenID>
    <!--<Font>3</Font>-->
    <RelativePosition>true</RelativePosition>
    <Location>
      <X>67</X>
      <Y>-2</Y>
    </Location>
    <Size>
      <CX>93</CX>
      <CY>20</CY>
    </Size>
    <SliderArt>SDT_DefSlider</SliderArt>
    <Font>2</Font>
  </Slider>
  <Editbox item="GM_SliderInput">
    <ScreenID>GM_SliderInput</ScreenID>
    <DrawTemplate>WDT_Inner</DrawTemplate>
    <RelativePosition>true</RelativePosition>
    <Style_Border>true</Style_Border>
    <Location>
      <X>163</X>
      <Y>0</Y>
    </Location>
    <Size>
      <CX>32</CX>
      <CY>17</CY>
    </Size>
    <TextColor>
      <R>255</R>
      <G>255</G>
      <B>255</B>
    </TextColor>
    <Font>2</Font>
  </Editbox>
  <Screen item="GroupMentorWindow">
    <!--<ScreenID/>-->
    <RelativePosition>false</RelativePosition>
    <Location>
      <X>200</X>
      <Y>200</Y>
    </Location>
    <Size>
      <CX>207</CX>
      <CY>62</CY>
    </Size>
    <Style_VScroll>false</Style_VScroll>
    <Style_HScroll>false</Style_HScroll>
    <Style_Transparent>false</Style_Transparent>
    <Style_Sizable>true</Style_Sizable>
    <!--<TooltipReference/>-->
    <Text>Sparxx - Group Mentoring</Text>
    <DrawTemplate>WDT_Rounded</DrawTemplate>
    <Style_Titlebar>true</Style_Titlebar>
    <Style_Closebox>true</Style_Closebox>
    <Style_Minimizebox>true</Style_Minimizebox>
    <Style_Border>true</Style_Border>
    <Style_Sizable>false</Style_Sizable>
    <Pieces>GM_AcceptButton</Pieces>
    <Pieces>GM_Slider</Pieces>
    <Pieces>GM_SliderInput</Pieces>
    <Pieces>CopyOfGeneric Label</Pieces>
    <Pieces>CopyOfCopyOfGeneric Label</Pieces>
    <Pieces>GM_SelectPlayer</Pieces>
    <Font>2</Font>
  </Screen>
</XML>