<?xml version="1.0" encoding="us-ascii"?>
<XML ID="EQInterfaceDefinitionLanguage">
  <Schema xmlns="EverQuestData" xmlns:dt="EverQuestDataTypes" />
  <Label item="AMW_AggroTargetNameLabel">
    <ScreenID>AMW_AggroTargetNameLabel</ScreenID>
    <RelativePosition>true</RelativePosition>
    <Text>Mob Name Here</Text>
    <TextColor>
      <R>255</R>
      <G>255</G>
      <B>255</B>
    </TextColor>
    <NoWrap>true</NoWrap>
    <AlignCenter>False</AlignCenter>
    <Font>2</Font>
    <EQType>302</EQType>
    <AutoStretch>False</AutoStretch>
    <TopAnchorOffset>2</TopAnchorOffset>
    <BottomAnchorOffset>15</BottomAnchorOffset>
    <RightAnchorToLeft>false</RightAnchorToLeft>
    <LeftAnchorOffset>2</LeftAnchorOffset>
    <RightAnchorOffset>2</RightAnchorOffset>
    <Style_Tooltip>false</Style_Tooltip>
    <Size>
      <CX>132</CX>
      <CY>14</CY>
    </Size>
    <BottomAnchorToTop>False</BottomAnchorToTop>
    <LeftAnchorToLeft>False</LeftAnchorToLeft>
    <TopAnchorToTop>False</TopAnchorToTop>
    <Location>
      <X>2</X>
      <Y>-1</Y>
    </Location>
  </Label>
  <Gauge item="AMW_AggroGauge">
    <ScreenID>AMW_AggroGauge</ScreenID>
    <TextColor>
      <R>255</R>
      <G>255</G>
      <B>255</B>
    </TextColor>
    <RelativePosition>true</RelativePosition>
    <FillTint>
      <R>255</R>
      <G>0</G>
      <B>100</B>
      <Alpha>255</Alpha>
    </FillTint>
    <EQType>149</EQType>
    <GaugeDrawTemplate>
      <Fill>A_GaugeFill</Fill>
      <EndCapLeft>A_GaugeEndCapLeft</EndCapLeft>
      <EndCapRight>A_GaugeEndCapRight</EndCapRight>
      <Background>A_GaugeBackground</Background>
    </GaugeDrawTemplate>
    <AutoStretch>False</AutoStretch>
    <GaugeOffsetY>-1</GaugeOffsetY>
    <TopAnchorOffset>17</TopAnchorOffset>
    <BottomAnchorOffset>37</BottomAnchorOffset>
    <RightAnchorToLeft>false</RightAnchorToLeft>
    <LeftAnchorOffset>0</LeftAnchorOffset>
    <RightAnchorOffset>0</RightAnchorOffset>
    <Size>
      <CX>102</CX>
      <CY>8</CY>
    </Size>
    <GaugeOffsetX>-3</GaugeOffsetX>
    <Location>
      <X>2</X>
      <Y>15</Y>
    </Location>
    <BottomAnchorToTop>True</BottomAnchorToTop>
    <LeftAnchorToLeft>True</LeftAnchorToLeft>
    <TopAnchorToTop>True</TopAnchorToTop>
    <TooltipReference>(Your Aggro)</TooltipReference>
  </Gauge>
  <Label item="AMW_AggroGaugeLabel">
    <ScreenID>AMW_AggroGaugeLabel</ScreenID>
    <RelativePosition>true</RelativePosition>
    <Text>100</Text>
    <TextColor>
      <R>255</R>
      <G>255</G>
      <B>255</B>
    </TextColor>
    <NoWrap>true</NoWrap>
    <AlignCenter>False</AlignCenter>
    <Font>2</Font>
    <EQType>305</EQType>
    <AutoStretch>False</AutoStretch>
    <TopAnchorOffset>22</TopAnchorOffset>
    <BottomAnchorOffset>49</BottomAnchorOffset>
    <RightAnchorToLeft>false</RightAnchorToLeft>
    <Style_Tooltip>false</Style_Tooltip>
    <LeftAnchorOffset>3</LeftAnchorOffset>
    <RightAnchorOffset>-3</RightAnchorOffset>
    <Size>
      <CX>20</CX>
      <CY>13</CY>
    </Size>
    <LeftAnchorToLeft>False</LeftAnchorToLeft>
    <BottomAnchorToTop>False</BottomAnchorToTop>
    <TopAnchorToTop>False</TopAnchorToTop>
    <Location>
      <X>103</X>
      <Y>11</Y>
    </Location>
    <AlignRight>true</AlignRight>
  </Label>
  <Label item="AMW_AggroGaugePercLabel">
    <ScreenID>AMW_AggroGaugePercLabel</ScreenID>
    <RelativePosition>true</RelativePosition>
    <Text>%</Text>
    <TextColor>
      <R>255</R>
      <G>255</G>
      <B>255</B>
    </TextColor>
    <NoWrap>true</NoWrap>
    <AlignCenter>true</AlignCenter>
    <Font>2</Font>
    <AutoStretch>False</AutoStretch>
    <TopAnchorOffset>20</TopAnchorOffset>
    <BottomAnchorOffset>35</BottomAnchorOffset>
    <LeftAnchorOffset>25</LeftAnchorOffset>
    <RightAnchorToLeft>false</RightAnchorToLeft>
    <Style_Tooltip>false</Style_Tooltip>
    <RightAnchorOffset>1</RightAnchorOffset>
    <Size>
      <CX>14</CX>
      <CY>13</CY>
    </Size>
    <BottomAnchorToTop>False</BottomAnchorToTop>
    <LeftAnchorToLeft>False</LeftAnchorToLeft>
    <Location>
      <X>121</X>
      <Y>11</Y>
    </Location>
  </Label>
  <Label item="AMW_AggroMostHatedPercLabel">
    <ScreenID>AMW_AggroMostHatedPercLabel</ScreenID>
    <RelativePosition>true</RelativePosition>
    <Location>
      <X>225</X>
      <Y>6</Y>
    </Location>
    <Size>
      <CX>19</CX>
      <CY>14</CY>
    </Size>
    <Text>100</Text>
    <TextColor>
      <R>255</R>
      <G>255</G>
      <B>255</B>
    </TextColor>
    <EQType>307</EQType>
    <NoWrap>true</NoWrap>
    <AlignCenter>false</AlignCenter>
    <AlignRight>false</AlignRight>
    <Font>2</Font>
  </Label>
  <Label item="AMW_AggroMostHatedNameLabel">
    <ScreenID>AMW_AggroMostHatedNameLabel</ScreenID>
    <RelativePosition>true</RelativePosition>
    <Location>
      <X>137</X>
      <Y>6</Y>
    </Location>
    <Size>
      <CX>85</CX>
      <CY>15</CY>
    </Size>
    <Text>Player Name</Text>
    <TextColor>
      <R>255</R>
      <G>255</G>
      <B>255</B>
    </TextColor>
    <EQType>303</EQType>
    <NoWrap>true</NoWrap>
    <AlignCenter>false</AlignCenter>
    <AlignRight>true</AlignRight>
    <Font>2</Font>
    <TooltipReference>(Secondary Aggro)</TooltipReference>
  </Label>
  <Screen item="AggroMeterWnd">
    <RelativePosition>false</RelativePosition>
    <Location>
      <X>200</X>
      <Y>200</Y>
    </Location>
    <Size>
      <CX>254</CX>
      <CY>34</CY>
    </Size>
    <Text>Aggro Meter</Text>
    <Style_VScroll>false</Style_VScroll>
    <Style_AutoVScroll>false</Style_AutoVScroll>
    <Style_Transparent>false</Style_Transparent>
    <Style_Titlebar>false</Style_Titlebar>
    <Style_Closebox>False</Style_Closebox>
    <Style_Minimizebox>false</Style_Minimizebox>
    <Style_Border>true</Style_Border>
    <Style_Sizable>False</Style_Sizable>
    <Style_ClientMovable>true</Style_ClientMovable>
    <DrawTemplate>WDT_RoundedNoTitle</DrawTemplate>
    <Pieces>AMW_AggroTargetNameLabel</Pieces>
    <Pieces>AMW_AggroGauge</Pieces>
    <Pieces>AMW_AggroGaugeLabel</Pieces>
    <Pieces>AMW_AggroGaugePercLabel</Pieces>
    <Pieces>AMW_AggroMostHatedPercLabel</Pieces>
    <Pieces>AMW_AggroMostHatedNameLabel</Pieces>
    <Font>2</Font>
  </Screen>
</XML>