<?xml version="1.0" encoding="us-ascii"?>
<XML ID="EQInterfaceDefinitionLanguage">
  <Schema xmlns="EverQuestData" xmlns:dt="EverQuestDataTypes" />
  <Button item="BZC_ItemIcon">
    <ScreenID>BZC_ItemIcon</ScreenID>
    <RelativePosition>true</RelativePosition>
    <Location>
      <X>1</X>
      <Y>1</Y>
    </Location>
    <Size>
      <CX>30</CX>
      <CY>30</CY>
    </Size>
    <DecalSize>
      <CX>30</CX>
      <CY>30</CY>
    </DecalSize>
    <Font>2</Font>
  </Button>
  <Label item="BZC_ItemLabel">
    <ScreenID>BZC_ItemLabel</ScreenID>
    <RelativePosition>true</RelativePosition>
    <Text>Item Name</Text>
    <TextColor>
      <R>255</R>
      <G>255</G>
      <B>255</B>
    </TextColor>
    <Font>3</Font>
    <AutoStretch>false</AutoStretch>
    <TopAnchorOffset>10</TopAnchorOffset>
    <BottomAnchorOffset>170</BottomAnchorOffset>
    <LeftAnchorOffset>60</LeftAnchorOffset>
    <RightAnchorOffset>10</RightAnchorOffset>
    <BottomAnchorToTop>false</BottomAnchorToTop>
    <RightAnchorToLeft>false</RightAnchorToLeft>
    <Style_Tooltip>false</Style_Tooltip>
    <Size>
      <CX>156</CX>
      <CY>31</CY>
    </Size>
    <Location>
      <X>32</X>
      <Y>0</Y>
    </Location>
  </Label>
  <Label item="BZC_TotalPrice">
    <ScreenID>BZC_TotalPrice</ScreenID>
    <RelativePosition>true</RelativePosition>
    <Text>Item Price: [xxxxx]</Text>
    <TextColor>
      <R>255</R>
      <G>255</G>
      <B>255</B>
    </TextColor>
    <Font>2</Font>
    <AlignCenter>false</AlignCenter>
    <AutoStretch>false</AutoStretch>
    <TopAnchorOffset>165</TopAnchorOffset>
    <BottomAnchorOffset>145</BottomAnchorOffset>
    <LeftAnchorOffset>10</LeftAnchorOffset>
    <RightAnchorOffset>10</RightAnchorOffset>
    <TopAnchorToTop>false</TopAnchorToTop>
    <BottomAnchorToTop>false</BottomAnchorToTop>
    <RightAnchorToLeft>false</RightAnchorToLeft>
    <Style_Tooltip>false</Style_Tooltip>
    <Size>
      <CX>153</CX>
      <CY>14</CY>
    </Size>
    <Location>
      <X>2</X>
      <Y>33</Y>
    </Location>
  </Label>
  <Label item="BZC_DeliveryLabel">
    <ScreenID>BZC_DeliveryLabel</ScreenID>
    <RelativePosition>true</RelativePosition>
    <Text>Delivery Options</Text>
    <TextColor>
      <R>255</R>
      <G>255</G>
      <B>255</B>
    </TextColor>
    <Font>2</Font>
    <AlignCenter>true</AlignCenter>
    <AutoStretch>false</AutoStretch>
    <TopAnchorOffset>135</TopAnchorOffset>
    <BottomAnchorOffset>115</BottomAnchorOffset>
    <LeftAnchorOffset>10</LeftAnchorOffset>
    <RightAnchorOffset>10</RightAnchorOffset>
    <TopAnchorToTop>false</TopAnchorToTop>
    <BottomAnchorToTop>false</BottomAnchorToTop>
    <RightAnchorToLeft>false</RightAnchorToLeft>
    <Style_Tooltip>false</Style_Tooltip>
    <Size>
      <CX>91</CX>
      <CY>15</CY>
    </Size>
    <Location>
      <X>59</X>
      <Y>193</Y>
    </Location>
  </Label>
  <Button item="BZC_TokenIcon">
    <ScreenID>BZC_TokenIcon</ScreenID>
    <RelativePosition>true</RelativePosition>
    <AutoStretch>false</AutoStretch>
    <TopAnchorOffset>105</TopAnchorOffset>
    <BottomAnchorOffset>65</BottomAnchorOffset>
    <LeftAnchorOffset>50</LeftAnchorOffset>
    <RightAnchorOffset>90</RightAnchorOffset>
    <TopAnchorToTop>false</TopAnchorToTop>
    <BottomAnchorToTop>false</BottomAnchorToTop>
    <DecalSize>
      <CX>15</CX>
      <CY>15</CY>
    </DecalSize>
    <TooltipReference>Cost to ship directly to you.</TooltipReference>
    <Font>2</Font>
    <Size>
      <CX>15</CX>
      <CY>15</CY>
    </Size>
    <Location>
      <X>113</X>
      <Y>53</Y>
    </Location>
  </Button>
  <Label item="BZC_TokenLabel">
    <ScreenID>BZC_TokenLabel</ScreenID>
    <RelativePosition>true</RelativePosition>
    <Text>x 2</Text>
    <TooltipReference>Cost to ship directly to you.</TooltipReference>
    <TextColor>
      <R>255</R>
      <G>255</G>
      <B>255</B>
    </TextColor>
    <Font>2</Font>
    <AlignCenter>false</AlignCenter>
    <AutoStretch>false</AutoStretch>
    <TopAnchorOffset>95</TopAnchorOffset>
    <BottomAnchorOffset>75</BottomAnchorOffset>
    <LeftAnchorOffset>70</LeftAnchorOffset>
    <RightAnchorOffset>140</RightAnchorOffset>
    <TopAnchorToTop>false</TopAnchorToTop>
    <BottomAnchorToTop>false</BottomAnchorToTop>
    <Style_Tooltip>true</Style_Tooltip>
    <Size>
      <CX>52</CX>
      <CY>15</CY>
    </Size>
    <Location>
      <X>136</X>
      <Y>53</Y>
    </Location>
  </Label>
  <Button item="BZC_UseTokenButton">
    <ScreenID>BZC_UseTokenButton</ScreenID>
    <RelativePosition>true</RelativePosition>
    <AutoStretch>false</AutoStretch>
    <Text>To Me</Text>
    <TooltipReference>Click here to use Expedient Delivery Vouchers to deliver the item directly to you.</TooltipReference>
    <TopAnchorOffset>60</TopAnchorOffset>
    <BottomAnchorOffset>40</BottomAnchorOffset>
    <LeftAnchorOffset>40</LeftAnchorOffset>
    <RightAnchorOffset>140</RightAnchorOffset>
    <TopAnchorToTop>false</TopAnchorToTop>
    <BottomAnchorToTop>false</BottomAnchorToTop>
    <TextColor>
      <R>255</R>
      <G>255</G>
      <B>255</B>
    </TextColor>
    <Template>BDT_Blue</Template>
    <Font>2</Font>
    <Size>
      <CX>71</CX>
      <CY>15</CY>
    </Size>
    <Location>
      <X>113</X>
      <Y>69</Y>
    </Location>
  </Button>
  <Button item="BZC_PlatIcon">
    <ScreenID>BZC_PlatIcon</ScreenID>
    <AutoStretch>false</AutoStretch>
    <TopAnchorOffset>105</TopAnchorOffset>
    <BottomAnchorOffset>65</BottomAnchorOffset>
    <LeftAnchorOffset>140</LeftAnchorOffset>
    <RightAnchorOffset>100</RightAnchorOffset>
    <TopAnchorToTop>false</TopAnchorToTop>
    <BottomAnchorToTop>false</BottomAnchorToTop>
    <LeftAnchorToLeft>false</LeftAnchorToLeft>
    <RightAnchorToLeft>false</RightAnchorToLeft>
    <ButtonDrawTemplate>
      <Normal>A_PlatinumCoinLarge</Normal>
    </ButtonDrawTemplate>
    <DecalSize>
      <CX>15</CX>
      <CY>15</CY>
    </DecalSize>
    <TooltipReference>Cost to ship to your mailbox.</TooltipReference>
    <Font>2</Font>
    <Size>
      <CX>15</CX>
      <CY>15</CY>
    </Size>
    <Location>
      <X>7</X>
      <Y>53</Y>
    </Location>
  </Button>
  <Label item="BZC_PlatLabel">
    <ScreenID>BZC_PlatLabel</ScreenID>
    <RelativePosition>true</RelativePosition>
    <Text>1000000p</Text>
    <TooltipReference>Cost to ship to your mailbox.</TooltipReference>
    <TextColor>
      <R>255</R>
      <G>255</G>
      <B>255</B>
    </TextColor>
    <Font>2</Font>
    <AlignCenter>false</AlignCenter>
    <AutoStretch>false</AutoStretch>
    <TopAnchorOffset>95</TopAnchorOffset>
    <BottomAnchorOffset>75</BottomAnchorOffset>
    <LeftAnchorOffset>130</LeftAnchorOffset>
    <RightAnchorOffset>40</RightAnchorOffset>
    <TopAnchorToTop>false</TopAnchorToTop>
    <BottomAnchorToTop>false</BottomAnchorToTop>
    <LeftAnchorToLeft>false</LeftAnchorToLeft>
    <RightAnchorToLeft>false</RightAnchorToLeft>
    <Size>
      <CX>52</CX>
      <CY>15</CY>
    </Size>
    <Location>
      <X>26</X>
      <Y>53</Y>
    </Location>
  </Label>
  <Button item="BZC_UsePlatButton">
    <ScreenID>BZC_UsePlatButton</ScreenID>
    <RelativePosition>true</RelativePosition>
    <AutoStretch>false</AutoStretch>
    <Text>To Parcel</Text>
    <TooltipReference>Click here to use Platinum to deliver the item to your mailbox.</TooltipReference>
    <TopAnchorOffset>60</TopAnchorOffset>
    <BottomAnchorOffset>40</BottomAnchorOffset>
    <LeftAnchorOffset>140</LeftAnchorOffset>
    <RightAnchorOffset>40</RightAnchorOffset>
    <TopAnchorToTop>false</TopAnchorToTop>
    <BottomAnchorToTop>false</BottomAnchorToTop>
    <LeftAnchorToLeft>false</LeftAnchorToLeft>
    <RightAnchorToLeft>false</RightAnchorToLeft>
    <TextColor>
      <R>255</R>
      <G>255</G>
      <B>255</B>
    </TextColor>
    <Template>BDT_Blue</Template>
    <Font>2</Font>
    <Size>
      <CX>71</CX>
      <CY>15</CY>
    </Size>
    <Location>
      <X>7</X>
      <Y>69</Y>
    </Location>
  </Button>
  <Button item="BZC_CancelButton">
    <ScreenID>BZC_CancelButton</ScreenID>
    <RelativePosition>true</RelativePosition>
    <AutoStretch>false</AutoStretch>
    <Text>Cancel</Text>
    <TopAnchorOffset>25</TopAnchorOffset>
    <BottomAnchorOffset>5</BottomAnchorOffset>
    <LeftAnchorOffset>55</LeftAnchorOffset>
    <RightAnchorOffset>5</RightAnchorOffset>
    <TopAnchorToTop>false</TopAnchorToTop>
    <BottomAnchorToTop>false</BottomAnchorToTop>
    <LeftAnchorToLeft>false</LeftAnchorToLeft>
    <RightAnchorToLeft>false</RightAnchorToLeft>
    <TextColor>
      <R>255</R>
      <G>255</G>
      <B>0</B>
    </TextColor>
    <Template>BDT_Blue</Template>
    <Font>2</Font>
    <Size>
      <CX>43</CX>
      <CY>15</CY>
    </Size>
    <Location>
      <X>73</X>
      <Y>101</Y>
    </Location>
  </Button>
  <Screen item="BazaarConfirmationWnd">
    <RelativePosition>false</RelativePosition>
    <Location>
      <X>200</X>
      <Y>200</Y>
    </Location>
    <Size>
      <CX>199</CX>
      <CY>125</CY>
    </Size>
    <MinHSize>194</MinHSize>
    <MinVSize>120</MinVSize>
    <Style_VScroll>false</Style_VScroll>
    <Style_AutoVScroll>false</Style_AutoVScroll>
    <Style_Transparent>false</Style_Transparent>
    <Style_Titlebar>false</Style_Titlebar>
    <Style_Closebox>false</Style_Closebox>
    <Style_Minimizebox>false</Style_Minimizebox>
    <Style_Border>true</Style_Border>
    <Style_Sizable>false</Style_Sizable>
    <Style_ClientMovable>true</Style_ClientMovable>
    <DrawTemplate>WDT_RoundedNoTitle</DrawTemplate>
    <Pieces>BZC_ItemIcon</Pieces>
    <Pieces>BZC_ItemLabel</Pieces>
    <Pieces>BZC_TotalPrice</Pieces>
    <Pieces>BZC_DeliveryLabel</Pieces>
    <Pieces>BZC_PlatIcon</Pieces>
    <Pieces>BZC_PlatLabel</Pieces>
    <Pieces>BZC_UsePlatButton</Pieces>
    <Pieces>BZC_TokenIcon</Pieces>
    <Pieces>BZC_TokenLabel</Pieces>
    <Pieces>BZC_UseTokenButton</Pieces>
    <Pieces>BZC_CancelButton</Pieces>
    <Font>2</Font>
  </Screen>
</XML>