<?xml version="1.0" encoding="us-ascii"?>
<XML ID="EQInterfaceDefinitionLanguage">
  <Schema xmlns="EverQuestData" xmlns:dt="EverQuestDataTypes" />
  <Label item="BW_BankerName">
    <ScreenID>BW_BankerName</ScreenID>
    <!--<Font>3</Font>-->
    <RelativePosition>true</RelativePosition>
    <Location>
      <X>0</X>
      <Y>-1</Y>
    </Location>
    <Size>
      <CX>86</CX>
      <CY>16</CY>
    </Size>
    <Text>Banker Name</Text>
    <TextColor>
      <R>255</R>
      <G>255</G>
      <B>255</B>
    </TextColor>
    <NoWrap>True</NoWrap>
    <AlignCenter>true</AlignCenter>
    <AlignRight>false</AlignRight>
    <Font>2</Font>
  </Label>
  <InvSlot item="BW_BankSlot0">
    <ScreenID>BW_BankSlot0</ScreenID>
    <!--<Font>3</Font>-->
    <RelativePosition>true</RelativePosition>
    <Location>
      <X>2</X>
      <Y>18</Y>
    </Location>
    <Size>
      <CX>40</CX>
      <CY>40</CY>
    </Size>
    <Background>A_RecessedBox</Background>
    <EQType>2000</EQType>
    <ItemOffsetX>2</ItemOffsetX>
    <ItemOffsetY>2</ItemOffsetY>
  </InvSlot>
  <InvSlot item="BW_BankSlot1">
    <ScreenID>BW_BankSlot1</ScreenID>
    <!--<Font>3</Font>-->
    <RelativePosition>true</RelativePosition>
    <Location>
      <X>2</X>
      <Y>58</Y>
    </Location>
    <Size>
      <CX>40</CX>
      <CY>40</CY>
    </Size>
    <Background>A_RecessedBox</Background>
    <EQType>2001</EQType>
    <ItemOffsetX>2</ItemOffsetX>
    <ItemOffsetY>2</ItemOffsetY>
  </InvSlot>
  <InvSlot item="BW_BankSlot2">
    <ScreenID>BW_BankSlot2</ScreenID>
    <!--<Font>3</Font>-->
    <RelativePosition>true</RelativePosition>
    <Location>
      <X>2</X>
      <Y>98</Y>
    </Location>
    <Size>
      <CX>40</CX>
      <CY>40</CY>
    </Size>
    <Background>A_RecessedBox</Background>
    <EQType>2002</EQType>
    <ItemOffsetX>2</ItemOffsetX>
    <ItemOffsetY>2</ItemOffsetY>
  </InvSlot>
  <InvSlot item="BW_BankSlot3">
    <ScreenID>BW_BankSlot3</ScreenID>
    <!--<Font>3</Font>-->
    <RelativePosition>true</RelativePosition>
    <Location>
      <X>2</X>
      <Y>138</Y>
    </Location>
    <Size>
      <CX>40</CX>
      <CY>40</CY>
    </Size>
    <Background>A_RecessedBox</Background>
    <EQType>2003</EQType>
    <ItemOffsetX>2</ItemOffsetX>
    <ItemOffsetY>2</ItemOffsetY>
  </InvSlot>
  <InvSlot item="BW_BankSlot4">
    <ScreenID>BW_BankSlot4</ScreenID>
    <!--<Font>3</Font>-->
    <RelativePosition>true</RelativePosition>
    <Location>
      <X>2</X>
      <Y>178</Y>
    </Location>
    <Size>
      <CX>40</CX>
      <CY>40</CY>
    </Size>
    <Background>A_RecessedBox</Background>
    <EQType>2004</EQType>
    <ItemOffsetX>2</ItemOffsetX>
    <ItemOffsetY>2</ItemOffsetY>
  </InvSlot>
  <InvSlot item="BW_BankSlot5">
    <ScreenID>BW_BankSlot5</ScreenID>
    <!--<Font>3</Font>-->
    <RelativePosition>true</RelativePosition>
    <Location>
      <X>2</X>
      <Y>218</Y>
    </Location>
    <Size>
      <CX>40</CX>
      <CY>40</CY>
    </Size>
    <Background>A_RecessedBox</Background>
    <EQType>2005</EQType>
    <ItemOffsetX>2</ItemOffsetX>
    <ItemOffsetY>2</ItemOffsetY>
  </InvSlot>
  <InvSlot item="BW_BankSlot6">
    <ScreenID>BW_BankSlot6</ScreenID>
    <!--<Font>3</Font>-->
    <RelativePosition>true</RelativePosition>
    <Location>
      <X>2</X>
      <Y>258</Y>
    </Location>
    <Size>
      <CX>40</CX>
      <CY>40</CY>
    </Size>
    <Background>A_RecessedBox</Background>
    <EQType>2006</EQType>
    <ItemOffsetX>2</ItemOffsetX>
    <ItemOffsetY>2</ItemOffsetY>
  </InvSlot>
  <InvSlot item="BW_BankSlot7">
    <ScreenID>BW_BankSlot7</ScreenID>
    <!--<Font>3</Font>-->
    <RelativePosition>true</RelativePosition>
    <Location>
      <X>2</X>
      <Y>298</Y>
    </Location>
    <Size>
      <CX>40</CX>
      <CY>40</CY>
    </Size>
    <Background>A_RecessedBox</Background>
    <EQType>2007</EQType>
    <ItemOffsetX>2</ItemOffsetX>
    <ItemOffsetY>2</ItemOffsetY>
  </InvSlot>
  <InvSlot item="BW_BankSlot8">
    <ScreenID>BW_BankSlot8</ScreenID>
    <!--<Font>3</Font>-->
    <RelativePosition>true</RelativePosition>
    <Location>
      <X>42</X>
      <Y>18</Y>
    </Location>
    <Size>
      <CX>40</CX>
      <CY>40</CY>
    </Size>
    <Background>A_RecessedBox</Background>
    <EQType>2008</EQType>
    <ItemOffsetX>2</ItemOffsetX>
    <ItemOffsetY>2</ItemOffsetY>
  </InvSlot>
  <InvSlot item="BW_BankSlot9">
    <ScreenID>BW_BankSlot9</ScreenID>
    <!--<Font>3</Font>-->
    <RelativePosition>true</RelativePosition>
    <Location>
      <X>42</X>
      <Y>58</Y>
    </Location>
    <Size>
      <CX>40</CX>
      <CY>40</CY>
    </Size>
    <Background>A_RecessedBox</Background>
    <EQType>2009</EQType>
    <ItemOffsetX>2</ItemOffsetX>
    <ItemOffsetY>2</ItemOffsetY>
  </InvSlot>
  <InvSlot item="BW_BankSlot10">
    <ScreenID>BW_BankSlot10</ScreenID>
    <!--<Font>3</Font>-->
    <RelativePosition>true</RelativePosition>
    <Location>
      <X>42</X>
      <Y>98</Y>
    </Location>
    <Size>
      <CX>40</CX>
      <CY>40</CY>
    </Size>
    <Background>A_RecessedBox</Background>
    <EQType>2010</EQType>
    <ItemOffsetX>2</ItemOffsetX>
    <ItemOffsetY>2</ItemOffsetY>
  </InvSlot>
  <InvSlot item="BW_BankSlot11">
    <ScreenID>BW_BankSlot11</ScreenID>
    <!--<Font>3</Font>-->
    <RelativePosition>true</RelativePosition>
    <Location>
      <X>42</X>
      <Y>138</Y>
    </Location>
    <Size>
      <CX>40</CX>
      <CY>40</CY>
    </Size>
    <Background>A_RecessedBox</Background>
    <EQType>2011</EQType>
    <ItemOffsetX>2</ItemOffsetX>
    <ItemOffsetY>2</ItemOffsetY>
  </InvSlot>
  <InvSlot item="BW_BankSlot12">
    <ScreenID>BW_BankSlot12</ScreenID>
    <!--<Font>3</Font>-->
    <RelativePosition>true</RelativePosition>
    <Location>
      <X>42</X>
      <Y>178</Y>
    </Location>
    <Size>
      <CX>40</CX>
      <CY>40</CY>
    </Size>
    <Background>A_RecessedBox</Background>
    <EQType>2012</EQType>
    <ItemOffsetX>2</ItemOffsetX>
    <ItemOffsetY>2</ItemOffsetY>
  </InvSlot>
  <InvSlot item="BW_BankSlot13">
    <ScreenID>BW_BankSlot13</ScreenID>
    <!--<Font>3</Font>-->
    <RelativePosition>true</RelativePosition>
    <Location>
      <X>42</X>
      <Y>218</Y>
    </Location>
    <Size>
      <CX>40</CX>
      <CY>40</CY>
    </Size>
    <Background>A_RecessedBox</Background>
    <EQType>2013</EQType>
    <ItemOffsetX>2</ItemOffsetX>
    <ItemOffsetY>2</ItemOffsetY>
  </InvSlot>
  <InvSlot item="BW_BankSlot14">
    <ScreenID>BW_BankSlot14</ScreenID>
    <!--<Font>3</Font>-->
    <RelativePosition>true</RelativePosition>
    <Location>
      <X>42</X>
      <Y>258</Y>
    </Location>
    <Size>
      <CX>40</CX>
      <CY>40</CY>
    </Size>
    <Background>A_RecessedBox</Background>
    <EQType>2014</EQType>
    <ItemOffsetX>2</ItemOffsetX>
    <ItemOffsetY>2</ItemOffsetY>
  </InvSlot>
  <InvSlot item="BW_BankSlot15">
    <ScreenID>BW_BankSlot15</ScreenID>
    <!--<Font>3</Font>-->
    <RelativePosition>true</RelativePosition>
    <Location>
      <X>42</X>
      <Y>298</Y>
    </Location>
    <Size>
      <CX>40</CX>
      <CY>40</CY>
    </Size>
    <Background>A_RecessedBox</Background>
    <EQType>2015</EQType>
    <ItemOffsetX>2</ItemOffsetX>
    <ItemOffsetY>2</ItemOffsetY>
  </InvSlot>
  <Button item="BW_AutoButton">
    <ScreenID>AutoButton</ScreenID>
    <!--<Font>3</Font>-->
    <RelativePosition>true</RelativePosition>
    <Location>
      <X>2</X>
      <Y>342</Y>
    </Location>
    <Size>
      <CX>80</CX>
      <CY>20</CY>
    </Size>
    <Style_Transparent>false</Style_Transparent>
    <Style_Checkbox>false</Style_Checkbox>
    <!--<RadioGroup/>-->
    <Text>Auto-Bank</Text>
    <TextColor>
      <R>255</R>
      <G>255</G>
      <B>0</B>
    </TextColor>
    <ButtonDrawTemplate>
      <Normal>A_BtnNormal</Normal>
      <Pressed>A_BtnPressed</Pressed>
      <Flyby>A_BtnFlyby</Flyby>
      <Disabled>A_BtnDisabled</Disabled>
      <PressedFlyby>A_BtnPressedFlyby</PressedFlyby>
    </ButtonDrawTemplate>
  </Button>
  <Label item="BW_SharedBankLabel">
    <ScreenID>BW_SharedBankLabel</ScreenID>
    <Font>2</Font>
    <Text>Shared Bank</Text>
    <TextColor>
      <R>255</R>
      <G>255</G>
      <B>255</B>
    </TextColor>
    <Size>
      <CX>80</CX>
      <CY>13</CY>
    </Size>
    <AlignCenter>true</AlignCenter>
    <Location>
      <X>2</X>
      <Y>363</Y>
    </Location>
  </Label>
  <InvSlot item="BW_SharedBankSlot0">
    <ScreenID>BW_SharedBankSlot0</ScreenID>
    <!--<Font>3</Font>-->
    <RelativePosition>true</RelativePosition>
    <Location>
      <X>2</X>
      <Y>377</Y>
    </Location>
    <Size>
      <CX>40</CX>
      <CY>40</CY>
    </Size>
    <Background>A_RecessedBox</Background>
    <EQType>2500</EQType>
    <ItemOffsetX>2</ItemOffsetX>
    <ItemOffsetY>2</ItemOffsetY>
    <Font>2</Font>
  </InvSlot>
  <InvSlot item="BW_SharedBankSlot1">
    <ScreenID>BW_SharedBankSlot1</ScreenID>
    <!--<Font>3</Font>-->
    <RelativePosition>true</RelativePosition>
    <Location>
      <X>42</X>
      <Y>377</Y>
    </Location>
    <Size>
      <CX>40</CX>
      <CY>40</CY>
    </Size>
    <Background>A_RecessedBox</Background>
    <EQType>2501</EQType>
    <ItemOffsetX>2</ItemOffsetX>
    <ItemOffsetY>2</ItemOffsetY>
    <Font>2</Font>
  </InvSlot>
  <Button item="BW_SharedMoney0">
    <ScreenID>BW_SharedMoney0</ScreenID>
    <!--<Font>3</Font>-->
    <RelativePosition>true</RelativePosition>
    <Location>
      <X>2</X>
      <Y>418</Y>
    </Location>
    <Size>
      <CX>80</CX>
      <CY>17</CY>
    </Size>
    <Style_Transparent>false</Style_Transparent>
    <Style_Checkbox>false</Style_Checkbox>
    <!--<RadioGroup/>-->
    <Text>60000</Text>
    <TextColor>
      <R>255</R>
      <G>255</G>
      <B>255</B>
    </TextColor>
    <ButtonDrawTemplate>
      <Normal>A_RecessedBox</Normal>
      <NormalDecal>A_PlatinumCoin</NormalDecal>
    </ButtonDrawTemplate>
    <DecalOffset>
      <X>2</X>
      <Y>2</Y>
    </DecalOffset>
    <DecalSize>
      <CX>13</CX>
      <CY>13</CY>
    </DecalSize>
    <Font>2</Font>
  </Button>
  <Button item="BW_AltStorageButton">
    <ScreenID>AltStorageButton</ScreenID>
    <!--<Font>3</Font>-->
    <RelativePosition>true</RelativePosition>
    <Location>
      <X>2</X>
      <Y>440</Y>
    </Location>
    <Size>
      <CX>80</CX>
      <CY>20</CY>
    </Size>
    <Style_Transparent>false</Style_Transparent>
    <Style_Checkbox>false</Style_Checkbox>
    <!--<RadioGroup/>-->
    <Text>Shroud Bank</Text>
    <TextColor>
      <R>255</R>
      <G>255</G>
      <B>0</B>
    </TextColor>
    <ButtonDrawTemplate>
      <Normal>A_BtnNormal</Normal>
      <Pressed>A_BtnPressed</Pressed>
      <Flyby>A_BtnFlyby</Flyby>
      <Disabled>A_BtnDisabled</Disabled>
      <PressedFlyby>A_BtnPressedFlyby</PressedFlyby>
    </ButtonDrawTemplate>
  </Button>
  <Button item="BW_Money0">
    <ScreenID>BW_Money0</ScreenID>
    <!--<Font>3</Font>-->
    <RelativePosition>true</RelativePosition>
    <Location>
      <X>2</X>
      <Y>463</Y>
    </Location>
    <Size>
      <CX>80</CX>
      <CY>17</CY>
    </Size>
    <Style_Transparent>false</Style_Transparent>
    <Style_Checkbox>false</Style_Checkbox>
    <!--<RadioGroup/>-->
    <Text>60000</Text>
    <TextColor>
      <R>255</R>
      <G>255</G>
      <B>255</B>
    </TextColor>
    <ButtonDrawTemplate>
      <Normal>A_RecessedBox</Normal>
      <NormalDecal>A_PlatinumCoin</NormalDecal>
    </ButtonDrawTemplate>
    <DecalOffset>
      <X>2</X>
      <Y>2</Y>
    </DecalOffset>
    <DecalSize>
      <CX>13</CX>
      <CY>13</CY>
    </DecalSize>
    <Font>2</Font>
  </Button>
  <Button item="BW_Money1">
    <ScreenID>BW_Money1</ScreenID>
    <!--<Font>3</Font>-->
    <RelativePosition>true</RelativePosition>
    <Location>
      <X>2</X>
      <Y>480</Y>
    </Location>
    <Size>
      <CX>80</CX>
      <CY>17</CY>
    </Size>
    <Style_Transparent>false</Style_Transparent>
    <Style_Checkbox>false</Style_Checkbox>
    <!--<RadioGroup/>-->
    <Text>60000</Text>
    <TextColor>
      <R>255</R>
      <G>255</G>
      <B>255</B>
    </TextColor>
    <ButtonDrawTemplate>
      <Normal>A_RecessedBox</Normal>
      <NormalDecal>A_GoldCoin</NormalDecal>
    </ButtonDrawTemplate>
    <!--	
			<SoundPressed/>
			<SoundUp/>
			<SoundFlyby/>
		-->
    <DecalOffset>
      <X>2</X>
      <Y>2</Y>
    </DecalOffset>
    <DecalSize>
      <CX>13</CX>
      <CY>13</CY>
    </DecalSize>
    <Font>2</Font>
  </Button>
  <Button item="BW_Money2">
    <ScreenID>BW_Money2</ScreenID>
    <!--<Font>3</Font>-->
    <RelativePosition>true</RelativePosition>
    <Location>
      <X>2</X>
      <Y>497</Y>
    </Location>
    <Size>
      <CX>80</CX>
      <CY>17</CY>
    </Size>
    <Style_Transparent>false</Style_Transparent>
    <Style_Checkbox>false</Style_Checkbox>
    <!--<RadioGroup/>-->
    <Text>60000</Text>
    <TextColor>
      <R>255</R>
      <G>255</G>
      <B>255</B>
    </TextColor>
    <ButtonDrawTemplate>
      <Normal>A_RecessedBox</Normal>
      <NormalDecal>A_SilverCoin</NormalDecal>
    </ButtonDrawTemplate>
    <!-- 
			<SoundPressed/>
			<SoundUp/>
			<SoundFlyby/>
		-->
    <DecalOffset>
      <X>2</X>
      <Y>2</Y>
    </DecalOffset>
    <DecalSize>
      <CX>13</CX>
      <CY>13</CY>
    </DecalSize>
    <Font>2</Font>
  </Button>
  <Button item="BW_Money3">
    <ScreenID>BW_Money3</ScreenID>
    <!--<Font>3</Font>-->
    <RelativePosition>true</RelativePosition>
    <Location>
      <X>2</X>
      <Y>514</Y>
    </Location>
    <Size>
      <CX>80</CX>
      <CY>17</CY>
    </Size>
    <Style_Transparent>false</Style_Transparent>
    <Style_Checkbox>false</Style_Checkbox>
    <!--<RadioGroup/>-->
    <Text>60000</Text>
    <TextColor>
      <R>255</R>
      <G>255</G>
      <B>255</B>
    </TextColor>
    <ButtonDrawTemplate>
      <Normal>A_RecessedBox</Normal>
      <NormalDecal>A_CopperCoin</NormalDecal>
    </ButtonDrawTemplate>
    <!-- 
			<SoundPressed/>
			<SoundUp/>
			<SoundFlyby/>
		-->
    <DecalOffset>
      <X>2</X>
      <Y>2</Y>
    </DecalOffset>
    <DecalSize>
      <CX>13</CX>
      <CY>13</CY>
    </DecalSize>
    <Font>2</Font>
  </Button>
  <Button item="BW_ChangeButton">
    <ScreenID>ChangeButton</ScreenID>
    <!--<Font>3</Font>-->
    <RelativePosition>true</RelativePosition>
    <Location>
      <X>-88</X>
      <Y>-30</Y>
    </Location>
    <Size>
      <CX>80</CX>
      <CY>20</CY>
    </Size>
    <Style_Transparent>false</Style_Transparent>
    <!--<TooltipReference/>-->
    <Style_Checkbox>false</Style_Checkbox>
    <!--<RadioGroup/>-->
    <Text>Change</Text>
    <TextColor>
      <R>255</R>
      <G>255</G>
      <B>255</B>
    </TextColor>
    <ButtonDrawTemplate>
      <Normal>A_BtnNormal</Normal>
      <Pressed>A_BtnPressed</Pressed>
      <Flyby>A_BtnFlyby</Flyby>
      <Disabled>A_BtnDisabled</Disabled>
      <PressedFlyby>A_BtnPressedFlyby</PressedFlyby>
    </ButtonDrawTemplate>
    <Font>2</Font>
  </Button>
  <Button item="BW_DoneButton">
    <ScreenID>DoneButton</ScreenID>
    <!--<Font>3</Font>-->
    <RelativePosition>true</RelativePosition>
    <Location>
      <X>2</X>
      <Y>535</Y>
    </Location>
    <Size>
      <CX>80</CX>
      <CY>20</CY>
    </Size>
    <Style_Transparent>false</Style_Transparent>
    <!--<TooltipReference/>-->
    <Style_Checkbox>false</Style_Checkbox>
    <!--<RadioGroup/>-->
    <Text>Done</Text>
    <TextColor>
      <R>0</R>
      <G>255</G>
      <B>0</B>
    </TextColor>
    <ButtonDrawTemplate>
      <Normal>A_BtnNormal</Normal>
      <Pressed>A_BtnPressed</Pressed>
      <Flyby>A_BtnFlyby</Flyby>
      <Disabled>A_BtnDisabled</Disabled>
      <PressedFlyby>A_BtnPressedFlyby</PressedFlyby>
    </ButtonDrawTemplate>
    <Font>2</Font>
  </Button>
  <Screen item="BankWnd">
    <!--<ScreenID/>-->
    <!--<Font/>-->
    <RelativePosition>false</RelativePosition>
    <Location>
      <X>200</X>
      <Y>200</Y>
    </Location>
    <Size>
      <CX>94</CX>
      <CY>567</CY>
    </Size>
    <Text>Sparxx - Bank</Text>
    <Style_Transparent>false</Style_Transparent>
    <!--<TooltipReference/>-->
    <DrawTemplate>WDT_RoundedNoTitle</DrawTemplate>
    <Style_Titlebar>False</Style_Titlebar>
    <Style_Closebox>False</Style_Closebox>
    <Style_Minimizebox>false</Style_Minimizebox>
    <Style_Border>true</Style_Border>
    <Style_Sizable>false</Style_Sizable>
    <Pieces>BW_BankerName</Pieces>
    <Pieces>BW_BankSlot0</Pieces>
    <Pieces>BW_BankSlot1</Pieces>
    <Pieces>BW_BankSlot2</Pieces>
    <Pieces>BW_BankSlot3</Pieces>
    <Pieces>BW_BankSlot4</Pieces>
    <Pieces>BW_BankSlot5</Pieces>
    <Pieces>BW_BankSlot6</Pieces>
    <Pieces>BW_BankSlot7</Pieces>
    <Pieces>BW_BankSlot8</Pieces>
    <Pieces>BW_BankSlot9</Pieces>
    <Pieces>BW_BankSlot10</Pieces>
    <Pieces>BW_BankSlot11</Pieces>
    <Pieces>BW_BankSlot12</Pieces>
    <Pieces>BW_BankSlot13</Pieces>
    <Pieces>BW_BankSlot14</Pieces>
    <Pieces>BW_BankSlot15</Pieces>
    <Pieces>BW_AutoButton</Pieces>
    <Pieces>BW_SharedBankSlot0</Pieces>
    <Pieces>BW_SharedBankSlot1</Pieces>
    <Pieces>BW_SharedMoney0</Pieces>
    <Pieces>BW_Money0</Pieces>
    <Pieces>BW_Money1</Pieces>
    <Pieces>BW_Money2</Pieces>
    <Pieces>BW_Money3</Pieces>
    <Pieces>BW_DoneButton</Pieces>
    <Pieces>BW_ChangeButton</Pieces>
    <Pieces>BW_SharedBankLabel</Pieces>
    <Pieces>BW_AltStorageButton</Pieces>
    <Font>2</Font>
  </Screen>
</XML>