<?xml version="1.0" encoding="us-ascii"?>
<XML ID="EQInterfaceDefinitionLanguage">
  <Schema xmlns="EverQuestData" xmlns:dt="EverQuestDataTypes" />
  <Label item="ELW_EnterTextLabel">
    <ScreenID />
    <RelativePosition>true</RelativePosition>
    <Location>
      <X>-66</X>
      <Y>-39</Y>
    </Location>
    <Size>
      <CX>57</CX>
      <CY>20</CY>
    </Size>
    <TextColor>
      <R>255</R>
      <G>255</G>
      <B>255</B>
    </TextColor>
    <Text>Label Text</Text>
    <NoWrap>true</NoWrap>
    <AlignCenter>false</AlignCenter>
    <AlignRight>false</AlignRight>
    <Font>2</Font>
  </Label>
  <Editbox item="ELW_LabelTextEditbox">
    <ScreenID>ELW_LabelTextEditbox</ScreenID>
    <DrawTemplate>WDT_Inner</DrawTemplate>
    <RelativePosition>true</RelativePosition>
    <Location>
      <X>1</X>
      <Y>1</Y>
    </Location>
    <Size>
      <CX>115</CX>
      <CY>20</CY>
    </Size>
    <TextColor>
      <R>255</R>
      <G>255</G>
      <B>255</B>
    </TextColor>
    <Style_Border>true</Style_Border>
    <TooltipReference>Enter a name for this label here.</TooltipReference>
    <Font>2</Font>
  </Editbox>
  <Button item="ELW_ChooseColorButton">
    <ScreenID>ELW_ChooseColorButton</ScreenID>
    <RelativePosition>true</RelativePosition>
    <Location>
      <X>1</X>
      <Y>23</Y>
    </Location>
    <Size>
      <CX>115</CX>
      <CY>16</CY>
    </Size>
    <Style_VScroll>false</Style_VScroll>
    <Style_HScroll>false</Style_HScroll>
    <Style_Transparent>false</Style_Transparent>
    <Text>Choose Color</Text>
    <TooltipReference>Set the text color for this label.</TooltipReference>
    <TextColor>
      <R>0</R>
      <G>255</G>
      <B>0</B>
    </TextColor>
    <ButtonDrawTemplate>
      <Normal>A_BtnNormal</Normal>
      <Pressed>A_BtnPressed</Pressed>
      <Flyby>A_BtnFlyby</Flyby>
      <Disabled>A_BtnDisabled</Disabled>
      <PressedFlyby>A_BtnPressedFlyby</PressedFlyby>
    </ButtonDrawTemplate>
    <Font>2</Font>
  </Button>
  <Label item="ELW_TextSizeLabel">
    <ScreenID />
    <RelativePosition>true</RelativePosition>
    <Location>
      <X>-81</X>
      <Y>-30</Y>
    </Location>
    <Size>
      <CX>72</CX>
      <CY>20</CY>
    </Size>
    <TextColor>
      <R>255</R>
      <G>255</G>
      <B>255</B>
    </TextColor>
    <Text>Label Size:</Text>
    <NoWrap>true</NoWrap>
    <AlignCenter>false</AlignCenter>
    <AlignRight>false</AlignRight>
  </Label>
  <Button item="ELW_LabelLargeButton">
    <ScreenID>ELW_LabelLargeButton</ScreenID>
    <RelativePosition>true</RelativePosition>
    <Location>
      <X>1</X>
      <Y>45</Y>
    </Location>
    <Size>
      <CX>115</CX>
      <CY>16</CY>
    </Size>
    <Style_VScroll>false</Style_VScroll>
    <Style_HScroll>false</Style_HScroll>
    <Style_Transparent>false</Style_Transparent>
    <Style_Checkbox>true</Style_Checkbox>
    <RadioGroup>LabelSizeGroup</RadioGroup>
    <Text>Large Label</Text>
    <TextColor>
      <R>255</R>
      <G>255</G>
      <B>255</B>
    </TextColor>
    <ButtonDrawTemplate>
      <Normal>A_BtnNormal</Normal>
      <Pressed>A_BtnPressed</Pressed>
      <Flyby>A_BtnFlyby</Flyby>
      <Disabled>A_BtnDisabled</Disabled>
      <PressedFlyby>A_BtnPressedFlyby</PressedFlyby>
    </ButtonDrawTemplate>
    <Font>2</Font>
  </Button>
  <Button item="ELW_LabelMediumButton">
    <ScreenID>ELW_LabelMediumButton</ScreenID>
    <RelativePosition>true</RelativePosition>
    <Location>
      <X>1</X>
      <Y>61</Y>
    </Location>
    <Size>
      <CX>115</CX>
      <CY>16</CY>
    </Size>
    <Style_VScroll>false</Style_VScroll>
    <Style_HScroll>false</Style_HScroll>
    <Style_Transparent>false</Style_Transparent>
    <Style_Checkbox>true</Style_Checkbox>
    <RadioGroup>LabelSizeGroup</RadioGroup>
    <Text>Medium Label</Text>
    <TextColor>
      <R>255</R>
      <G>255</G>
      <B>255</B>
    </TextColor>
    <ButtonDrawTemplate>
      <Normal>A_BtnNormal</Normal>
      <Pressed>A_BtnPressed</Pressed>
      <Flyby>A_BtnFlyby</Flyby>
      <Disabled>A_BtnDisabled</Disabled>
      <PressedFlyby>A_BtnPressedFlyby</PressedFlyby>
    </ButtonDrawTemplate>
    <Font>2</Font>
  </Button>
  <Button item="ELW_LabelSmallButton">
    <ScreenID>ELW_LabelSmallButton</ScreenID>
    <RelativePosition>true</RelativePosition>
    <Location>
      <X>1</X>
      <Y>77</Y>
    </Location>
    <Size>
      <CX>115</CX>
      <CY>16</CY>
    </Size>
    <Style_VScroll>false</Style_VScroll>
    <Style_HScroll>false</Style_HScroll>
    <Style_Transparent>false</Style_Transparent>
    <Style_Checkbox>true</Style_Checkbox>
    <RadioGroup>LabelSizeGroup</RadioGroup>
    <Text>Small Label</Text>
    <TextColor>
      <R>255</R>
      <G>255</G>
      <B>255</B>
    </TextColor>
    <ButtonDrawTemplate>
      <Normal>A_BtnNormal</Normal>
      <Pressed>A_BtnPressed</Pressed>
      <Flyby>A_BtnFlyby</Flyby>
      <Disabled>A_BtnDisabled</Disabled>
      <PressedFlyby>A_BtnPressedFlyby</PressedFlyby>
    </ButtonDrawTemplate>
    <Font>2</Font>
  </Button>
  <Button item="ELW_CancelButton">
    <ScreenID>ELW_CancelButton</ScreenID>
    <RelativePosition>true</RelativePosition>
    <Location>
      <X>6</X>
      <Y>101</Y>
    </Location>
    <Size>
      <CX>45</CX>
      <CY>16</CY>
    </Size>
    <Style_VScroll>false</Style_VScroll>
    <Style_HScroll>false</Style_HScroll>
    <Style_Transparent>false</Style_Transparent>
    <Text>Cancel</Text>
    <TextColor>
      <R>255</R>
      <G>255</G>
      <B>0</B>
    </TextColor>
    <ButtonDrawTemplate>
      <Normal>A_BtnNormal</Normal>
      <Pressed>A_BtnPressed</Pressed>
      <Flyby>A_BtnFlyby</Flyby>
      <Disabled>A_BtnDisabled</Disabled>
      <PressedFlyby>A_BtnPressedFlyby</PressedFlyby>
    </ButtonDrawTemplate>
    <Font>2</Font>
  </Button>
  <Button item="ELW_DoneButton">
    <ScreenID>ELW_DoneButton</ScreenID>
    <RelativePosition>true</RelativePosition>
    <Location>
      <X>67</X>
      <Y>101</Y>
    </Location>
    <Size>
      <CX>44</CX>
      <CY>16</CY>
    </Size>
    <Style_VScroll>false</Style_VScroll>
    <Style_HScroll>false</Style_HScroll>
    <Style_Transparent>false</Style_Transparent>
    <Text>Ok</Text>
    <TextColor>
      <R>0</R>
      <G>255</G>
      <B>0</B>
    </TextColor>
    <ButtonDrawTemplate>
      <Normal>A_BtnNormal</Normal>
      <Pressed>A_BtnPressed</Pressed>
      <Flyby>A_BtnFlyby</Flyby>
      <Disabled>A_BtnDisabled</Disabled>
      <PressedFlyby>A_BtnPressedFlyby</PressedFlyby>
    </ButtonDrawTemplate>
    <Font>2</Font>
  </Button>
  <Screen item="EditLabelWnd">
    <RelativePosition>false</RelativePosition>
    <Location>
      <X>200</X>
      <Y>200</Y>
    </Location>
    <Size>
      <CX>127</CX>
      <CY>141</CY>
    </Size>
    <Text>Sparxx - Labels</Text>
    <DrawTemplate>WDT_Rounded</DrawTemplate>
    <Style_Titlebar>true</Style_Titlebar>
    <Style_Closebox>true</Style_Closebox>
    <Style_Minimizebox>false</Style_Minimizebox>
    <Style_Border>true</Style_Border>
    <Style_Sizable>false</Style_Sizable>
    <Pieces>ELW_EnterTextLabel</Pieces>
    <Pieces>ELW_LabelTextEditbox</Pieces>
    <Pieces>ELW_ChooseColorButton</Pieces>
    <Pieces>ELW_TextSizeLabel</Pieces>
    <Pieces>ELW_LabelLargeButton</Pieces>
    <Pieces>ELW_LabelMediumButton</Pieces>
    <Pieces>ELW_LabelSmallButton</Pieces>
    <Pieces>ELW_CancelButton</Pieces>
    <Pieces>ELW_DoneButton</Pieces>
    <Font>2</Font>
  </Screen>
</XML>