<?xml version="1.0" encoding="us-ascii"?>
<XML ID="EQInterfaceDefinitionLanguage">
	<Schema xmlns="EverQuestData" xmlns:dt="EverQuestDataTypes" />
<!-- IceSy Adjustable 12 Spell Gem Bar 2018-->

 <SpellGem item="CSPW_Spell0">
    <ScreenID>CSPW_Spell0</ScreenID>
    <RelativePosition>true</RelativePosition>
      <Size>
      <CX>90</CX>
      <CY>32</CY>
    </Size>
    <SpellGemDrawTemplate>
      <Holder>A_BtnPressed</Holder>
      <Background>A_BtnFlyby</Background>
      <Highlight>A_SpellGemHighlight</Highlight>
    </SpellGemDrawTemplate>
    <SpellIconOffsetX>2</SpellIconOffsetX>
    <SpellIconOffsetY>2</SpellIconOffsetY>
  </SpellGem>
  <Label item="CSPW_Spell0_Name">
    <ScreenID>CSPW_Spell0_Name</ScreenID>
    <Font>1</Font>
    <RelativePosition>true</RelativePosition>
    <Location>
      <X>25</X>
      <Y>2</Y>
    </Location>
    <Size>
      <CX>60</CX>
      <CY>25</CY>
    </Size>
    <EQType>60</EQType>
    <TextColor>
      <R>255</R>
      <G>255</G>
      <B>255</B>
    </TextColor>
    <NoWrap>false</NoWrap>
    <AlignCenter>true</AlignCenter>
    <AlignRight>false</AlignRight>
    <Style_Tooltip>false</Style_Tooltip>
  </Label>

  
  <SpellGem item="CSPW_Spell1">
    <ScreenID>CSPW_Spell1</ScreenID>
    <RelativePosition>true</RelativePosition>
    <Size>
      <CX>90</CX>
      <CY>32</CY>
    </Size>
    <SpellGemDrawTemplate>
      <Holder>A_BtnPressed</Holder>
      <Background>A_BtnFlyby</Background>
      <Highlight>A_SpellGemHighlight</Highlight>
    </SpellGemDrawTemplate>
    <SpellIconOffsetX>2</SpellIconOffsetX>
    <SpellIconOffsetY>2</SpellIconOffsetY>
  </SpellGem>
  <Label item="CSPW_Spell1_Name">
    <ScreenID>CSPW_Spell1_Name</ScreenID>
    <Font>1</Font>
    <RelativePosition>true</RelativePosition>
    <Location>
      <X>25</X>
      <Y>2</Y>
    </Location>
    <Size>
      <CX>60</CX>
      <CY>25</CY>
    </Size>
    <EQType>61</EQType>
    <TextColor>
      <R>255</R>
      <G>255</G>
      <B>255</B>
    </TextColor>
    <NoWrap>false</NoWrap>
    <AlignCenter>true</AlignCenter>
    <AlignRight>false</AlignRight>
    <Style_Tooltip>false</Style_Tooltip>
  </Label>

  
  <SpellGem item="CSPW_Spell2">
    <ScreenID>CSPW_Spell2</ScreenID>
    <RelativePosition>true</RelativePosition>
    <Size>
      <CX>90</CX>
      <CY>32</CY>
    </Size>
    <SpellGemDrawTemplate>
      <Holder>A_BtnPressed</Holder>
      <Background>A_BtnFlyby</Background>
      <Highlight>A_SpellGemHighlight</Highlight>
    </SpellGemDrawTemplate>
    <SpellIconOffsetX>2</SpellIconOffsetX>
    <SpellIconOffsetY>2</SpellIconOffsetY>
  </SpellGem>
  <Label item="CSPW_Spell2_Name">
    <ScreenID>CSPW_Spell2_Name</ScreenID>
    <Font>1</Font>
    <RelativePosition>true</RelativePosition>
    <Location>
      <X>25</X>
      <Y>2</Y>
    </Location>
    <Size>
      <CX>60</CX>
      <CY>25</CY>
    </Size>
    <EQType>62</EQType>
    <TextColor>
      <R>255</R>
      <G>255</G>
      <B>255</B>
    </TextColor>
    <NoWrap>false</NoWrap>
    <AlignCenter>true</AlignCenter>
    <AlignRight>false</AlignRight>
    <Style_Tooltip>false</Style_Tooltip>
  </Label>


  <SpellGem item="CSPW_Spell3">
    <ScreenID>CSPW_Spell3</ScreenID>
    <RelativePosition>true</RelativePosition>
      <Size>
      <CX>90</CX>
      <CY>32</CY>
    </Size>
    <SpellGemDrawTemplate>
      <Holder>A_BtnPressed</Holder>
      <Background>A_BtnFlyby</Background>
      <Highlight>A_SpellGemHighlight</Highlight>
    </SpellGemDrawTemplate>
    <SpellIconOffsetX>2</SpellIconOffsetX>
    <SpellIconOffsetY>2</SpellIconOffsetY>
  </SpellGem>
  <Label item="CSPW_Spell3_Name">
    <ScreenID>CSPW_Spell3_Name</ScreenID>
    <Font>1</Font>
    <RelativePosition>true</RelativePosition>
    <Location>
      <X>25</X>
      <Y>2</Y>
    </Location>
    <Size>
      <CX>60</CX>
      <CY>25</CY>
    </Size>
    <EQType>63</EQType>
    <TextColor>
      <R>255</R>
      <G>255</G>
      <B>255</B>
    </TextColor>
    <NoWrap>false</NoWrap>
    <AlignCenter>true</AlignCenter>
    <AlignRight>false</AlignRight>
    <Style_Tooltip>false</Style_Tooltip>
  </Label>

  
  <SpellGem item="CSPW_Spell4">
    <ScreenID>CSPW_Spell4</ScreenID>
    <RelativePosition>true</RelativePosition>
    <Size>
      <CX>90</CX>
      <CY>32</CY>
    </Size>
    <SpellGemDrawTemplate>
      <Holder>A_BtnPressed</Holder>
      <Background>A_BtnFlyby</Background>
      <Highlight>A_SpellGemHighlight</Highlight>
    </SpellGemDrawTemplate>
    <SpellIconOffsetX>2</SpellIconOffsetX>
    <SpellIconOffsetY>2</SpellIconOffsetY>
  </SpellGem>
  <Label item="CSPW_Spell4_Name">
    <ScreenID>CSPW_Spell4_Name</ScreenID>
    <Font>1</Font>
    <RelativePosition>true</RelativePosition>
    <Location>
      <X>25</X>
      <Y>2</Y>
    </Location>
    <Size>
      <CX>60</CX>
      <CY>25</CY>
    </Size>
    <EQType>64</EQType>
    <TextColor>
      <R>255</R>
      <G>255</G>
      <B>255</B>
    </TextColor>
    <NoWrap>false</NoWrap>
    <AlignCenter>true</AlignCenter>
    <AlignRight>false</AlignRight>
    <Style_Tooltip>false</Style_Tooltip>
  </Label>

  
  <SpellGem item="CSPW_Spell5">
    <ScreenID>CSPW_Spell5</ScreenID>
    <RelativePosition>true</RelativePosition>
    <Size>
      <CX>90</CX>
      <CY>32</CY>
    </Size>
    <SpellGemDrawTemplate>
      <Holder>A_BtnPressed</Holder>
      <Background>A_BtnFlyby</Background>
      <Highlight>A_SpellGemHighlight</Highlight>
    </SpellGemDrawTemplate>
    <SpellIconOffsetX>2</SpellIconOffsetX>
    <SpellIconOffsetY>2</SpellIconOffsetY>
  </SpellGem>
  <Label item="CSPW_Spell5_Name">
    <ScreenID>CSPW_Spell5_Name</ScreenID>
    <Font>1</Font>
    <RelativePosition>true</RelativePosition>
    <Location>
      <X>25</X>
      <Y>2</Y>
    </Location>
    <Size>
      <CX>60</CX>
      <CY>25</CY>
    </Size>
    <EQType>65</EQType>
    <TextColor>
      <R>255</R>
      <G>255</G>
      <B>255</B>
    </TextColor>
    <NoWrap>false</NoWrap>
    <AlignCenter>true</AlignCenter>
    <AlignRight>false</AlignRight>
    <Style_Tooltip>false</Style_Tooltip>
  </Label>

  
  <SpellGem item="CSPW_Spell6">
    <ScreenID>CSPW_Spell6</ScreenID>
    <RelativePosition>true</RelativePosition>
    <Size>
      <CX>90</CX>
      <CY>32</CY>
    </Size>
    <SpellGemDrawTemplate>
      <Holder>A_BtnPressed</Holder>
      <Background>A_BtnFlyby</Background>
      <Highlight>A_SpellGemHighlight</Highlight>
    </SpellGemDrawTemplate>
    <SpellIconOffsetX>2</SpellIconOffsetX>
    <SpellIconOffsetY>2</SpellIconOffsetY>
  </SpellGem>
  <Label item="CSPW_Spell6_Name">
    <ScreenID>CSPW_Spell6_Name</ScreenID>
    <Font>1</Font>
    <RelativePosition>true</RelativePosition>
    <Location>
      <X>25</X>
      <Y>2</Y>
    </Location>
    <Size>
      <CX>60</CX>
      <CY>25</CY>
    </Size>
    <EQType>66</EQType>
    <TextColor>
      <R>255</R>
      <G>255</G>
      <B>255</B>
    </TextColor>
    <NoWrap>false</NoWrap>
    <AlignCenter>true</AlignCenter>
    <AlignRight>false</AlignRight>
    <Style_Tooltip>false</Style_Tooltip>
  </Label>

  
  <SpellGem item="CSPW_Spell7">
    <ScreenID>CSPW_Spell7</ScreenID>
    <RelativePosition>true</RelativePosition>
    <Size>
      <CX>90</CX>
      <CY>32</CY>
    </Size>
    <SpellGemDrawTemplate>
      <Holder>A_BtnPressed</Holder>
      <Background>A_BtnFlyby</Background>
      <Highlight>A_SpellGemHighlight</Highlight>
    </SpellGemDrawTemplate>
    <SpellIconOffsetX>2</SpellIconOffsetX>
    <SpellIconOffsetY>2</SpellIconOffsetY>
  </SpellGem>
  <Label item="CSPW_Spell7_Name">
    <ScreenID>CSPW_Spell7_Name</ScreenID>
    <Font>1</Font>
    <RelativePosition>true</RelativePosition>
    <Location>
      <X>25</X>
      <Y>2</Y>
    </Location>
    <Size>
      <CX>60</CX>
      <CY>25</CY>
    </Size>
    <EQType>67</EQType>
    <TextColor>
      <R>255</R>
      <G>255</G>
      <B>255</B>
    </TextColor>
    <NoWrap>false</NoWrap>
    <AlignCenter>true</AlignCenter>
    <AlignRight>false</AlignRight>
    <Style_Tooltip>false</Style_Tooltip>
  </Label>

  
  <SpellGem item="CSPW_Spell8">
    <ScreenID>CSPW_Spell8</ScreenID>
    <RelativePosition>true</RelativePosition>
     <Size>
      <CX>90</CX>
      <CY>32</CY>
    </Size>
    <SpellGemDrawTemplate>
      <Holder>A_BtnPressed</Holder>
      <Background>A_BtnFlyby</Background>
      <Highlight>A_SpellGemHighlight</Highlight>
    </SpellGemDrawTemplate>
    <SpellIconOffsetX>2</SpellIconOffsetX>
    <SpellIconOffsetY>2</SpellIconOffsetY>
  </SpellGem>
  <Label item="CSPW_Spell8_Name">
    <ScreenID>CSPW_Spell8_Name</ScreenID>
    <Font>1</Font>
    <RelativePosition>true</RelativePosition>
    <Location>
      <X>25</X>
      <Y>2</Y>
    </Location>
    <Size>
      <CX>60</CX>
      <CY>25</CY>
    </Size>
    <EQType>133</EQType>
    <TextColor>
      <R>255</R>
      <G>255</G>
      <B>255</B>
    </TextColor>
    <NoWrap>false</NoWrap>
    <AlignCenter>true</AlignCenter>
    <AlignRight>false</AlignRight>
    <Style_Tooltip>false</Style_Tooltip>
  </Label>

  
  <SpellGem item="CSPW_Spell9">
    <ScreenID>CSPW_Spell9</ScreenID>
    <RelativePosition>true</RelativePosition>
     <Size>
      <CX>90</CX>
      <CY>32</CY>
    </Size>
    <SpellGemDrawTemplate>
      <Holder>A_BtnPressed</Holder>
      <Background>A_BtnFlyby</Background>
      <Highlight>A_SpellGemHighlight</Highlight>
    </SpellGemDrawTemplate>
    <SpellIconOffsetX>2</SpellIconOffsetX>
    <SpellIconOffsetY>2</SpellIconOffsetY>
  </SpellGem>
  <Label item="CSPW_Spell9_Name">
    <ScreenID>CSPW_Spell9_Name</ScreenID>
    <Font>1</Font>
    <RelativePosition>true</RelativePosition>
    <Location>
      <X>25</X>
      <Y>2</Y>
    </Location>
    <Size>
      <CX>60</CX>
      <CY>25</CY>
    </Size>
    <EQType>138</EQType>
    <TextColor>
      <R>255</R>
      <G>255</G>
      <B>255</B>
    </TextColor>
    <NoWrap>false</NoWrap>
    <AlignCenter>true</AlignCenter>
    <AlignRight>false</AlignRight>
    <Style_Tooltip>false</Style_Tooltip>
  </Label>

  
  <SpellGem item="CSPW_Spell10">
    <ScreenID>CSPW_Spell10</ScreenID>
    <RelativePosition>true</RelativePosition>
     <Size>
      <CX>90</CX>
      <CY>32</CY>
    </Size>
    <SpellGemDrawTemplate>
      <Holder>A_BtnPressed</Holder>
      <Background>A_BtnFlyby</Background>
      <Highlight>A_SpellGemHighlight</Highlight>
    </SpellGemDrawTemplate>
    <SpellIconOffsetX>2</SpellIconOffsetX>
    <SpellIconOffsetY>2</SpellIconOffsetY>
  </SpellGem>
  <Label item="CSPW_Spell10_Name">
    <ScreenID>CSPW_Spell10_Name</ScreenID>
    <Font>1</Font>
    <RelativePosition>true</RelativePosition>
    <Location>
      <X>25</X>
      <Y>2</Y>
    </Location>
    <Size>
      <CX>60</CX>
      <CY>25</CY>
    </Size>
    <EQType>149</EQType>
    <TextColor>
      <R>255</R>
      <G>255</G>
      <B>255</B>
    </TextColor>
    <NoWrap>false</NoWrap>
    <AlignCenter>true</AlignCenter>
    <AlignRight>false</AlignRight>
    <Style_Tooltip>false</Style_Tooltip>
  </Label>

  
  <SpellGem item="CSPW_Spell11">
    <ScreenID>CSPW_Spell11</ScreenID>
    <RelativePosition>true</RelativePosition>
    <Size>
      <CX>90</CX>
      <CY>32</CY>
    </Size>
    <SpellGemDrawTemplate>
      <Holder>A_BtnPressed</Holder>
      <Background>A_BtnFlyby</Background>
      <Highlight>A_SpellGemHighlight</Highlight>
    </SpellGemDrawTemplate>
    <SpellIconOffsetX>2</SpellIconOffsetX>
    <SpellIconOffsetY>2</SpellIconOffsetY>
  </SpellGem>
  <Label item="CSPW_Spell11_Name">
    <ScreenID>CSPW_Spell11_Name</ScreenID>
    <Font>1</Font>
    <RelativePosition>true</RelativePosition>
    <Location>
      <X>25</X>
      <Y>2</Y>
    </Location>
    <Size>
      <CX>60</CX>
      <CY>25</CY>
    </Size>
    <EQType>150</EQType>
    <TextColor>
      <R>255</R>
      <G>255</G>
      <B>255</B>
    </TextColor>
    <NoWrap>false</NoWrap>
    <AlignCenter>true</AlignCenter>
    <AlignRight>false</AlignRight>
    <Style_Tooltip>false</Style_Tooltip>
  </Label>

<SpellGem item="CSPW_Spell12">
    <ScreenID>CSPW_Spell12</ScreenID>
    <RelativePosition>true</RelativePosition>
    <Size>
      <CX>90</CX>
      <CY>32</CY>
    </Size>
    <SpellGemDrawTemplate>
      <Holder>A_BtnPressed</Holder>
      <Background>A_BtnFlyby</Background>
      <Highlight>A_SpellGemHighlight</Highlight>
    </SpellGemDrawTemplate>
    <SpellIconOffsetX>2</SpellIconOffsetX>
    <SpellIconOffsetY>2</SpellIconOffsetY>
  </SpellGem>
  <Label item="CSPW_Spell12_Name">
    <ScreenID>CSPW_Spell12_Name</ScreenID>
    <Font>1</Font>
    <RelativePosition>true</RelativePosition>
    <Location>
      <X>25</X>
      <Y>2</Y>
    </Location>
    <Size>
      <CX>60</CX>
      <CY>25</CY>
    </Size>
    <EQType>414</EQType>
    <TextColor>
      <R>255</R>
      <G>255</G>
      <B>255</B>
    </TextColor>
    <NoWrap>false</NoWrap>
    <AlignCenter>true</AlignCenter>
    <AlignRight>false</AlignRight>
    <Style_Tooltip>false</Style_Tooltip>
  </Label>

<SpellGem item="CSPW_Spell13">
    <ScreenID>CSPW_Spell13</ScreenID>
    <RelativePosition>true</RelativePosition>
    <Size>
      <CX>90</CX>
      <CY>32</CY>
    </Size>
    <SpellGemDrawTemplate>
      <Holder>A_BtnPressed</Holder>
      <Background>A_BtnFlyby</Background>
      <Highlight>A_SpellGemHighlight</Highlight>
    </SpellGemDrawTemplate>
    <SpellIconOffsetX>2</SpellIconOffsetX>
    <SpellIconOffsetY>2</SpellIconOffsetY>
  </SpellGem>
  <Label item="CSPW_Spell13_Name">
    <ScreenID>CSPW_Spell13_Name</ScreenID>
    <Font>1</Font>
    <RelativePosition>true</RelativePosition>
    <Location>
      <X>25</X>
      <Y>2</Y>
    </Location>
    <Size>
      <CX>60</CX>
      <CY>25</CY>
    </Size>
    <EQType>415</EQType>
    <TextColor>
      <R>255</R>
      <G>255</G>
      <B>255</B>
    </TextColor>
    <NoWrap>false</NoWrap>
    <AlignCenter>true</AlignCenter>
    <AlignRight>false</AlignRight>
    <Style_Tooltip>false</Style_Tooltip>
  </Label>

	<Label item="CSPW_BookSpacer">
		<ScreenID>CSPW_BookSpacer</ScreenID>
		<RelativePosition>true</RelativePosition>
		<Size>
			<CX>40</CX>
			<CY>24</CY>
		</Size>
	</Label>
	<ButtonDrawTemplate item="BDT_BookBtn">
		<Normal>A_BookBtnNormal</Normal>
		<Pressed>A_BookBtnPressed</Pressed>
		<Flyby>A_BookBtnFlyby</Flyby>
		<Disabled>A_BookBtnDisabled</Disabled>
		<PressedFlyby>A_BookBtnPressedFlyby</PressedFlyby>
	</ButtonDrawTemplate>
	<Button item="CSPW_SpellBookH">
		<ScreenID>CSPW_SpellBookH</ScreenID>
		<RelativePosition>true</RelativePosition>
		<TooltipReference>Opens and closes Your Spellbook</TooltipReference>
		<Style_Checkbox>true</Style_Checkbox>
		<Template>BDT_BookBtn</Template>	
		<Size>
			<CX>20</CX>
			<CY>22</CY>
		</Size>
		<Location>
			<X>1</X>
			<Y>1</Y>
		</Location>
	</Button>
	<Button item="CSPW_SpellBookV">
		<ScreenID>CSPW_SpellBookV</ScreenID>
		<RelativePosition>true</RelativePosition>
		<TooltipReference>Opens and closes Your Spellbook</TooltipReference>
		<Style_Checkbox>true</Style_Checkbox>
		<Template>BDT_BookBtn</Template>
		<Size>
			<CX>20</CX>
			<CY>22</CY>
		</Size>
		<Location>
			<X>1</X>
			<Y>1</Y>
		</Location>
	</Button>	
	<Screen item="CSPW_ScreenSpellBookH">
		<ScreenID>CSPW_ScreenSpellBookH</ScreenID>
		<Size>
			<CX>22</CX>
			<CY>24</CY>
		</Size>
		<Pieces>CSPW_SpellBookH</Pieces>
		<Style_Sizable>false</Style_Sizable>
	</Screen>
	<Screen item="CSPW_ScreenSpellBookV">
		<ScreenID>CSPW_ScreenSpellBookV</ScreenID>
		<Size>
			<CX>22</CX>
			<CY>24</CY>
		</Size>
		<Pieces>CSPW_SpellBookV</Pieces>
		<Style_Sizable>false</Style_Sizable>
	</Screen>
	<Screen item="CSPW_HorizontalOrientationTemplate">
		<ScreenID>CSPW_HorizontalOrientationTemplate</ScreenID>
		<RelativePosition>true</RelativePosition>
		<AutoStretch>true</AutoStretch>
		<TopAnchorOffset>2</TopAnchorOffset>
		<BottomAnchorOffset>2</BottomAnchorOffset>
		<LeftAnchorOffset>2</LeftAnchorOffset>
		<RightAnchorOffset>24</RightAnchorOffset>	
		<TopAnchorToTop>true</TopAnchorToTop>
		<BottomAnchorToTop>false</BottomAnchorToTop>
		<LeftAnchorToLeft>true</LeftAnchorToLeft>
		<RightAnchorToLeft>false</RightAnchorToLeft>
		<UseInLayoutVertical>false</UseInLayoutVertical>
		<UseInLayoutHorizontal>false</UseInLayoutHorizontal>
	</Screen>
	<Screen item="CSPW_VerticalOrientationTemplate">
		<ScreenID>CSPW_VerticalOrientationTemplate</ScreenID>
		<RelativePosition>true</RelativePosition>
		<AutoStretch>true</AutoStretch>
		<TopAnchorOffset>2</TopAnchorOffset>
		<BottomAnchorOffset>26</BottomAnchorOffset>
		<LeftAnchorOffset>2</LeftAnchorOffset>
		<RightAnchorOffset>0</RightAnchorOffset>	
		<TopAnchorToTop>true</TopAnchorToTop>
		<BottomAnchorToTop>false</BottomAnchorToTop>
		<LeftAnchorToLeft>true</LeftAnchorToLeft>
		<RightAnchorToLeft>false</RightAnchorToLeft>
		<UseInLayoutVertical>false</UseInLayoutVertical>
		<UseInLayoutHorizontal>false</UseInLayoutHorizontal>
	</Screen>
  <LayoutBox item="CSPW_Gem0">
		<ScreenID>CSPW_Gem0</ScreenID>
	<RelativePosition>true</RelativePosition>
		<AutoStretch>false</AutoStretch>
		<Size>
			<CX>90</CX>
			<CY>32</CY>
		</Size>
		<Style_Transparent>true</Style_Transparent>
		<Style_Tooltip>true</Style_Tooltip>
		<Style_Titlebar>false</Style_Titlebar>
		<Style_Closebox>false</Style_Closebox>
		<Style_Minimizebox>false</Style_Minimizebox>
		<Style_Border>false</Style_Border>
		<Style_Sizable>false</Style_Sizable>
		<AnchorToTop>true</AnchorToTop>
		<AnchorToLeft>true</AnchorToLeft>
		<Pieces>SpellGem:CSPW_Spell0</Pieces>
		<Pieces>CSPW_Spell0_Name</Pieces>
</LayoutBox>
    <LayoutBox item="CSPW_Gem1">
		<ScreenID>CSPW_Gem1</ScreenID>
	<RelativePosition>true</RelativePosition>
		<AutoStretch>false</AutoStretch>
    <Size>
      <CX>90</CX>
      <CY>32</CY>
    </Size>
		<Style_Transparent>true</Style_Transparent>
		<Style_Tooltip>true</Style_Tooltip>
		<Style_Titlebar>false</Style_Titlebar>
		<Style_Closebox>false</Style_Closebox>
		<Style_Minimizebox>false</Style_Minimizebox>
		<Style_Border>false</Style_Border>
		<Style_Sizable>false</Style_Sizable>
		<AnchorToTop>true</AnchorToTop>
		<AnchorToLeft>true</AnchorToLeft>
		<Pieces>SpellGem:CSPW_Spell1</Pieces>
		<Pieces>CSPW_Spell1_Name</Pieces>
</LayoutBox>
   <LayoutBox item="CSPW_Gem2">
		<ScreenID>CSPW_Gem2</ScreenID>
	<RelativePosition>true</RelativePosition>
		<AutoStretch>false</AutoStretch>
    <Size>
      <CX>90</CX>
      <CY>32</CY>
    </Size>
		<Style_Transparent>true</Style_Transparent>
		<Style_Tooltip>true</Style_Tooltip>
		<Style_Titlebar>false</Style_Titlebar>
		<Style_Closebox>false</Style_Closebox>
		<Style_Minimizebox>false</Style_Minimizebox>
		<Style_Border>false</Style_Border>
		<Style_Sizable>false</Style_Sizable>
		<AnchorToTop>true</AnchorToTop>
		<AnchorToLeft>true</AnchorToLeft>
		<Pieces>SpellGem:CSPW_Spell2</Pieces>
		<Pieces>CSPW_Spell2_Name</Pieces>
</LayoutBox>
   <LayoutBox item="CSPW_Gem3">
		<ScreenID>CSPW_Gem3</ScreenID>
	<RelativePosition>true</RelativePosition>
		<AutoStretch>false</AutoStretch>
    <Size>
      <CX>90</CX>
      <CY>32</CY>
    </Size>
		<Style_Transparent>true</Style_Transparent>
		<Style_Tooltip>true</Style_Tooltip>
		<Style_Titlebar>false</Style_Titlebar>
		<Style_Closebox>false</Style_Closebox>
		<Style_Minimizebox>false</Style_Minimizebox>
		<Style_Border>false</Style_Border>
		<Style_Sizable>false</Style_Sizable>
		<AnchorToTop>true</AnchorToTop>
		<AnchorToLeft>true</AnchorToLeft>
		<Pieces>SpellGem:CSPW_Spell3</Pieces>
		<Pieces>CSPW_Spell3_Name</Pieces>
</LayoutBox>
   <LayoutBox item="CSPW_Gem4">
		<ScreenID>CSPW_Gem4</ScreenID>
	<RelativePosition>true</RelativePosition>
		<AutoStretch>false</AutoStretch>
    <Size>
      <CX>90</CX>
      <CY>32</CY>
    </Size>
		<Style_Transparent>true</Style_Transparent>
		<Style_Tooltip>true</Style_Tooltip>
		<Style_Titlebar>false</Style_Titlebar>
		<Style_Closebox>false</Style_Closebox>
		<Style_Minimizebox>false</Style_Minimizebox>
		<Style_Border>false</Style_Border>
		<Style_Sizable>false</Style_Sizable>
		<AnchorToTop>true</AnchorToTop>
		<AnchorToLeft>true</AnchorToLeft>
		<Pieces>SpellGem:CSPW_Spell4</Pieces>
		<Pieces>CSPW_Spell4_Name</Pieces>
</LayoutBox>
   <LayoutBox item="CSPW_Gem5">
		<ScreenID>CSPW_Gem5</ScreenID>
	<RelativePosition>true</RelativePosition>
		<AutoStretch>false</AutoStretch>
    <Size>
      <CX>90</CX>
      <CY>32</CY>
    </Size>
		<Style_Transparent>true</Style_Transparent>
		<Style_Tooltip>true</Style_Tooltip>
		<Style_Titlebar>false</Style_Titlebar>
		<Style_Closebox>false</Style_Closebox>
		<Style_Minimizebox>false</Style_Minimizebox>
		<Style_Border>false</Style_Border>
		<Style_Sizable>false</Style_Sizable>
		<AnchorToTop>true</AnchorToTop>
		<AnchorToLeft>true</AnchorToLeft>
		<Pieces>SpellGem:CSPW_Spell5</Pieces>
		<Pieces>CSPW_Spell5_Name</Pieces>
</LayoutBox>
   <LayoutBox item="CSPW_Gem6">
		<ScreenID>CSPW_Gem6</ScreenID>
	<RelativePosition>true</RelativePosition>
		<AutoStretch>false</AutoStretch>
    <Size>
      <CX>90</CX>
      <CY>32</CY>
    </Size>
		<Style_Transparent>true</Style_Transparent>
		<Style_Tooltip>true</Style_Tooltip>
		<Style_Titlebar>false</Style_Titlebar>
		<Style_Closebox>false</Style_Closebox>
		<Style_Minimizebox>false</Style_Minimizebox>
		<Style_Border>false</Style_Border>
		<Style_Sizable>false</Style_Sizable>
		<AnchorToTop>true</AnchorToTop>
		<AnchorToLeft>true</AnchorToLeft>
		<Pieces>SpellGem:CSPW_Spell6</Pieces>
		<Pieces>CSPW_Spell6_Name</Pieces>
</LayoutBox>
   <LayoutBox item="CSPW_Gem7">
		<ScreenID>CSPW_Gem7</ScreenID>
	<RelativePosition>true</RelativePosition>
		<AutoStretch>false</AutoStretch>
    <Size>
      <CX>90</CX>
      <CY>32</CY>
    </Size>
		<Style_Transparent>true</Style_Transparent>
		<Style_Tooltip>true</Style_Tooltip>
		<Style_Titlebar>false</Style_Titlebar>
		<Style_Closebox>false</Style_Closebox>
		<Style_Minimizebox>false</Style_Minimizebox>
		<Style_Border>false</Style_Border>
		<Style_Sizable>false</Style_Sizable>
		<AnchorToTop>true</AnchorToTop>
		<AnchorToLeft>true</AnchorToLeft>
		<Pieces>SpellGem:CSPW_Spell7</Pieces>
		<Pieces>CSPW_Spell7_Name</Pieces>
</LayoutBox>
   <LayoutBox item="CSPW_Gem8">
		<ScreenID>CSPW_Gem8</ScreenID>
	<RelativePosition>true</RelativePosition>
		<AutoStretch>false</AutoStretch>
    <Size>
      <CX>90</CX>
      <CY>32</CY>
    </Size>
		<Style_Transparent>true</Style_Transparent>
		<Style_Tooltip>true</Style_Tooltip>
		<Style_Titlebar>false</Style_Titlebar>
		<Style_Closebox>false</Style_Closebox>
		<Style_Minimizebox>false</Style_Minimizebox>
		<Style_Border>false</Style_Border>
		<Style_Sizable>false</Style_Sizable>
		<AnchorToTop>true</AnchorToTop>
		<AnchorToLeft>true</AnchorToLeft>
		<Pieces>SpellGem:CSPW_Spell8</Pieces>
		<Pieces>CSPW_Spell8_Name</Pieces>
</LayoutBox>
   <LayoutBox item="CSPW_Gem9">
		<ScreenID>CSPW_Gem9</ScreenID>
	<RelativePosition>true</RelativePosition>
		<AutoStretch>false</AutoStretch>
    <Size>
      <CX>90</CX>
      <CY>32</CY>
    </Size>
		<Style_Transparent>true</Style_Transparent>
		<Style_Tooltip>true</Style_Tooltip>
		<Style_Titlebar>false</Style_Titlebar>
		<Style_Closebox>false</Style_Closebox>
		<Style_Minimizebox>false</Style_Minimizebox>
		<Style_Border>false</Style_Border>
		<Style_Sizable>false</Style_Sizable>
		<AnchorToTop>true</AnchorToTop>
		<AnchorToLeft>true</AnchorToLeft>
		<Pieces>SpellGem:CSPW_Spell9</Pieces>
		<Pieces>CSPW_Spell9_Name</Pieces>
</LayoutBox>
   <LayoutBox item="CSPW_Gem10">
		<ScreenID>CSPW_Gem10</ScreenID>
	<RelativePosition>true</RelativePosition>
		<AutoStretch>false</AutoStretch>
    <Size>
      <CX>90</CX>
      <CY>32</CY>
    </Size>
		<Style_Transparent>true</Style_Transparent>
		<Style_Tooltip>true</Style_Tooltip>
		<Style_Titlebar>false</Style_Titlebar>
		<Style_Closebox>false</Style_Closebox>
		<Style_Minimizebox>false</Style_Minimizebox>
		<Style_Border>false</Style_Border>
		<Style_Sizable>false</Style_Sizable>
		<AnchorToTop>true</AnchorToTop>
		<AnchorToLeft>true</AnchorToLeft>
		<Pieces>SpellGem:CSPW_Spell10</Pieces>
		<Pieces>CSPW_Spell10_Name</Pieces>
</LayoutBox>
   <LayoutBox item="CSPW_Gem11">
		<ScreenID>CSPW_Gem11</ScreenID>
	<RelativePosition>true</RelativePosition>
		<AutoStretch>false</AutoStretch>
    <Size>
      <CX>90</CX>
      <CY>32</CY>
    </Size>
		<Style_Transparent>true</Style_Transparent>
		<Style_Tooltip>true</Style_Tooltip>
		<Style_Titlebar>false</Style_Titlebar>
		<Style_Closebox>false</Style_Closebox>
		<Style_Minimizebox>false</Style_Minimizebox>
		<Style_Border>false</Style_Border>
		<Style_Sizable>false</Style_Sizable>
		<AnchorToTop>true</AnchorToTop>
		<AnchorToLeft>true</AnchorToLeft>
		<Pieces>SpellGem:CSPW_Spell11</Pieces>
		<Pieces>CSPW_Spell11_Name</Pieces>
</LayoutBox>
   <LayoutBox item="CSPW_Gem12">
		<ScreenID>CSPW_Gem12</ScreenID>
	<RelativePosition>true</RelativePosition>
		<AutoStretch>false</AutoStretch>
    <Size>
      <CX>90</CX>
      <CY>32</CY>
    </Size>
		<Style_Transparent>true</Style_Transparent>
		<Style_Tooltip>true</Style_Tooltip>
		<Style_Titlebar>false</Style_Titlebar>
		<Style_Closebox>false</Style_Closebox>
		<Style_Minimizebox>false</Style_Minimizebox>
		<Style_Border>false</Style_Border>
		<Style_Sizable>false</Style_Sizable>
		<AnchorToTop>true</AnchorToTop>
		<AnchorToLeft>true</AnchorToLeft>
		<Pieces>SpellGem:CSPW_Spell12</Pieces>
		<Pieces>CSPW_Spell12_Name</Pieces>
</LayoutBox>
   <LayoutBox item="CSPW_Gem13">
		<ScreenID>CSPW_Gem13</ScreenID>
	<RelativePosition>true</RelativePosition>
		<AutoStretch>false</AutoStretch>
    <Size>
      <CX>90</CX>
      <CY>32</CY>
    </Size>
		<Style_Transparent>true</Style_Transparent>
		<Style_Tooltip>true</Style_Tooltip>
		<Style_Titlebar>false</Style_Titlebar>
		<Style_Closebox>false</Style_Closebox>
		<Style_Minimizebox>false</Style_Minimizebox>
		<Style_Border>false</Style_Border>
		<Style_Sizable>false</Style_Sizable>
		<AnchorToTop>true</AnchorToTop>
		<AnchorToLeft>true</AnchorToLeft>
		<Pieces>SpellGem:CSPW_Spell13</Pieces>
		<Pieces>CSPW_Spell13_Name</Pieces>
</LayoutBox>

	<TileLayoutBox item="CSPW_SpellGemLayout">
		<ScreenID>CSPW_SpellGemLayout</ScreenID>
		<RelativePosition>true</RelativePosition>
		<AutoStretch>true</AutoStretch>
		<BottomAnchorToTop>false</BottomAnchorToTop>
		<RightAnchorToLeft>false</RightAnchorToLeft>
		<Style_Transparent>true</Style_Transparent>
		<Style_TransparentControl>true</Style_TransparentControl>
		<Spacing>1</Spacing>
		<SecondarySpacing>1</SecondarySpacing>
		<HorizontalFirst>true</HorizontalFirst>
		<AnchorToTop>true</AnchorToTop>
		<AnchorToLeft>true</AnchorToLeft>
		<FirstPieceTemplate>true</FirstPieceTemplate>
		<SnapToChildren>true</SnapToChildren>
		<Pieces>LayoutBox:CSPW_Gem0</Pieces>
		<Pieces>LayoutBox:CSPW_Gem1</Pieces>
		<Pieces>LayoutBox:CSPW_Gem2</Pieces>
		<Pieces>LayoutBox:CSPW_Gem3</Pieces>
		<Pieces>LayoutBox:CSPW_Gem4</Pieces>
		<Pieces>LayoutBox:CSPW_Gem5</Pieces>
		<Pieces>LayoutBox:CSPW_Gem6</Pieces>
		<Pieces>LayoutBox:CSPW_Gem7</Pieces>
		<Pieces>LayoutBox:CSPW_Gem8</Pieces>
		<Pieces>LayoutBox:CSPW_Gem9</Pieces>
		<Pieces>LayoutBox:CSPW_Gem10</Pieces>
		<Pieces>LayoutBox:CSPW_Gem11</Pieces>

	</TileLayoutBox>
	<Screen item="CSPW_HorizontalOrientationBook">
		<ScreenID>CSPW_HorizontalOrientationBook</ScreenID>
		<RelativePosition>true</RelativePosition>
		<AutoStretch>true</AutoStretch>
		<TopAnchorOffset>7</TopAnchorOffset>
		<BottomAnchorOffset>31</BottomAnchorOffset>
		<LeftAnchorOffset>23</LeftAnchorOffset>
		<RightAnchorOffset>1</RightAnchorOffset>	
		<TopAnchorToTop>true</TopAnchorToTop>
		<BottomAnchorToTop>true</BottomAnchorToTop>
		<LeftAnchorToLeft>false</LeftAnchorToLeft>
		<RightAnchorToLeft>false</RightAnchorToLeft>
		<Style_Transparent>true</Style_Transparent>
		<UseInLayoutVertical>false</UseInLayoutVertical>
		<UseInLayoutHorizontal>false</UseInLayoutHorizontal>
		<Pieces>CSPW_ScreenSpellBookH</Pieces>
	</Screen>
	<Screen item="CSPW_VerticalOrientationBook">
		<ScreenID>CSPW_VerticalOrientationBook</ScreenID>
		<RelativePosition>true</RelativePosition>
		<AutoStretch>true</AutoStretch>
		<TopAnchorOffset>26</TopAnchorOffset>
		<BottomAnchorOffset>2</BottomAnchorOffset>
		<LeftAnchorOffset>2</LeftAnchorOffset>
		<RightAnchorOffset>34</RightAnchorOffset>	
		<TopAnchorToTop>false</TopAnchorToTop>
		<BottomAnchorToTop>false</BottomAnchorToTop>
		<LeftAnchorToLeft>true</LeftAnchorToLeft>
		<RightAnchorToLeft>true</RightAnchorToLeft>
		<Style_Transparent>true</Style_Transparent>
		<UseInLayoutVertical>false</UseInLayoutVertical>
		<UseInLayoutHorizontal>false</UseInLayoutHorizontal>
		<Pieces>CSPW_ScreenSpellBookV</Pieces>
	</Screen>
	<LayoutVertical item="CSPW_LayoutV">
		<Padding>0</Padding>
		<ResizeVertical>true</ResizeVertical>
		<ResizeHorizontal>true</ResizeHorizontal>
	</LayoutVertical>
	<Screen item="CastSpellWnd">
		<Layout>CSPW_LayoutV</Layout>
		<RelativePosition>false</RelativePosition>
		<Location>
			<X>0</X>
			<Y>25</Y>
		</Location>
		<Size>
			<CX>55</CX>
			<CY>373</CY>
		</Size>
		<Text>Spells</Text>
		<Style_Transparent>false</Style_Transparent>
		<TooltipReference>Allows you to cast your memorized spells</TooltipReference>
		<DrawTemplate>WDT_RoundedNoTitle</DrawTemplate>
		<Style_Titlebar>false</Style_Titlebar>
		<Style_Closebox>true</Style_Closebox>
		<Style_Minimizebox>false</Style_Minimizebox>
		<Style_Border>true</Style_Border>
		<Style_Sizable>true</Style_Sizable>
		<Style_ClientMovable>true</Style_ClientMovable>
		<Escapable>false</Escapable>
		<Pieces>TileLayoutBox:CSPW_SpellGemLayout</Pieces>
		<Pieces>Screen:CSPW_VerticalOrientationBook</Pieces>
		<Pieces>Screen:CSPW_HorizontalOrientationBook</Pieces>
		<Pieces>Screen:CSPW_HorizontalOrientationTemplate</Pieces>
		<Pieces>Screen:CSPW_VerticalOrientationTemplate</Pieces>
	</Screen>
</XML>
