<?xml version="1.0" encoding="us-ascii"?>
<XML ID="EQInterfaceDefinitionLanguage">
  <Schema xmlns="EverQuestData" xmlns:dt="EverQuestDataTypes" />
  <Label item="COMBW_MinTrivialText">
    <ScreenID />
    <Font>2</Font>
    <RelativePosition>true</RelativePosition>
    <Location>
      <X>17</X>
      <Y>276</Y>
    </Location>
    <Size>
      <CX>40</CX>
      <CY>14</CY>
    </Size>
    <Text>Min Triv</Text>
    <TextColor>
      <R>255</R>
      <G>255</G>
      <B>255</B>
    </TextColor>
    <NoWrap>false</NoWrap>
    <AlignCenter>false</AlignCenter>
    <AlignRight>false</AlignRight>
  </Label>
  <Editbox item="COMBW_MinTrivialEdit">
    <ScreenID>MinTrivialEdit</ScreenID>
    <DrawTemplate>WDT_Inner</DrawTemplate>
    <RelativePosition>true</RelativePosition>
    <TooltipReference />
    <Style_Border>true</Style_Border>
    <Location>
      <X>56</X>
      <Y>274</Y>
    </Location>
    <Size>
      <CX>30</CX>
      <CY>17</CY>
    </Size>
    <TextColor>
      <R>255</R>
      <G>255</G>
      <B>255</B>
    </TextColor>
    <Font>2</Font>
  </Editbox>
  <Label item="COMBW_MaxTrivialText">
    <ScreenID />
    <Font>2</Font>
    <RelativePosition>true</RelativePosition>
    <Location>
      <X>13</X>
      <Y>291</Y>
    </Location>
    <Size>
      <CX>43</CX>
      <CY>13</CY>
    </Size>
    <Text>Max Triv</Text>
    <TextColor>
      <R>255</R>
      <G>255</G>
      <B>255</B>
    </TextColor>
    <NoWrap>false</NoWrap>
    <AlignCenter>false</AlignCenter>
    <AlignRight>false</AlignRight>
  </Label>
  <Editbox item="COMBW_MaxTrivialEdit">
    <ScreenID>MaxTrivialEdit</ScreenID>
    <DrawTemplate>WDT_Inner</DrawTemplate>
    <RelativePosition>true</RelativePosition>
    <TooltipReference />
    <Style_Border>true</Style_Border>
    <Location>
      <X>56</X>
      <Y>290</Y>
    </Location>
    <Size>
      <CX>30</CX>
      <CY>17</CY>
    </Size>
    <TextColor>
      <R>255</R>
      <G>255</G>
      <B>255</B>
    </TextColor>
    <Font>2</Font>
  </Editbox>
  <Label item="COMBW_SearchTextText">
    <ScreenID />
    <Font>2</Font>
    <RelativePosition>true</RelativePosition>
    <Location>
      <X>-75</X>
      <Y>-44</Y>
    </Location>
    <Size>
      <CX>67</CX>
      <CY>24</CY>
    </Size>
    <Text>Partial Name:</Text>
    <TextColor>
      <R>255</R>
      <G>255</G>
      <B>255</B>
    </TextColor>
    <NoWrap>false</NoWrap>
    <AlignCenter>false</AlignCenter>
    <AlignRight>false</AlignRight>
  </Label>
  <Editbox item="COMBW_SearchTextEdit">
    <ScreenID>SearchTextEdit</ScreenID>
    <DrawTemplate>WDT_Inner</DrawTemplate>
    <RelativePosition>true</RelativePosition>
    <TooltipReference />
    <Style_Border>true</Style_Border>
    <Location>
      <X>2</X>
      <Y>306</Y>
    </Location>
    <Size>
      <CX>84</CX>
      <CY>17</CY>
    </Size>
    <TextColor>
      <R>255</R>
      <G>255</G>
      <B>255</B>
    </TextColor>
    <Font>2</Font>
  </Editbox>
  <Button item="COMBW_SearchButton">
    <ScreenID>SearchButton</ScreenID>
    <RelativePosition>true</RelativePosition>
    <Location>
      <X>2</X>
      <Y>323</Y>
    </Location>
    <Size>
      <CX>84</CX>
      <CY>19</CY>
    </Size>
    <Style_Transparent>false</Style_Transparent>
    <TooltipReference>Click this button to find recipes that match the criteria above.</TooltipReference>
    <Style_Checkbox>false</Style_Checkbox>
    <Text>Search Recipes</Text>
    <TextColor>
      <R>255</R>
      <G>255</G>
      <B>255</B>
    </TextColor>
    <ButtonDrawTemplate>
      <Normal>A_BtnNormal</Normal>
      <Pressed>A_BtnPressed</Pressed>
      <Flyby>A_BtnFlyby</Flyby>
      <Disabled>A_BtnDisabled</Disabled>
      <PressedFlyby>A_BtnPressedFlyby</PressedFlyby>
    </ButtonDrawTemplate>
    <Font>2</Font>
  </Button>
  <Label item="COMBW_KnownRecipeText">
    <ScreenID />
    <Font>2</Font>
    <RelativePosition>true</RelativePosition>
    <AutoStretch>False</AutoStretch>
    <LeftAnchorOffset>12</LeftAnchorOffset>
    <TopAnchorOffset>213</TopAnchorOffset>
    <RightAnchorOffset>-8</RightAnchorOffset>
    <BottomAnchorOffset>233</BottomAnchorOffset>
    <LeftAnchorToLeft>true</LeftAnchorToLeft>
    <TopAnchorToTop>true</TopAnchorToTop>
    <RightAnchorToLeft>false</RightAnchorToLeft>
    <BottomAnchorToTop>true</BottomAnchorToTop>
    <Text>Known Matching Recipes:</Text>
    <TextColor>
      <R>255</R>
      <G>255</G>
      <B>255</B>
    </TextColor>
    <NoWrap>true</NoWrap>
    <AlignCenter>false</AlignCenter>
    <AlignRight>false</AlignRight>
    <Location>
      <X>-164</X>
      <Y>-42</Y>
    </Location>
    <Size>
      <CX>154</CX>
      <CY>20</CY>
    </Size>
  </Label>
  <Listbox item="COMBW_RecipeList">
    <ScreenID>RecipeList</ScreenID>
    <DrawTemplate>WDT_Inner</DrawTemplate>
    <AutoStretch>true</AutoStretch>
    <LeftAnchorOffset>88</LeftAnchorOffset>
    <TopAnchorOffset>14</TopAnchorOffset>
    <RightAnchorOffset>2</RightAnchorOffset>
    <BottomAnchorOffset>2</BottomAnchorOffset>
    <BottomAnchorToTop>false&gt;</BottomAnchorToTop>
    <LeftAnchorToLeft>true</LeftAnchorToLeft>
    <TopAnchorToTop>true</TopAnchorToTop>
    <RightAnchorToLeft>false</RightAnchorToLeft>
    <Style_Border>true</Style_Border>
    <Style_VScroll>true</Style_VScroll>
    <Location>
      <X>1</X>
      <Y>0</Y>
    </Location>
    <Size>
      <CX>354</CX>
      <CY>119</CY>
    </Size>
    <Font>2</Font>
    <Columns>
      <Width>100</Width>
      <Heading>Recipe Name</Heading>
    </Columns>
    <Columns>
      <Width>50</Width>
      <Heading>Trivial</Heading>
    </Columns>
  </Listbox>
  <Label item="COMBW_FavoritesText">
    <ScreenID />
    <Font>2</Font>
    <RelativePosition>true</RelativePosition>
    <AutoStretch>False</AutoStretch>
    <LeftAnchorOffset>96</LeftAnchorOffset>
    <TopAnchorOffset>215</TopAnchorOffset>
    <RightAnchorOffset>173</RightAnchorOffset>
    <BottomAnchorOffset>237</BottomAnchorOffset>
    <LeftAnchorToLeft>true</LeftAnchorToLeft>
    <TopAnchorToTop>true</TopAnchorToTop>
    <RightAnchorToLeft>false</RightAnchorToLeft>
    <BottomAnchorToTop>true</BottomAnchorToTop>
    <Text>Favorites</Text>
    <TextColor>
      <R>255</R>
      <G>255</G>
      <B>255</B>
    </TextColor>
    <NoWrap>true</NoWrap>
    <AlignCenter>false</AlignCenter>
    <AlignRight>false</AlignRight>
    <Size>
      <CX>46</CX>
      <CY>18</CY>
    </Size>
    <Location>
      <X>-56</X>
      <Y>-37</Y>
    </Location>
  </Label>
  <Button item="COMBW_AddFavoriteButton">
    <ScreenID>AddFavoriteButton</ScreenID>
    <RelativePosition>true</RelativePosition>
    <Location>
      <X>2</X>
      <Y>370</Y>
    </Location>
    <Size>
      <CX>84</CX>
      <CY>19</CY>
    </Size>
    <Style_Transparent>false</Style_Transparent>
    <TooltipReference>Click this button to add the selected recipe to your favorites list.</TooltipReference>
    <Style_Checkbox>false</Style_Checkbox>
    <Text>Fav Add</Text>
    <TextColor>
      <R>255</R>
      <G>255</G>
      <B>255</B>
    </TextColor>
    <ButtonDrawTemplate>
      <Normal>A_BtnNormal</Normal>
      <Pressed>A_BtnPressed</Pressed>
      <Flyby>A_BtnFlyby</Flyby>
      <Disabled>A_BtnDisabled</Disabled>
      <PressedFlyby>A_BtnPressedFlyby</PressedFlyby>
    </ButtonDrawTemplate>
    <Font>2</Font>
  </Button>
  <Button item="COMBW_RemoveFavoriteButton">
    <ScreenID>RemoveFavoriteButton</ScreenID>
    <RelativePosition>true</RelativePosition>
    <Location>
      <X>2</X>
      <Y>389</Y>
    </Location>
    <Size>
      <CX>84</CX>
      <CY>19</CY>
    </Size>
    <Style_Transparent>false</Style_Transparent>
    <TooltipReference>Click this button to remove the selected recipe from your favorites list.</TooltipReference>
    <Style_Checkbox>false</Style_Checkbox>
    <Text>Fav Remove</Text>
    <TextColor>
      <R>255</R>
      <G>255</G>
      <B>255</B>
    </TextColor>
    <ButtonDrawTemplate>
      <Normal>A_BtnNormal</Normal>
      <Pressed>A_BtnPressed</Pressed>
      <Flyby>A_BtnFlyby</Flyby>
      <Disabled>A_BtnDisabled</Disabled>
      <PressedFlyby>A_BtnPressedFlyby</PressedFlyby>
    </ButtonDrawTemplate>
    <Font>2</Font>
  </Button>
  <Button item="COMBW_ShowFavoritesButton">
    <ScreenID>ShowFavoritesButton</ScreenID>
    <RelativePosition>true</RelativePosition>
    <Location>
      <X>2</X>
      <Y>351</Y>
    </Location>
    <Size>
      <CX>84</CX>
      <CY>19</CY>
    </Size>
    <Style_Transparent>false</Style_Transparent>
    <TooltipReference>Click this button to show your favorite recipes in the list.</TooltipReference>
    <Style_Checkbox>false</Style_Checkbox>
    <Text>Fav Show</Text>
    <TextColor>
      <R>255</R>
      <G>255</G>
      <B>255</B>
    </TextColor>
    <ButtonDrawTemplate>
      <Normal>A_BtnNormal</Normal>
      <Pressed>A_BtnPressed</Pressed>
      <Flyby>A_BtnFlyby</Flyby>
      <Disabled>A_BtnDisabled</Disabled>
      <PressedFlyby>A_BtnPressedFlyby</PressedFlyby>
    </ButtonDrawTemplate>
    <Font>2</Font>
  </Button>
  <Label item="COMBW_SkillLabel">
    <ScreenID>SkillLabel</ScreenID>
    <Font>2</Font>
    <RelativePosition>true</RelativePosition>
    <AutoStretch>False</AutoStretch>
    <LeftAnchorOffset>2</LeftAnchorOffset>
    <TopAnchorOffset>168</TopAnchorOffset>
    <RightAnchorOffset>2</RightAnchorOffset>
    <BottomAnchorOffset>190</BottomAnchorOffset>
    <LeftAnchorToLeft>true</LeftAnchorToLeft>
    <TopAnchorToTop>true</TopAnchorToTop>
    <RightAnchorToLeft>false</RightAnchorToLeft>
    <BottomAnchorToTop>true</BottomAnchorToTop>
    <Text>Tradeskill (300)</Text>
    <TextColor>
      <R>0</R>
      <G>255</G>
      <B>0</B>
    </TextColor>
    <NoWrap>true</NoWrap>
    <AlignCenter>false</AlignCenter>
    <AlignRight>true</AlignRight>
    <Location>
      <X>219</X>
      <Y>-1</Y>
    </Location>
    <Size>
      <CX>128</CX>
      <CY>15</CY>
    </Size>
  </Label>
  <Button item="COMBW_ContainerIcon">
    <ScreenID>ContainerIcon</ScreenID>
    <RelativePosition>true</RelativePosition>
    <Location>
      <X>23</X>
      <Y>14</Y>
    </Location>
    <Size>
      <CX>42</CX>
      <CY>42</CY>
    </Size>
    <TooltipReference>This is the currently open Tradeskill Container</TooltipReference>
    <Style_Checkbox>false</Style_Checkbox>
    <Template>BDT_DragItem</Template>
    <DecalOffset>
      <X>2</X>
      <Y>2</Y>
    </DecalOffset>
    <DecalSize>
      <CX>40</CX>
      <CY>40</CY>
    </DecalSize>
    <Font>2</Font>
  </Button>
  <Label item="COMBW_ContainerName">
    <ScreenID>ContainerName</ScreenID>
    <Font>2</Font>
    <RelativePosition>true</RelativePosition>
    <AutoStretch>False</AutoStretch>
    <LeftAnchorOffset>180</LeftAnchorOffset>
    <TopAnchorOffset>282</TopAnchorOffset>
    <RightAnchorOffset>68</RightAnchorOffset>
    <BottomAnchorOffset>302</BottomAnchorOffset>
    <LeftAnchorToLeft>true</LeftAnchorToLeft>
    <TopAnchorToTop>true</TopAnchorToTop>
    <RightAnchorToLeft>false</RightAnchorToLeft>
    <BottomAnchorToTop>true</BottomAnchorToTop>
    <Text>TS Container Name</Text>
    <TextColor>
      <R>255</R>
      <G>255</G>
      <B>255</B>
    </TextColor>
    <NoWrap>true</NoWrap>
    <AlignCenter>false</AlignCenter>
    <AlignRight>false</AlignRight>
    <Location>
      <X>4</X>
      <Y>-1</Y>
    </Location>
    <Size>
      <CX>146</CX>
      <CY>14</CY>
    </Size>
  </Label>
  <Button item="COMBW_ExperimentButton">
    <ScreenID>ExperimentButton</ScreenID>
    <RelativePosition>true</RelativePosition>
    <AutoStretch>False</AutoStretch>
    <LeftAnchorOffset>15</LeftAnchorOffset>
    <TopAnchorOffset>223</TopAnchorOffset>
    <RightAnchorOffset>25</RightAnchorOffset>
    <BottomAnchorOffset>247</BottomAnchorOffset>
    <LeftAnchorToLeft>true</LeftAnchorToLeft>
    <TopAnchorToTop>true</TopAnchorToTop>
    <RightAnchorToLeft>false</RightAnchorToLeft>
    <BottomAnchorToTop>true</BottomAnchorToTop>
    <Style_Transparent>false</Style_Transparent>
    <TooltipReference>Click this button to use the old tradeskill interface to experiment with recipes you don't know.</TooltipReference>
    <Style_Checkbox>false</Style_Checkbox>
    <Text>Experiment</Text>
    <TextColor>
      <R>255</R>
      <G>255</G>
      <B>0</B>
    </TextColor>
    <ButtonDrawTemplate>
      <Normal>A_BtnNormal</Normal>
      <Pressed>A_BtnPressed</Pressed>
      <Flyby>A_BtnFlyby</Flyby>
      <Disabled>A_BtnDisabled</Disabled>
      <PressedFlyby>A_BtnPressedFlyby</PressedFlyby>
    </ButtonDrawTemplate>
    <Location>
      <X>2</X>
      <Y>417</Y>
    </Location>
    <Size>
      <CX>84</CX>
      <CY>19</CY>
    </Size>
    <Font>2</Font>
  </Button>
  <Button item="COMBW_RequiredIcon0">
    <ScreenID>RequiredIcon0</ScreenID>
    <RelativePosition>true</RelativePosition>
    <Location>
      <X>2</X>
      <Y>60</Y>
    </Location>
    <Size>
      <CX>42</CX>
      <CY>42</CY>
    </Size>
    <TooltipReference>This area will display the components required for the selected recipe</TooltipReference>
    <Style_Checkbox>false</Style_Checkbox>
    <Template>BDT_DragItem</Template>
    <DecalOffset>
      <X>2</X>
      <Y>2</Y>
    </DecalOffset>
    <DecalSize>
      <CX>40</CX>
      <CY>40</CY>
    </DecalSize>
    <Font>2</Font>
  </Button>
  <Button item="COMBW_RequiredIcon1">
    <ScreenID>RequiredIcon1</ScreenID>
    <RelativePosition>true</RelativePosition>
    <Location>
      <X>44</X>
      <Y>60</Y>
    </Location>
    <Size>
      <CX>42</CX>
      <CY>42</CY>
    </Size>
    <TooltipReference>This area will display the components required for the selected recipe</TooltipReference>
    <Style_Checkbox>false</Style_Checkbox>
    <Template>BDT_DragItem</Template>
    <DecalOffset>
      <X>2</X>
      <Y>2</Y>
    </DecalOffset>
    <DecalSize>
      <CX>40</CX>
      <CY>40</CY>
    </DecalSize>
    <Font>2</Font>
  </Button>
  <Button item="COMBW_RequiredIcon2">
    <ScreenID>RequiredIcon2</ScreenID>
    <RelativePosition>true</RelativePosition>
    <Location>
      <X>2</X>
      <Y>102</Y>
    </Location>
    <Size>
      <CX>42</CX>
      <CY>42</CY>
    </Size>
    <TooltipReference>This area will display the components required for the selected recipe</TooltipReference>
    <Style_Checkbox>false</Style_Checkbox>
    <Template>BDT_DragItem</Template>
    <DecalOffset>
      <X>2</X>
      <Y>2</Y>
    </DecalOffset>
    <DecalSize>
      <CX>40</CX>
      <CY>40</CY>
    </DecalSize>
    <Font>2</Font>
  </Button>
  <Button item="COMBW_RequiredIcon3">
    <ScreenID>RequiredIcon3</ScreenID>
    <RelativePosition>true</RelativePosition>
    <Location>
      <X>44</X>
      <Y>102</Y>
    </Location>
    <Size>
      <CX>42</CX>
      <CY>42</CY>
    </Size>
    <TooltipReference>This area will display the components required for the selected recipe</TooltipReference>
    <Style_Checkbox>false</Style_Checkbox>
    <Template>BDT_DragItem</Template>
    <DecalOffset>
      <X>2</X>
      <Y>2</Y>
    </DecalOffset>
    <DecalSize>
      <CX>40</CX>
      <CY>40</CY>
    </DecalSize>
    <Font>2</Font>
  </Button>
  <Button item="COMBW_RequiredIcon4">
    <ScreenID>RequiredIcon4</ScreenID>
    <RelativePosition>true</RelativePosition>
    <Location>
      <X>2</X>
      <Y>144</Y>
    </Location>
    <Size>
      <CX>42</CX>
      <CY>42</CY>
    </Size>
    <TooltipReference>This area will display the components required for the selected recipe</TooltipReference>
    <Style_Checkbox>false</Style_Checkbox>
    <Template>BDT_DragItem</Template>
    <DecalOffset>
      <X>2</X>
      <Y>2</Y>
    </DecalOffset>
    <DecalSize>
      <CX>40</CX>
      <CY>40</CY>
    </DecalSize>
    <Font>2</Font>
  </Button>
  <Button item="COMBW_RequiredIcon5">
    <ScreenID>RequiredIcon5</ScreenID>
    <RelativePosition>true</RelativePosition>
    <Location>
      <X>44</X>
      <Y>144</Y>
    </Location>
    <Size>
      <CX>42</CX>
      <CY>42</CY>
    </Size>
    <TooltipReference>This area will display the components required for the selected recipe</TooltipReference>
    <Style_Checkbox>false</Style_Checkbox>
    <Template>BDT_DragItem</Template>
    <DecalOffset>
      <X>2</X>
      <Y>2</Y>
    </DecalOffset>
    <DecalSize>
      <CX>40</CX>
      <CY>40</CY>
    </DecalSize>
    <Font>2</Font>
  </Button>
  <Button item="COMBW_RequiredIcon6">
    <ScreenID>RequiredIcon6</ScreenID>
    <RelativePosition>true</RelativePosition>
    <Location>
      <X>2</X>
      <Y>186</Y>
    </Location>
    <Size>
      <CX>42</CX>
      <CY>42</CY>
    </Size>
    <TooltipReference>This area will display the components required for the selected recipe</TooltipReference>
    <Style_Checkbox>false</Style_Checkbox>
    <Template>BDT_DragItem</Template>
    <DecalOffset>
      <X>2</X>
      <Y>2</Y>
    </DecalOffset>
    <DecalSize>
      <CX>40</CX>
      <CY>40</CY>
    </DecalSize>
    <Font>2</Font>
  </Button>
  <Button item="COMBW_RequiredIcon7">
    <ScreenID>RequiredIcon7</ScreenID>
    <RelativePosition>true</RelativePosition>
    <Location>
      <X>44</X>
      <Y>186</Y>
    </Location>
    <Size>
      <CX>42</CX>
      <CY>42</CY>
    </Size>
    <TooltipReference>This area will display the components required for the selected recipe</TooltipReference>
    <Style_Checkbox>false</Style_Checkbox>
    <Template>BDT_DragItem</Template>
    <DecalOffset>
      <X>2</X>
      <Y>2</Y>
    </DecalOffset>
    <DecalSize>
      <CX>40</CX>
      <CY>40</CY>
    </DecalSize>
    <Font>2</Font>
  </Button>
  <Button item="COMBW_RequiredIcon8">
    <ScreenID>RequiredIcon8</ScreenID>
    <RelativePosition>true</RelativePosition>
    <Location>
      <X>2</X>
      <Y>228</Y>
    </Location>
    <Size>
      <CX>42</CX>
      <CY>42</CY>
    </Size>
    <TooltipReference>This area will display the components required for the selected recipe</TooltipReference>
    <Style_Checkbox>false</Style_Checkbox>
    <Template>BDT_DragItem</Template>
    <DecalOffset>
      <X>2</X>
      <Y>2</Y>
    </DecalOffset>
    <DecalSize>
      <CX>40</CX>
      <CY>40</CY>
    </DecalSize>
    <Font>2</Font>
  </Button>
  <Button item="COMBW_RequiredIcon9">
    <ScreenID>RequiredIcon9</ScreenID>
    <RelativePosition>true</RelativePosition>
    <Location>
      <X>44</X>
      <Y>228</Y>
    </Location>
    <Size>
      <CX>42</CX>
      <CY>42</CY>
    </Size>
    <TooltipReference>This area will display the components required for the selected recipe</TooltipReference>
    <Style_Checkbox>false</Style_Checkbox>
    <Template>BDT_DragItem</Template>
    <DecalOffset>
      <X>2</X>
      <Y>2</Y>
    </DecalOffset>
    <DecalSize>
      <CX>40</CX>
      <CY>40</CY>
    </DecalSize>
    <Font>2</Font>
  </Button>
  <Button item="COMBW_CombineButton">
    <ScreenID>CombineButton</ScreenID>
    <Font>2</Font>
    <RelativePosition>true</RelativePosition>
    <AutoStretch>False</AutoStretch>
    <LeftAnchorOffset>21</LeftAnchorOffset>
    <TopAnchorOffset>196</TopAnchorOffset>
    <RightAnchorOffset>19</RightAnchorOffset>
    <BottomAnchorOffset>226</BottomAnchorOffset>
    <LeftAnchorToLeft>true</LeftAnchorToLeft>
    <TopAnchorToTop>true</TopAnchorToTop>
    <RightAnchorToLeft>false</RightAnchorToLeft>
    <BottomAnchorToTop>true</BottomAnchorToTop>
    <Style_Transparent>false</Style_Transparent>
    <TooltipReference>Click this button to combine the selected recipe.</TooltipReference>
    <Style_Checkbox>false</Style_Checkbox>
    <Text>Combine</Text>
    <TextColor>
      <R>0</R>
      <G>255</G>
      <B>0</B>
    </TextColor>
    <ButtonDrawTemplate>
      <Normal>A_BtnNormal</Normal>
      <Pressed>A_BtnPressed</Pressed>
      <Flyby>A_BtnFlyby</Flyby>
      <Disabled>A_BtnDisabled</Disabled>
      <PressedFlyby>A_BtnPressedFlyby</PressedFlyby>
    </ButtonDrawTemplate>
    <Location>
      <X>2</X>
      <Y>446</Y>
    </Location>
    <Size>
      <CX>84</CX>
      <CY>27</CY>
    </Size>
  </Button>
  <Button item="COMBW_AutoInvButton">
    <ScreenID>AutoInvButton</ScreenID>
    <Font>2</Font>
    <RelativePosition>true</RelativePosition>
    <AutoStretch>False</AutoStretch>
    <LeftAnchorOffset>177</LeftAnchorOffset>
    <TopAnchorOffset>272</TopAnchorOffset>
    <RightAnchorOffset>74</RightAnchorOffset>
    <BottomAnchorOffset>250</BottomAnchorOffset>
    <LeftAnchorToLeft>true</LeftAnchorToLeft>
    <TopAnchorToTop>false</TopAnchorToTop>
    <RightAnchorToLeft>false</RightAnchorToLeft>
    <BottomAnchorToTop>false</BottomAnchorToTop>
    <Style_Transparent>false</Style_Transparent>
    <TooltipReference>Click this button to auto-inventory whatever is on your cursor.</TooltipReference>
    <Style_Checkbox>false</Style_Checkbox>
    <Text>Auto Inv</Text>
    <TextColor>
      <R>0</R>
      <G>255</G>
      <B>0</B>
    </TextColor>
    <ButtonDrawTemplate>
      <Normal>A_BtnNormal</Normal>
      <Pressed>A_BtnPressed</Pressed>
      <Flyby>A_BtnFlyby</Flyby>
      <Disabled>A_BtnDisabled</Disabled>
      <PressedFlyby>A_BtnPressedFlyby</PressedFlyby>
    </ButtonDrawTemplate>
    <Location>
      <X>2</X>
      <Y>473</Y>
    </Location>
    <Size>
      <CX>84</CX>
      <CY>27</CY>
    </Size>
  </Button>
  <Button item="COMBW_CloseButton">
    <ScreenID>CloseButton</ScreenID>
    <Font>2</Font>
    <RelativePosition>true</RelativePosition>
    <AutoStretch>False</AutoStretch>
    <LeftAnchorOffset>118</LeftAnchorOffset>
    <TopAnchorOffset>223</TopAnchorOffset>
    <RightAnchorOffset>181</RightAnchorOffset>
    <BottomAnchorOffset>201</BottomAnchorOffset>
    <LeftAnchorToLeft>true</LeftAnchorToLeft>
    <TopAnchorToTop>false</TopAnchorToTop>
    <RightAnchorToLeft>false</RightAnchorToLeft>
    <BottomAnchorToTop>false</BottomAnchorToTop>
    <Style_Transparent>false</Style_Transparent>
    <TooltipReference>Click this button to close the tradeskill window.</TooltipReference>
    <Style_Checkbox>false</Style_Checkbox>
    <Text>Close</Text>
    <TextColor>
      <R>255</R>
      <G>255</G>
      <B>255</B>
    </TextColor>
    <ButtonDrawTemplate>
      <Normal>A_BtnNormal</Normal>
      <Pressed>A_BtnPressed</Pressed>
      <Flyby>A_BtnFlyby</Flyby>
      <Disabled>A_BtnDisabled</Disabled>
      <PressedFlyby>A_BtnPressedFlyby</PressedFlyby>
    </ButtonDrawTemplate>
    <Location>
      <X>-77</X>
      <Y>-60</Y>
    </Location>
    <Size>
      <CX>68</CX>
      <CY>41</CY>
    </Size>
  </Button>
  <Screen item="TradeskillWnd">
    <RelativePosition>false</RelativePosition>
    <Location>
      <X>20</X>
      <Y>20</Y>
    </Location>
    <Size>
      <CX>306</CX>
      <CY>524</CY>
    </Size>
    <Text>Sparxx - Tradeskills</Text>
    <Style_Transparent>false</Style_Transparent>
    <DrawTemplate>WDT_Rounded</DrawTemplate>
    <Style_Titlebar>true</Style_Titlebar>
    <Style_Qmarkbox>true</Style_Qmarkbox>
    <Style_Closebox>true</Style_Closebox>
    <Style_Minimizebox>true</Style_Minimizebox>
    <Style_Border>true</Style_Border>
    <Style_Sizable>true</Style_Sizable>
    <MinVSize>502</MinVSize>
    <MinHSize>350</MinHSize>
    <Style_SizableBorderTop>false</Style_SizableBorderTop>
    <Style_SizableBorderTopLeft>false</Style_SizableBorderTopLeft>
    <Style_SizableBorderTopRight>false</Style_SizableBorderTopRight>
    <Style_SizableBorderRight>false</Style_SizableBorderRight>
    <Style_SizableBorderLeft>false</Style_SizableBorderLeft>
    <Style_SizableBorderBottom>false</Style_SizableBorderBottom>
    <Style_SizableBorderBottomLeft>false</Style_SizableBorderBottomLeft>
    <Pieces>COMBW_MinTrivialText</Pieces>
    <Pieces>COMBW_MinTrivialEdit</Pieces>
    <Pieces>COMBW_MaxTrivialText</Pieces>
    <Pieces>COMBW_MaxTrivialEdit</Pieces>
    <Pieces>COMBW_SearchTextText</Pieces>
    <Pieces>COMBW_SearchTextEdit</Pieces>
    <Pieces>COMBW_SearchButton</Pieces>
    <Pieces>COMBW_SkillLabel</Pieces>
    <Pieces>COMBW_ContainerIcon</Pieces>
    <Pieces>COMBW_ContainerName</Pieces>
    <Pieces>COMBW_ExperimentButton</Pieces>
    <Pieces>COMBW_RequiredIcon0</Pieces>
    <Pieces>COMBW_RequiredIcon1</Pieces>
    <Pieces>COMBW_RequiredIcon2</Pieces>
    <Pieces>COMBW_RequiredIcon3</Pieces>
    <Pieces>COMBW_RequiredIcon4</Pieces>
    <Pieces>COMBW_RequiredIcon5</Pieces>
    <Pieces>COMBW_RequiredIcon6</Pieces>
    <Pieces>COMBW_RequiredIcon7</Pieces>
    <Pieces>COMBW_RequiredIcon8</Pieces>
    <Pieces>COMBW_RequiredIcon9</Pieces>
    <Pieces>COMBW_CombineButton</Pieces>
    <Pieces>COMBW_AutoInvButton</Pieces>
    <Pieces>COMBW_CloseButton</Pieces>
    <Pieces>COMBW_KnownRecipeText</Pieces>
    <Pieces>COMBW_RecipeList</Pieces>
    <Pieces>COMBW_FavoritesText</Pieces>
    <Pieces>COMBW_AddFavoriteButton</Pieces>
    <Pieces>COMBW_RemoveFavoriteButton</Pieces>
    <Pieces>COMBW_ShowFavoritesButton</Pieces>
    <Font>2</Font>
    <AutoStretch>False</AutoStretch>
  </Screen>
</XML>