<?xml version="1.0" encoding="us-ascii"?>
<XML ID="EQInterfaceDefinitionLanguage">
  <Schema xmlns="EverQuestData" xmlns:dt="EverQuestDataTypes" />
  <!--Start Normal Spell window stuff-->
  <TextureInfo item="blackbackground.tga">
    <Size>
      <CX>256</CX>
      <CY>256</CY>
    </Size>
  </TextureInfo>
  <WindowDrawTemplate item="WDT_Nanan">
    <Background>blackbackground.tga</Background>
    <VSBTemplate>
      <UpButton>
        <Normal>A_VSBUpNormal</Normal>
        <Pressed>A_VSBUpPressed</Pressed>
        <Flyby>A_VSBUpFlyby</Flyby>
        <Disabled>A_VSBUpDisabled</Disabled>
        <PressedFlyby>A_VSBUpPressedFlyby</PressedFlyby>
      </UpButton>
      <DownButton>
        <Normal>A_VSBDownNormal</Normal>
        <Pressed>A_VSBDownPressed</Pressed>
        <Flyby>A_VSBDownFlyby</Flyby>
        <Disabled>A_VSBDownDisabled</Disabled>
        <PressedFlyby>A_VSBDownPressedFlyby</PressedFlyby>
      </DownButton>
      <Thumb>
        <Top>A_VSBThumbTop</Top>
        <Bottom>A_VSBThumbBottom</Bottom>
        <Middle>A_VSBThumbMiddle</Middle>
        <OverlapLeft>0</OverlapLeft>
        <OverlapTop>0</OverlapTop>
        <OverlapRight>0</OverlapRight>
        <OverlapBottom>0</OverlapBottom>
      </Thumb>
      <MiddleTextureInfo>scrollbar_gutter.tga</MiddleTextureInfo>
      <MiddleTint>
        <Alpha>255</Alpha>
        <R>128</R>
        <G>128</G>
        <B>128</B>
      </MiddleTint>
    </VSBTemplate>
    <HSBTemplate>
      <UpButton>
        <Normal>A_HSBLeftNormal</Normal>
        <Pressed>A_HSBLeftPressed</Pressed>
        <Flyby>A_HSBLeftFlyby</Flyby>
        <Disabled>A_HSBLeftDisabled</Disabled>
        <PressedFlyby>A_HSBLeftPressedFlyby</PressedFlyby>
      </UpButton>
      <DownButton>
        <Normal>A_HSBRightNormal</Normal>
        <Pressed>A_HSBRightPressed</Pressed>
        <Flyby>A_HSBRightFlyby</Flyby>
        <Disabled>A_HSBRightDisabled</Disabled>
        <PressedFlyby>A_HSBRightPressedFlyby</PressedFlyby>
      </DownButton>
      <Thumb>
        <Right>A_HSBThumbRight</Right>
        <Left>A_HSBThumbLeft</Left>
        <Middle>A_HSBThumbMiddle</Middle>
        <OverlapLeft>0</OverlapLeft>
        <OverlapTop>0</OverlapTop>
        <OverlapRight>0</OverlapRight>
        <OverlapBottom>0</OverlapBottom>
      </Thumb>
      <MiddleTextureInfo>scrollbar_gutter.tga</MiddleTextureInfo>
      <MiddleTint>
        <Alpha>255</Alpha>
        <R>128</R>
        <G>128</G>
        <B>128</B>
      </MiddleTint>
    </HSBTemplate>
    <CloseBox>
      <Normal>A_CloseBtnNormal</Normal>
      <Pressed>A_CloseBtnPressed</Pressed>
      <Flyby>A_CloseBtnFlyby</Flyby>
      <Disabled>A_CloseBtnDisabled</Disabled>
      <PressedFlyby>A_CloseBtnPressedFlyby</PressedFlyby>
    </CloseBox>
    <MinimizeBox>
      <Normal>A_MinimizeBtnNormal</Normal>
      <Pressed>A_MinimizeBtnPressed</Pressed>
      <Flyby>A_MinimizeBtnFlyby</Flyby>
      <Disabled>A_MinimizeBtnDisabled</Disabled>
      <PressedFlyby>A_MinimizeBtnPressedFlyby</PressedFlyby>
    </MinimizeBox>
    <TileBox>
      <Normal>A_TileBtnNormal</Normal>
      <Pressed>A_TileBtnPressed</Pressed>
      <Flyby>A_TileBtnFlyby</Flyby>
      <Disabled>A_TileBtnDisabled</Disabled>
      <PressedFlyby>A_TileBtnPressedFlyby</PressedFlyby>
    </TileBox>
    <Border>
      <TopLeft>A_RoundedFrameWithTitleTopLeft</TopLeft>
      <Top>A_RoundedFrameWithTitleTop</Top>
      <TopRight>A_RoundedFrameWithTitleTopRight</TopRight>
      <RightTop>A_RoundedFrameWithTitleRightTop</RightTop>
      <Right>A_RoundedFrameRight</Right>
      <RightBottom>A_RoundedFrameRightBottom</RightBottom>
      <BottomRight>A_RoundedFrameBottomRight</BottomRight>
      <Bottom>A_RoundedFrameBottom</Bottom>
      <BottomLeft>A_RoundedFrameBottomLeft</BottomLeft>
      <LeftTop>A_RoundedFrameWithTitleLeftTop</LeftTop>
      <Left>A_RoundedFrameLeft</Left>
      <LeftBottom>A_RoundedFrameLeftBottom</LeftBottom>
      <OverlapLeft>0</OverlapLeft>
      <OverlapTop>0</OverlapTop>
      <OverlapRight>0</OverlapRight>
      <OverlapBottom>0</OverlapBottom>
    </Border>
    <Titlebar>
      <Right>A_RoundedFrameTitleRight</Right>
      <Left>A_RoundedFrameTitleLeft</Left>
      <Middle>A_RoundedFrameTitleMiddle</Middle>
      <OverlapLeft>0</OverlapLeft>
      <OverlapTop>0</OverlapTop>
      <OverlapRight>0</OverlapRight>
      <OverlapBottom>0</OverlapBottom>
    </Titlebar>
  </WindowDrawTemplate>
  <Button item="SBW_Spell0">
    <ScreenID>SBW_Spell0</ScreenID>
    <Location>
      <X>4</X>
      <Y>16</Y>
    </Location>
    <Size>
      <CX>34</CX>
      <CY>34</CY>
    </Size>
    <Style_Checkbox>false</Style_Checkbox>
    <ButtonDrawTemplate>
      <Normal>BlueIconBackground</Normal>
      <NormalDecal>BuffIcons</NormalDecal>
    </ButtonDrawTemplate>
    <DecalOffset>
      <X>2</X>
      <Y>2</Y>
    </DecalOffset>
    <DecalSize>
      <CX>30</CX>
      <CY>30</CY>
    </DecalSize>
  </Button>
  <StaticText item="SBW_SpellName0">
    <ScreenID>SBW_SpellName0</ScreenID>
    <Font>1</Font>
    <Location>
      <X>39</X>
      <Y>20</Y>
    </Location>
    <Size>
      <CX>84</CX>
      <CY>27</CY>
    </Size>
    <Text>Super duper uber new spell</Text>
    <TextColor>
      <R>255</R>
      <G>255</G>
      <B>255</B>
    </TextColor>
    <AlignCenter>true</AlignCenter>
  </StaticText>
  <Button item="SBW_Spell1">
    <ScreenID>SBW_Spell1</ScreenID>
    <Location>
      <X>4</X>
      <Y>52</Y>
    </Location>
    <Size>
      <CX>34</CX>
      <CY>34</CY>
    </Size>
    <Style_Checkbox>false</Style_Checkbox>
    <ButtonDrawTemplate>
      <Normal>BlueIconBackground</Normal>
      <NormalDecal>BuffIcons</NormalDecal>
    </ButtonDrawTemplate>
    <DecalOffset>
      <X>2</X>
      <Y>2</Y>
    </DecalOffset>
    <DecalSize>
      <CX>30</CX>
      <CY>30</CY>
    </DecalSize>
  </Button>
  <StaticText item="SBW_SpellName1">
    <ScreenID>SBW_SpellName1</ScreenID>
    <Font>1</Font>
    <Location>
      <X>39</X>
      <Y>55</Y>
    </Location>
    <Size>
      <CX>84</CX>
      <CY>29</CY>
    </Size>
    <Text>Super duper uber new spell</Text>
    <TextColor>
      <R>255</R>
      <G>255</G>
      <B>255</B>
    </TextColor>
    <AlignCenter>true</AlignCenter>
  </StaticText>
  <Button item="SBW_Spell2">
    <ScreenID>SBW_Spell2</ScreenID>
    <Location>
      <X>4</X>
      <Y>87</Y>
    </Location>
    <Size>
      <CX>34</CX>
      <CY>34</CY>
    </Size>
    <Style_Checkbox>false</Style_Checkbox>
    <ButtonDrawTemplate>
      <Normal>BlueIconBackground</Normal>
      <NormalDecal>BuffIcons</NormalDecal>
    </ButtonDrawTemplate>
    <DecalOffset>
      <X>2</X>
      <Y>2</Y>
    </DecalOffset>
    <DecalSize>
      <CX>30</CX>
      <CY>30</CY>
    </DecalSize>
  </Button>
  <StaticText item="SBW_SpellName2">
    <ScreenID>SBW_SpellName2</ScreenID>
    <Font>1</Font>
    <Location>
      <X>39</X>
      <Y>90</Y>
    </Location>
    <Size>
      <CX>84</CX>
      <CY>29</CY>
    </Size>
    <Text>Super duper uber new spell</Text>
    <TextColor>
      <R>255</R>
      <G>255</G>
      <B>255</B>
    </TextColor>
    <AlignCenter>true</AlignCenter>
  </StaticText>
  <Button item="SBW_Spell3">
    <ScreenID>SBW_Spell3</ScreenID>
    <Location>
      <X>4</X>
      <Y>123</Y>
    </Location>
    <Size>
      <CX>34</CX>
      <CY>34</CY>
    </Size>
    <Style_Checkbox>false</Style_Checkbox>
    <ButtonDrawTemplate>
      <Normal>BlueIconBackground</Normal>
      <NormalDecal>BuffIcons</NormalDecal>
    </ButtonDrawTemplate>
    <DecalOffset>
      <X>2</X>
      <Y>2</Y>
    </DecalOffset>
    <DecalSize>
      <CX>30</CX>
      <CY>30</CY>
    </DecalSize>
  </Button>
  <StaticText item="SBW_SpellName3">
    <ScreenID>SBW_SpellName3</ScreenID>
    <Font>1</Font>
    <Location>
      <X>39</X>
      <Y>126</Y>
    </Location>
    <Size>
      <CX>84</CX>
      <CY>29</CY>
    </Size>
    <Text>Super duper uber new spell</Text>
    <TextColor>
      <R>255</R>
      <G>255</G>
      <B>255</B>
    </TextColor>
    <AlignCenter>true</AlignCenter>
  </StaticText>
  <Button item="SBW_Spell4">
    <ScreenID>SBW_Spell4</ScreenID>
    <Location>
      <X>4</X>
      <Y>158</Y>
    </Location>
    <Size>
      <CX>34</CX>
      <CY>34</CY>
    </Size>
    <Style_Checkbox>false</Style_Checkbox>
    <ButtonDrawTemplate>
      <Normal>BlueIconBackground</Normal>
      <NormalDecal>BuffIcons</NormalDecal>
    </ButtonDrawTemplate>
    <DecalOffset>
      <X>2</X>
      <Y>2</Y>
    </DecalOffset>
    <DecalSize>
      <CX>30</CX>
      <CY>30</CY>
    </DecalSize>
  </Button>
  <StaticText item="SBW_SpellName4">
    <ScreenID>SBW_SpellName4</ScreenID>
    <Font>1</Font>
    <Location>
      <X>38</X>
      <Y>162</Y>
    </Location>
    <Size>
      <CX>84</CX>
      <CY>29</CY>
    </Size>
    <Text>Super duper uber new spell</Text>
    <TextColor>
      <R>255</R>
      <G>255</G>
      <B>255</B>
    </TextColor>
    <AlignCenter>true</AlignCenter>
  </StaticText>
  <Button item="SBW_Spell5">
    <ScreenID>SBW_Spell5</ScreenID>
    <Location>
      <X>4</X>
      <Y>194</Y>
    </Location>
    <Size>
      <CX>34</CX>
      <CY>34</CY>
    </Size>
    <Style_Checkbox>false</Style_Checkbox>
    <ButtonDrawTemplate>
      <Normal>BlueIconBackground</Normal>
      <NormalDecal>BuffIcons</NormalDecal>
    </ButtonDrawTemplate>
    <DecalOffset>
      <X>2</X>
      <Y>2</Y>
    </DecalOffset>
    <DecalSize>
      <CX>30</CX>
      <CY>30</CY>
    </DecalSize>
  </Button>
  <StaticText item="SBW_SpellName5">
    <ScreenID>SBW_SpellName5</ScreenID>
    <Font>1</Font>
    <Location>
      <X>38</X>
      <Y>197</Y>
    </Location>
    <Size>
      <CX>84</CX>
      <CY>27</CY>
    </Size>
    <Text>Super duper uber new spell</Text>
    <TextColor>
      <R>255</R>
      <G>255</G>
      <B>255</B>
    </TextColor>
    <AlignCenter>true</AlignCenter>
  </StaticText>
  <Button item="SBW_Spell6">
    <ScreenID>SBW_Spell6</ScreenID>
    <Location>
      <X>4</X>
      <Y>229</Y>
    </Location>
    <Size>
      <CX>34</CX>
      <CY>34</CY>
    </Size>
    <Style_Checkbox>false</Style_Checkbox>
    <ButtonDrawTemplate>
      <Normal>BlueIconBackground</Normal>
      <NormalDecal>BuffIcons</NormalDecal>
    </ButtonDrawTemplate>
    <DecalOffset>
      <X>2</X>
      <Y>2</Y>
    </DecalOffset>
    <DecalSize>
      <CX>30</CX>
      <CY>30</CY>
    </DecalSize>
  </Button>
  <StaticText item="SBW_SpellName6">
    <ScreenID>SBW_SpellName6</ScreenID>
    <Font>1</Font>
    <Location>
      <X>39</X>
      <Y>231</Y>
    </Location>
    <Size>
      <CX>84</CX>
      <CY>30</CY>
    </Size>
    <Text>Super duper uber new spell</Text>
    <TextColor>
      <R>255</R>
      <G>255</G>
      <B>255</B>
    </TextColor>
    <AlignCenter>true</AlignCenter>
  </StaticText>
  <Button item="SBW_Spell7">
    <ScreenID>SBW_Spell7</ScreenID>
    <Location>
      <X>4</X>
      <Y>265</Y>
    </Location>
    <Size>
      <CX>34</CX>
      <CY>34</CY>
    </Size>
    <Style_Checkbox>false</Style_Checkbox>
    <ButtonDrawTemplate>
      <Normal>BlueIconBackground</Normal>
      <NormalDecal>BuffIcons</NormalDecal>
    </ButtonDrawTemplate>
    <DecalOffset>
      <X>2</X>
      <Y>2</Y>
    </DecalOffset>
    <DecalSize>
      <CX>30</CX>
      <CY>30</CY>
    </DecalSize>
  </Button>
  <StaticText item="SBW_SpellName7">
    <ScreenID>SBW_SpellName7</ScreenID>
    <Font>1</Font>
    <Location>
      <X>39</X>
      <Y>267</Y>
    </Location>
    <Size>
      <CX>84</CX>
      <CY>29</CY>
    </Size>
    <Text>Super duper uber new spell</Text>
    <TextColor>
      <R>255</R>
      <G>255</G>
      <B>255</B>
    </TextColor>
    <AlignCenter>true</AlignCenter>
  </StaticText>
  <Button item="SBW_Spell8">
    <ScreenID>SBW_Spell8</ScreenID>
    <Location>
      <X>125</X>
      <Y>16</Y>
    </Location>
    <Size>
      <CX>34</CX>
      <CY>34</CY>
    </Size>
    <Style_Checkbox>false</Style_Checkbox>
    <ButtonDrawTemplate>
      <Normal>BlueIconBackground</Normal>
      <NormalDecal>BuffIcons</NormalDecal>
    </ButtonDrawTemplate>
    <DecalOffset>
      <X>2</X>
      <Y>2</Y>
    </DecalOffset>
    <DecalSize>
      <CX>30</CX>
      <CY>30</CY>
    </DecalSize>
  </Button>
  <StaticText item="SBW_SpellName8">
    <ScreenID>SBW_SpellName8</ScreenID>
    <Font>1</Font>
    <Location>
      <X>160</X>
      <Y>18</Y>
    </Location>
    <Size>
      <CX>84</CX>
      <CY>29</CY>
    </Size>
    <Text>Super duper uber new spell</Text>
    <TextColor>
      <R>255</R>
      <G>255</G>
      <B>255</B>
    </TextColor>
    <AlignCenter>true</AlignCenter>
  </StaticText>
  <Button item="SBW_Spell9">
    <ScreenID>SBW_Spell9</ScreenID>
    <Location>
      <X>125</X>
      <Y>51</Y>
    </Location>
    <Size>
      <CX>34</CX>
      <CY>34</CY>
    </Size>
    <Style_Checkbox>false</Style_Checkbox>
    <ButtonDrawTemplate>
      <Normal>BlueIconBackground</Normal>
      <NormalDecal>BuffIcons</NormalDecal>
    </ButtonDrawTemplate>
    <DecalOffset>
      <X>2</X>
      <Y>2</Y>
    </DecalOffset>
    <DecalSize>
      <CX>30</CX>
      <CY>30</CY>
    </DecalSize>
  </Button>
  <StaticText item="SBW_SpellName9">
    <ScreenID>SBW_SpellName9</ScreenID>
    <Font>1</Font>
    <Location>
      <X>160</X>
      <Y>54</Y>
    </Location>
    <Size>
      <CX>84</CX>
      <CY>28</CY>
    </Size>
    <Text>Super duper uber new spell</Text>
    <TextColor>
      <R>255</R>
      <G>255</G>
      <B>255</B>
    </TextColor>
    <AlignCenter>true</AlignCenter>
  </StaticText>
  <Button item="SBW_Spell10">
    <ScreenID>SBW_Spell10</ScreenID>
    <Location>
      <X>125</X>
      <Y>87</Y>
    </Location>
    <Size>
      <CX>34</CX>
      <CY>34</CY>
    </Size>
    <Style_Checkbox>false</Style_Checkbox>
    <ButtonDrawTemplate>
      <Normal>BlueIconBackground</Normal>
      <NormalDecal>BuffIcons</NormalDecal>
    </ButtonDrawTemplate>
    <DecalOffset>
      <X>2</X>
      <Y>2</Y>
    </DecalOffset>
    <DecalSize>
      <CX>30</CX>
      <CY>30</CY>
    </DecalSize>
  </Button>
  <StaticText item="SBW_SpellName10">
    <ScreenID>SBW_SpellName10</ScreenID>
    <Font>1</Font>
    <Location>
      <X>160</X>
      <Y>90</Y>
    </Location>
    <Size>
      <CX>84</CX>
      <CY>29</CY>
    </Size>
    <Text>Super duper uber new spell</Text>
    <TextColor>
      <R>255</R>
      <G>255</G>
      <B>255</B>
    </TextColor>
    <AlignCenter>true</AlignCenter>
  </StaticText>
  <Button item="SBW_Spell11">
    <ScreenID>SBW_Spell11</ScreenID>
    <Location>
      <X>125</X>
      <Y>122</Y>
    </Location>
    <Size>
      <CX>34</CX>
      <CY>34</CY>
    </Size>
    <Style_Checkbox>false</Style_Checkbox>
    <ButtonDrawTemplate>
      <Normal>BlueIconBackground</Normal>
      <NormalDecal>BuffIcons</NormalDecal>
    </ButtonDrawTemplate>
    <DecalOffset>
      <X>2</X>
      <Y>2</Y>
    </DecalOffset>
    <DecalSize>
      <CX>30</CX>
      <CY>30</CY>
    </DecalSize>
  </Button>
  <StaticText item="SBW_SpellName11">
    <ScreenID>SBW_SpellName11</ScreenID>
    <Font>1</Font>
    <Location>
      <X>160</X>
      <Y>125</Y>
    </Location>
    <Size>
      <CX>84</CX>
      <CY>29</CY>
    </Size>
    <Text>Super duper uber new spell</Text>
    <TextColor>
      <R>255</R>
      <G>255</G>
      <B>255</B>
    </TextColor>
    <AlignCenter>true</AlignCenter>
  </StaticText>
  <Button item="SBW_Spell12">
    <ScreenID>SBW_Spell12</ScreenID>
    <Location>
      <X>125</X>
      <Y>229</Y>
    </Location>
    <Size>
      <CX>34</CX>
      <CY>34</CY>
    </Size>
    <Style_Checkbox>false</Style_Checkbox>
    <ButtonDrawTemplate>
      <Normal>BlueIconBackground</Normal>
      <NormalDecal>BuffIcons</NormalDecal>
    </ButtonDrawTemplate>
    <DecalOffset>
      <X>2</X>
      <Y>2</Y>
    </DecalOffset>
    <DecalSize>
      <CX>30</CX>
      <CY>30</CY>
    </DecalSize>
  </Button>
  <StaticText item="SBW_SpellName12">
    <ScreenID>SBW_SpellName12</ScreenID>
    <Font>1</Font>
    <Location>
      <X>160</X>
      <Y>232</Y>
    </Location>
    <Size>
      <CX>84</CX>
      <CY>28</CY>
    </Size>
    <Text>Super duper uber new spell</Text>
    <TextColor>
      <R>255</R>
      <G>255</G>
      <B>255</B>
    </TextColor>
    <AlignCenter>true</AlignCenter>
  </StaticText>
  <Button item="SBW_Spell13">
    <ScreenID>SBW_Spell13</ScreenID>
    <Location>
      <X>125</X>
      <Y>193</Y>
    </Location>
    <Size>
      <CX>34</CX>
      <CY>34</CY>
    </Size>
    <Style_Checkbox>false</Style_Checkbox>
    <ButtonDrawTemplate>
      <Normal>BlueIconBackground</Normal>
      <NormalDecal>BuffIcons</NormalDecal>
    </ButtonDrawTemplate>
    <DecalOffset>
      <X>2</X>
      <Y>2</Y>
    </DecalOffset>
    <DecalSize>
      <CX>30</CX>
      <CY>30</CY>
    </DecalSize>
  </Button>
  <StaticText item="SBW_SpellName13">
    <ScreenID>SBW_SpellName13</ScreenID>
    <Font>1</Font>
    <Location>
      <X>160</X>
      <Y>196</Y>
    </Location>
    <Size>
      <CX>84</CX>
      <CY>29</CY>
    </Size>
    <Text>Super duper uber new spell</Text>
    <TextColor>
      <R>255</R>
      <G>255</G>
      <B>255</B>
    </TextColor>
    <AlignCenter>true</AlignCenter>
  </StaticText>
  <Button item="SBW_Spell14">
    <ScreenID>SBW_Spell14</ScreenID>
    <Location>
      <X>125</X>
      <Y>158</Y>
    </Location>
    <Size>
      <CX>34</CX>
      <CY>34</CY>
    </Size>
    <Style_Checkbox>false</Style_Checkbox>
    <ButtonDrawTemplate>
      <Normal>BlueIconBackground</Normal>
      <NormalDecal>BuffIcons</NormalDecal>
    </ButtonDrawTemplate>
    <DecalOffset>
      <X>2</X>
      <Y>2</Y>
    </DecalOffset>
    <DecalSize>
      <CX>30</CX>
      <CY>30</CY>
    </DecalSize>
  </Button>
  <StaticText item="SBW_SpellName14">
    <ScreenID>SBW_SpellName14</ScreenID>
    <Font>1</Font>
    <Location>
      <X>160</X>
      <Y>161</Y>
    </Location>
    <Size>
      <CX>84</CX>
      <CY>28</CY>
    </Size>
    <Text>Super duper uber new spell</Text>
    <TextColor>
      <R>255</R>
      <G>255</G>
      <B>255</B>
    </TextColor>
    <AlignCenter>true</AlignCenter>
  </StaticText>
  <Button item="SBW_Spell15">
    <ScreenID>SBW_Spell15</ScreenID>
    <Location>
      <X>125</X>
      <Y>264</Y>
    </Location>
    <Size>
      <CX>34</CX>
      <CY>34</CY>
    </Size>
    <Style_Checkbox>false</Style_Checkbox>
    <ButtonDrawTemplate>
      <Normal>BlueIconBackground</Normal>
      <NormalDecal>BuffIcons</NormalDecal>
    </ButtonDrawTemplate>
    <DecalOffset>
      <X>2</X>
      <Y>2</Y>
    </DecalOffset>
    <DecalSize>
      <CX>30</CX>
      <CY>30</CY>
    </DecalSize>
  </Button>
  <StaticText item="SBW_SpellName15">
    <ScreenID>SBW_SpellName15</ScreenID>
    <Font>1</Font>
    <Location>
      <X>160</X>
      <Y>267</Y>
    </Location>
    <Size>
      <CX>84</CX>
      <CY>28</CY>
    </Size>
    <Text>Super duper uber new spell</Text>
    <TextColor>
      <R>255</R>
      <G>255</G>
      <B>255</B>
    </TextColor>
    <AlignCenter>true</AlignCenter>
  </StaticText>
  <Gauge item="SBW_Memorize_Gauge">
    <ScreenID>SBW_Memorize_Gauge</ScreenID>
    <Location>
      <X>75</X>
      <Y>305</Y>
    </Location>
    <Size>
      <CX>102</CX>
      <CY>8</CY>
    </Size>
    <GaugeDrawTemplate>
      <Background>A_GaugeBackground</Background>
      <Fill>A_GaugeFill</Fill>
      <Lines>A_GaugeLines</Lines>
      <LinesFill>A_GaugeLinesFill</LinesFill>
      <EndCapLeft>A_GaugeEndCapLeft</EndCapLeft>
      <EndCapRight>A_GaugeEndCapRight</EndCapRight>
    </GaugeDrawTemplate>
    <EQType>9</EQType>
    <FillTint>
      <R>200</R>
      <B>200</B>
    </FillTint>
    <DrawLinesFill>false</DrawLinesFill>
    <LinesFillTint />
    <GaugeOffsetY>-1</GaugeOffsetY>
    <GaugeOffsetX>-3</GaugeOffsetX>
  </Gauge>
  <Gauge item="SBW_Scribe_Gauge">
    <ScreenID>SBW_Memorize_Gauge</ScreenID>
    <Location>
      <X>75</X>
      <Y>316</Y>
    </Location>
    <Size>
      <CX>102</CX>
      <CY>8</CY>
    </Size>
    <GaugeDrawTemplate>
      <Background>A_GaugeBackground</Background>
      <Fill>A_GaugeFill</Fill>
      <Lines>A_GaugeLines</Lines>
      <LinesFill>A_GaugeLinesFill</LinesFill>
      <EndCapLeft>A_GaugeEndCapLeft</EndCapLeft>
      <EndCapRight>A_GaugeEndCapRight</EndCapRight>
    </GaugeDrawTemplate>
    <EQType>10</EQType>
    <FillTint>
      <R>200</R>
      <B>200</B>
    </FillTint>
    <DrawLinesFill>false</DrawLinesFill>
    <LinesFillTint />
    <GaugeOffsetY>-1</GaugeOffsetY>
    <GaugeOffsetX>-3</GaugeOffsetX>
  </Gauge>
  <Button item="SBW_MemPage0_Button">
    <ScreenID>SBW_MemPage0_Button</ScreenID>
    <Location>
      <X>0</X>
      <Y>0</Y>
    </Location>
    <Size>
      <CX>1</CX>
      <CY>1</CY>
    </Size>
    <Text>Mem. This Page</Text>
    <TextColor>
      <R>255</R>
      <G>255</G>
      <B>255</B>
    </TextColor>
    <Style_Checkbox>false</Style_Checkbox>
    <Text>Mem. This Page</Text>
    <ButtonDrawTemplate>
      <Normal>A_BtnNormal</Normal>
      <Pressed>A_BtnPressed</Pressed>
      <Flyby>A_BtnFlyby</Flyby>
      <Disabled>A_BtnDisabled</Disabled>
      <PressedFlyby>A_BtnPressedFlyby</PressedFlyby>
    </ButtonDrawTemplate>
  </Button>
  <Button item="SBW_MemPage1_Button">
    <ScreenID>SBW_MemPage1_Button</ScreenID>
    <Location>
      <X>0</X>
      <Y>0</Y>
    </Location>
    <Size>
      <CX>1</CX>
      <CY>1</CY>
    </Size>
    <Text>Mem. This Page</Text>
    <TextColor>
      <R>255</R>
      <G>255</G>
      <B>255</B>
    </TextColor>
    <Style_Checkbox>false</Style_Checkbox>
    <Text>Mem. This Page</Text>
    <ButtonDrawTemplate>
      <Normal>A_BtnNormal</Normal>
      <Pressed>A_BtnPressed</Pressed>
      <Flyby>A_BtnFlyby</Flyby>
      <Disabled>A_BtnDisabled</Disabled>
      <PressedFlyby>A_BtnPressedFlyby</PressedFlyby>
    </ButtonDrawTemplate>
  </Button>
  <Button item="SBW_PageDown_Button">
    <ScreenID>SBW_PageDown_Button</ScreenID>
    <Location>
      <X>4</X>
      <Y>305</Y>
    </Location>
    <Size>
      <CX>34</CX>
      <CY>20</CY>
    </Size>
    <Text />
    <Style_Checkbox>false</Style_Checkbox>
    <Text />
    <ButtonDrawTemplate>
      <Normal>A_HSBLeftNormal</Normal>
      <Pressed>A_HSBLeftPressed</Pressed>
      <Flyby>A_HSBLeftFlyby</Flyby>
      <Disabled>A_HSBLeftDisabled</Disabled>
      <PressedFlyby>A_HSBLeftPressedFlyby</PressedFlyby>
    </ButtonDrawTemplate>
  </Button>
  <Button item="SBW_PageUp_Button">
    <ScreenID>SBW_PageUp_Button</ScreenID>
    <Location>
      <X>38</X>
      <Y>305</Y>
    </Location>
    <Size>
      <CX>34</CX>
      <CY>20</CY>
    </Size>
    <Text />
    <Style_Checkbox>false</Style_Checkbox>
    <Text />
    <ButtonDrawTemplate>
      <Normal>A_HSBRightNormal</Normal>
      <Pressed>A_HSBRightPressed</Pressed>
      <Flyby>A_HSBRightFlyby</Flyby>
      <Disabled>A_HSBRightDisabled</Disabled>
      <PressedFlyby>A_HSBRightPressedFlyby</PressedFlyby>
    </ButtonDrawTemplate>
  </Button>
  <StaticText item="SBW_LeftPageNum">
    <ScreenID>SBW_LeftPageNum</ScreenID>
    <Location>
      <X>3</X>
      <Y>1</Y>
    </Location>
    <Size>
      <CX>26</CX>
      <CY>16</CY>
    </Size>
    <Text>100</Text>
    <TextColor>
      <R>255</R>
      <G>255</G>
      <B>255</B>
    </TextColor>
    <NoWrap>true</NoWrap>
    <AlignCenter>true</AlignCenter>
  </StaticText>
  <StaticText item="SBW_RightPageNum">
    <ScreenID>SBW_RightPageNum</ScreenID>
    <Location>
      <X>216</X>
      <Y>1</Y>
    </Location>
    <Size>
      <CX>24</CX>
      <CY>16</CY>
    </Size>
    <Text>101</Text>
    <TextColor>
      <R>255</R>
      <G>255</G>
      <B>255</B>
    </TextColor>
    <NoWrap>true</NoWrap>
    <AlignCenter>true</AlignCenter>
  </StaticText>
  <Button item="SBW_DoneButton">
    <ScreenID>DoneButton</ScreenID>
    <Location>
      <X>184</X>
      <Y>305</Y>
    </Location>
    <Size>
      <CX>54</CX>
      <CY>20</CY>
    </Size>
    <Text>Done</Text>
    <TextColor>
      <R>0</R>
      <G>255</G>
      <B>0</B>
    </TextColor>
    <Style_Checkbox>false</Style_Checkbox>
    <Text>Done</Text>
    <ButtonDrawTemplate>
      <Normal>A_BtnNormal</Normal>
      <Pressed>A_BtnPressed</Pressed>
      <Flyby>A_BtnFlyby</Flyby>
      <Disabled>A_BtnDisabled</Disabled>
      <PressedFlyby>A_BtnPressedFlyby</PressedFlyby>
    </ButtonDrawTemplate>
  </Button>
  <Screen item="SpellBookWnd">
    <RelativePosition>false</RelativePosition>
    <Location>
      <X>200</X>
      <Y>200</Y>
    </Location>
    <Size>
      <CX>254</CX>
      <CY>339</CY>
    </Size>
    <Text>Sparxx - Spell Book</Text>
    <Style_Border>true</Style_Border>
    <DrawTemplate>WDT_RoundedNoTitle</DrawTemplate>
    <Style_Titlebar>False</Style_Titlebar>
    <Style_Closebox>False</Style_Closebox>
    <Style_Minimizebox>False</Style_Minimizebox>
    <Style_Sizable>false</Style_Sizable>
    <Pieces>SBW_Spell0</Pieces>
    <Pieces>SBW_SpellName0</Pieces>
    <Pieces>SBW_Spell1</Pieces>
    <Pieces>SBW_SpellName1</Pieces>
    <Pieces>SBW_Spell2</Pieces>
    <Pieces>SBW_SpellName2</Pieces>
    <Pieces>SBW_Spell3</Pieces>
    <Pieces>SBW_SpellName3</Pieces>
    <Pieces>SBW_Spell4</Pieces>
    <Pieces>SBW_SpellName4</Pieces>
    <Pieces>SBW_Spell5</Pieces>
    <Pieces>SBW_SpellName5</Pieces>
    <Pieces>SBW_Spell6</Pieces>
    <Pieces>SBW_SpellName6</Pieces>
    <Pieces>SBW_Spell7</Pieces>
    <Pieces>SBW_SpellName7</Pieces>
    <Pieces>SBW_Spell8</Pieces>
    <Pieces>SBW_SpellName8</Pieces>
    <Pieces>SBW_Spell9</Pieces>
    <Pieces>SBW_SpellName9</Pieces>
    <Pieces>SBW_Spell10</Pieces>
    <Pieces>SBW_SpellName10</Pieces>
    <Pieces>SBW_Spell11</Pieces>
    <Pieces>SBW_SpellName11</Pieces>
    <Pieces>SBW_Spell12</Pieces>
    <Pieces>SBW_SpellName12</Pieces>
    <Pieces>SBW_Spell13</Pieces>
    <Pieces>SBW_SpellName13</Pieces>
    <Pieces>SBW_Spell14</Pieces>
    <Pieces>SBW_SpellName14</Pieces>
    <Pieces>SBW_Spell15</Pieces>
    <Pieces>SBW_SpellName15</Pieces>
    <Pieces>SBW_Memorize_Gauge</Pieces>
    <Pieces>SBW_Scribe_Gauge</Pieces>
    <Pieces>SBW_MemPage0_Button</Pieces>
    <Pieces>SBW_MemPage1_Button</Pieces>
    <Pieces>SBW_PageDown_Button</Pieces>
    <Pieces>SBW_PageUp_Button</Pieces>
    <Pieces>SBW_LeftPageNum</Pieces>
    <Pieces>SBW_RightPageNum</Pieces>
    <Pieces>SBW_DoneButton</Pieces>
    <Font>2</Font>
  </Screen>
</XML>