<?xml version="1.0" encoding="us-ascii"?>
<XML ID="EQInterfaceDefinitionLanguage">
	<Schema xmlns="EverQuestData" xmlns:dt="EverQuestDataTypes" />
	<Ui2DAnimation item="A_PetSpellIcons">
		<Cycle>false</Cycle>
		<Grid>true</Grid>
		<Vertical>false</Vertical>
		<CellHeight>40</CellHeight>
		<CellWidth>40</CellWidth>
		<Frames>
			<Texture>Spells01.tga</Texture>
			<Location>
				<X>0</X>
				<Y>0</Y>
			</Location>
			<Size>
				<CX>256</CX>
				<CY>256</CY>
			</Size>
			<Hotspot>
				<X>0</X>
				<Y>0</Y>
			</Hotspot>
			<Duration>1000</Duration>
		</Frames>
		<Frames>
			<Texture>Spells02.tga</Texture>
			<Location>
				<X>0</X>
				<Y>0</Y>
			</Location>
			<Size>
				<CX>256</CX>
				<CY>256</CY>
			</Size>
			<Hotspot>
				<X>0</X>
				<Y>0</Y>
			</Hotspot>
			<Duration>1000</Duration>
		</Frames>
		<Frames>
			<Texture>Spells03.tga</Texture>
			<Location>
				<X>0</X>
				<Y>0</Y>
			</Location>
			<Size>
				<CX>256</CX>
				<CY>256</CY>
			</Size>
			<Hotspot>
				<X>0</X>
				<Y>0</Y>
			</Hotspot>
			<Duration>1000</Duration>
		</Frames>
		<Frames>
			<Texture>Spells04.tga</Texture>
			<Location>
				<X>0</X>
				<Y>0</Y>
			</Location>
			<Size>
				<CX>256</CX>
				<CY>256</CY>
			</Size>
			<Hotspot>
				<X>0</X>
				<Y>0</Y>
			</Hotspot>
			<Duration>1000</Duration>
		</Frames>
		<Frames>
			<Texture>Spells05.tga</Texture>
			<Location>
				<X>0</X>
				<Y>0</Y>
			</Location>
			<Size>
				<CX>256</CX>
				<CY>256</CY>
			</Size>
			<Hotspot>
				<X>0</X>
				<Y>0</Y>
			</Hotspot>
			<Duration>1000</Duration>
		</Frames>
		<Frames>
			<Texture>Spells06.tga</Texture>
			<Location>
				<X>0</X>
				<Y>0</Y>
			</Location>
			<Size>
				<CX>256</CX>
				<CY>256</CY>
			</Size>
			<Hotspot>
				<X>0</X>
				<Y>0</Y>
			</Hotspot>
			<Duration>1000</Duration>
		</Frames>
		<Frames>
			<Texture>Spells07.tga</Texture>
			<Location>
				<X>0</X>
				<Y>0</Y>
			</Location>
			<Size>
				<CX>256</CX>
				<CY>256</CY>
			</Size>
			<Hotspot>
				<X>0</X>
				<Y>0</Y>
			</Hotspot>
			<Duration>1000</Duration>
		</Frames>
	</Ui2DAnimation>
	<Ui2DAnimation item="PetBlueIconBackground">
		<Cycle>true</Cycle>
		<Frames>
			<Texture>window_pieces06.tga</Texture>
			<Location>
				<X>208</X>
				<Y>200</Y>
			</Location>
			<Size>
				<CX>8</CX>
				<CY>8</CY>
			</Size>
			<Hotspot>
				<X>0</X>
				<Y>0</Y>
			</Hotspot>
			<Duration>1000</Duration>
		</Frames>
	</Ui2DAnimation>
	<Ui2DAnimation item="PetRedIconBackground">
		<Cycle>true</Cycle>
		<Frames>
			<Texture>window_pieces06.tga</Texture>
			<Location>
				<X>200</X>
				<Y>200</Y>
			</Location>
			<Size>
				<CX>8</CX>
				<CY>8</CY>
			</Size>
			<Hotspot>
				<X>0</X>
				<Y>0</Y>
			</Hotspot>
			<Duration>1000</Duration>
		</Frames>
	</Ui2DAnimation>
	<ButtonDrawTemplate item="BDT_PetRedBuff">
		<Normal>PetRedIconBackground</Normal>
		<NormalDecal>BuffIcons</NormalDecal>
	</ButtonDrawTemplate>
	<Button item="PIW_PetBuff0_Button">
		<ScreenID>PetBuff0</ScreenID>
		<RelativePosition>true</RelativePosition>
		<Size>
			<CX>24</CX>
			<CY>24</CY>
		</Size>
		<Style_VScroll>false</Style_VScroll>
		<Style_HScroll>false</Style_HScroll>
		<Style_Transparent>false</Style_Transparent>
		<Style_Checkbox>false</Style_Checkbox>
		<Template>BDT_PetRedBuff</Template>
		<DecalOffset>
			<X>2</X>
			<Y>2</Y>
		</DecalOffset>
		<DecalSize>
			<CX>20</CX>
			<CY>20</CY>
		</DecalSize>
	</Button>
	<Button item="PIW_PetBuff1_Button">
		<ScreenID>PetBuff1</ScreenID>
		<RelativePosition>true</RelativePosition>
		<Size>
			<CX>24</CX>
			<CY>24</CY>
		</Size>
		<Style_VScroll>false</Style_VScroll>
		<Style_HScroll>false</Style_HScroll>
		<Style_Transparent>false</Style_Transparent>
		<Style_Checkbox>false</Style_Checkbox>
		<Template>BDT_PetRedBuff</Template>
		<DecalOffset>
			<X>2</X>
			<Y>2</Y>
		</DecalOffset>
		<DecalSize>
			<CX>20</CX>
			<CY>20</CY>
		</DecalSize>
	</Button>
	<Button item="PIW_PetBuff2_Button">
		<ScreenID>PetBuff2</ScreenID>
		<RelativePosition>true</RelativePosition>
		<Size>
			<CX>24</CX>
			<CY>24</CY>
		</Size>
		<Style_VScroll>false</Style_VScroll>
		<Style_HScroll>false</Style_HScroll>
		<Style_Transparent>false</Style_Transparent>
		<Style_Checkbox>false</Style_Checkbox>
		<Template>BDT_PetRedBuff</Template>
		<DecalOffset>
			<X>2</X>
			<Y>2</Y>
		</DecalOffset>
		<DecalSize>
			<CX>20</CX>
			<CY>20</CY>
		</DecalSize>
	</Button>
	<Button item="PIW_PetBuff3_Button">
		<ScreenID>PetBuff3</ScreenID>
		<RelativePosition>true</RelativePosition>
		<Size>
			<CX>24</CX>
			<CY>24</CY>
		</Size>
		<Style_VScroll>false</Style_VScroll>
		<Style_HScroll>false</Style_HScroll>
		<Style_Transparent>false</Style_Transparent>
		<Style_Checkbox>false</Style_Checkbox>
		<Template>BDT_PetRedBuff</Template>
		<DecalOffset>
			<X>2</X>
			<Y>2</Y>
		</DecalOffset>
		<DecalSize>
			<CX>20</CX>
			<CY>20</CY>
		</DecalSize>
	</Button>
	<Button item="PIW_PetBuff4_Button">
		<ScreenID>PetBuff4</ScreenID>
		<RelativePosition>true</RelativePosition>
		<Size>
			<CX>24</CX>
			<CY>24</CY>
		</Size>
		<Style_VScroll>false</Style_VScroll>
		<Style_HScroll>false</Style_HScroll>
		<Style_Transparent>false</Style_Transparent>
		<Style_Checkbox>false</Style_Checkbox>
		<Template>BDT_PetRedBuff</Template>
		<DecalOffset>
			<X>2</X>
			<Y>2</Y>
		</DecalOffset>
		<DecalSize>
			<CX>20</CX>
			<CY>20</CY>
		</DecalSize>
	</Button>
	<Button item="PIW_PetBuff5_Button">
		<ScreenID>PetBuff5</ScreenID>
		<RelativePosition>true</RelativePosition>
		<Size>
			<CX>24</CX>
			<CY>24</CY>
		</Size>
		<Style_VScroll>false</Style_VScroll>
		<Style_HScroll>false</Style_HScroll>
		<Style_Transparent>false</Style_Transparent>
		<Style_Checkbox>false</Style_Checkbox>
		<Template>BDT_PetRedBuff</Template>
		<DecalOffset>
			<X>2</X>
			<Y>2</Y>
		</DecalOffset>
		<DecalSize>
			<CX>20</CX>
			<CY>20</CY>
		</DecalSize>
	</Button>
	<Button item="PIW_PetBuff6_Button">
		<ScreenID>PetBuff6</ScreenID>
		<RelativePosition>true</RelativePosition>
		<Size>
			<CX>24</CX>
			<CY>24</CY>
		</Size>
		<Style_VScroll>false</Style_VScroll>
		<Style_HScroll>false</Style_HScroll>
		<Style_Transparent>false</Style_Transparent>
		<Style_Checkbox>false</Style_Checkbox>
		<Template>BDT_PetRedBuff</Template>
		<DecalOffset>
			<X>2</X>
			<Y>2</Y>
		</DecalOffset>
		<DecalSize>
			<CX>20</CX>
			<CY>20</CY>
		</DecalSize>
	</Button>
	<Button item="PIW_PetBuff7_Button">
		<ScreenID>PetBuff7</ScreenID>
		<RelativePosition>true</RelativePosition>
		<Size>
			<CX>24</CX>
			<CY>24</CY>
		</Size>
		<Style_VScroll>false</Style_VScroll>
		<Style_HScroll>false</Style_HScroll>
		<Style_Transparent>false</Style_Transparent>
		<Style_Checkbox>false</Style_Checkbox>
		<Template>BDT_PetRedBuff</Template>
		<DecalOffset>
			<X>2</X>
			<Y>2</Y>
		</DecalOffset>
		<DecalSize>
			<CX>20</CX>
			<CY>20</CY>
		</DecalSize>
	</Button>
	<Button item="PIW_PetBuff8_Button">
		<ScreenID>PetBuff8</ScreenID>
		<RelativePosition>true</RelativePosition>
		<Size>
			<CX>24</CX>
			<CY>24</CY>
		</Size>
		<Style_VScroll>false</Style_VScroll>
		<Style_HScroll>false</Style_HScroll>
		<Style_Transparent>false</Style_Transparent>
		<Style_Checkbox>false</Style_Checkbox>
		<Template>BDT_PetRedBuff</Template>
		<DecalOffset>
			<X>2</X>
			<Y>2</Y>
		</DecalOffset>
		<DecalSize>
			<CX>20</CX>
			<CY>20</CY>
		</DecalSize>
	</Button>
	<Button item="PIW_PetBuff9_Button">
		<ScreenID>PetBuff9</ScreenID>
		<RelativePosition>true</RelativePosition>
		<Size>
			<CX>24</CX>
			<CY>24</CY>
		</Size>
		<Style_VScroll>false</Style_VScroll>
		<Style_HScroll>false</Style_HScroll>
		<Style_Transparent>false</Style_Transparent>
		<Style_Checkbox>false</Style_Checkbox>
		<Template>BDT_PetRedBuff</Template>
		<DecalOffset>
			<X>2</X>
			<Y>2</Y>
		</DecalOffset>
		<DecalSize>
			<CX>20</CX>
			<CY>20</CY>
		</DecalSize>
	</Button>
	<Button item="PIW_PetBuff10_Button">
		<ScreenID>PetBuff10</ScreenID>
		<RelativePosition>true</RelativePosition>
		<Size>
			<CX>24</CX>
			<CY>24</CY>
		</Size>
		<Style_VScroll>false</Style_VScroll>
		<Style_HScroll>false</Style_HScroll>
		<Style_Transparent>false</Style_Transparent>
		<Style_Checkbox>false</Style_Checkbox>
		<Template>BDT_PetRedBuff</Template>
		<DecalOffset>
			<X>2</X>
			<Y>2</Y>
		</DecalOffset>
		<DecalSize>
			<CX>20</CX>
			<CY>20</CY>
		</DecalSize>
	</Button>
	<Button item="PIW_PetBuff11_Button">
		<ScreenID>PetBuff11</ScreenID>
		<RelativePosition>true</RelativePosition>
		<Size>
			<CX>24</CX>
			<CY>24</CY>
		</Size>
		<Style_VScroll>false</Style_VScroll>
		<Style_HScroll>false</Style_HScroll>
		<Style_Transparent>false</Style_Transparent>
		<Style_Checkbox>false</Style_Checkbox>
		<Template>BDT_PetRedBuff</Template>
		<DecalOffset>
			<X>2</X>
			<Y>2</Y>
		</DecalOffset>
		<DecalSize>
			<CX>20</CX>
			<CY>20</CY>
		</DecalSize>
	</Button>
	<Button item="PIW_PetBuff12_Button">
		<ScreenID>PetBuff12</ScreenID>
		<RelativePosition>true</RelativePosition>
		<Size>
			<CX>24</CX>
			<CY>24</CY>
		</Size>
		<Style_VScroll>false</Style_VScroll>
		<Style_HScroll>false</Style_HScroll>
		<Style_Transparent>false</Style_Transparent>
		<Style_Checkbox>false</Style_Checkbox>
		<Template>BDT_PetRedBuff</Template>
		<DecalOffset>
			<X>2</X>
			<Y>2</Y>
		</DecalOffset>
		<DecalSize>
			<CX>20</CX>
			<CY>20</CY>
		</DecalSize>
	</Button>
	<Button item="PIW_PetBuff13_Button">
		<ScreenID>PetBuff13</ScreenID>
		<RelativePosition>true</RelativePosition>
		<Size>
			<CX>24</CX>
			<CY>24</CY>
		</Size>
		<Style_VScroll>false</Style_VScroll>
		<Style_HScroll>false</Style_HScroll>
		<Style_Transparent>false</Style_Transparent>
		<Style_Checkbox>false</Style_Checkbox>
		<Template>BDT_PetRedBuff</Template>
		<DecalOffset>
			<X>2</X>
			<Y>2</Y>
		</DecalOffset>
		<DecalSize>
			<CX>20</CX>
			<CY>20</CY>
		</DecalSize>
	</Button>
	<Button item="PIW_PetBuff14_Button">
		<ScreenID>PetBuff14</ScreenID>
		<RelativePosition>true</RelativePosition>
		<Size>
			<CX>24</CX>
			<CY>24</CY>
		</Size>
		<Style_VScroll>false</Style_VScroll>
		<Style_HScroll>false</Style_HScroll>
		<Style_Transparent>false</Style_Transparent>
		<Style_Checkbox>false</Style_Checkbox>
		<Template>BDT_PetRedBuff</Template>
		<DecalOffset>
			<X>2</X>
			<Y>2</Y>
		</DecalOffset>
		<DecalSize>
			<CX>20</CX>
			<CY>20</CY>
		</DecalSize>
	</Button>
	<Button item="PIW_PetBuff15_Button">
		<ScreenID>PetBuff15</ScreenID>
		<RelativePosition>true</RelativePosition>
		<Size>
			<CX>24</CX>
			<CY>24</CY>
		</Size>
		<Style_VScroll>false</Style_VScroll>
		<Style_HScroll>false</Style_HScroll>
		<Style_Transparent>false</Style_Transparent>
		<Style_Checkbox>false</Style_Checkbox>
		<Template>BDT_PetRedBuff</Template>
		<DecalOffset>
			<X>2</X>
			<Y>2</Y>
		</DecalOffset>
		<DecalSize>
			<CX>20</CX>
			<CY>20</CY>
		</DecalSize>
	</Button>
	<Button item="PIW_PetBuff16_Button">
		<ScreenID>PetBuff16</ScreenID>
		<RelativePosition>true</RelativePosition>
		<Size>
			<CX>24</CX>
			<CY>24</CY>
		</Size>
		<Style_VScroll>false</Style_VScroll>
		<Style_HScroll>false</Style_HScroll>
		<Style_Transparent>false</Style_Transparent>
		<Style_Checkbox>false</Style_Checkbox>
		<Template>BDT_PetRedBuff</Template>
		<DecalOffset>
			<X>2</X>
			<Y>2</Y>
		</DecalOffset>
		<DecalSize>
			<CX>20</CX>
			<CY>20</CY>
		</DecalSize>
	</Button>
	<Button item="PIW_PetBuff17_Button">
		<ScreenID>PetBuff17</ScreenID>
		<RelativePosition>true</RelativePosition>
		<Size>
			<CX>24</CX>
			<CY>24</CY>
		</Size>
		<Style_VScroll>false</Style_VScroll>
		<Style_HScroll>false</Style_HScroll>
		<Style_Transparent>false</Style_Transparent>
		<Style_Checkbox>false</Style_Checkbox>
		<Template>BDT_PetRedBuff</Template>
		<DecalOffset>
			<X>2</X>
			<Y>2</Y>
		</DecalOffset>
		<DecalSize>
			<CX>20</CX>
			<CY>20</CY>
		</DecalSize>
	</Button>
	<Button item="PIW_PetBuff18_Button">
		<ScreenID>PetBuff18</ScreenID>
		<RelativePosition>true</RelativePosition>
		<Size>
			<CX>24</CX>
			<CY>24</CY>
		</Size>
		<Style_VScroll>false</Style_VScroll>
		<Style_HScroll>false</Style_HScroll>
		<Style_Transparent>false</Style_Transparent>
		<Style_Checkbox>false</Style_Checkbox>
		<Template>BDT_PetRedBuff</Template>
		<DecalOffset>
			<X>2</X>
			<Y>2</Y>
		</DecalOffset>
		<DecalSize>
			<CX>20</CX>
			<CY>20</CY>
		</DecalSize>
	</Button>
	<Button item="PIW_PetBuff19_Button">
		<ScreenID>PetBuff19</ScreenID>
		<RelativePosition>true</RelativePosition>
		<Size>
			<CX>24</CX>
			<CY>24</CY>
		</Size>
		<Style_VScroll>false</Style_VScroll>
		<Style_HScroll>false</Style_HScroll>
		<Style_Transparent>false</Style_Transparent>
		<Style_Checkbox>false</Style_Checkbox>
		<Template>BDT_PetRedBuff</Template>
		<DecalOffset>
			<X>2</X>
			<Y>2</Y>
		</DecalOffset>
		<DecalSize>
			<CX>20</CX>
			<CY>20</CY>
		</DecalSize>
	</Button>
	<Button item="PIW_PetBuff20_Button">
		<ScreenID>PetBuff20</ScreenID>
		<RelativePosition>true</RelativePosition>
		<Size>
			<CX>24</CX>
			<CY>24</CY>
		</Size>
		<Style_VScroll>false</Style_VScroll>
		<Style_HScroll>false</Style_HScroll>
		<Style_Transparent>false</Style_Transparent>
		<Style_Checkbox>false</Style_Checkbox>
		<Template>BDT_PetRedBuff</Template>
		<DecalOffset>
			<X>2</X>
			<Y>2</Y>
		</DecalOffset>
		<DecalSize>
			<CX>20</CX>
			<CY>20</CY>
		</DecalSize>
	</Button>
	<Button item="PIW_PetBuff21_Button">
		<ScreenID>PetBuff21</ScreenID>
		<RelativePosition>true</RelativePosition>
		<Size>
			<CX>24</CX>
			<CY>24</CY>
		</Size>
		<Style_VScroll>false</Style_VScroll>
		<Style_HScroll>false</Style_HScroll>
		<Style_Transparent>false</Style_Transparent>
		<Style_Checkbox>false</Style_Checkbox>
		<Template>BDT_PetRedBuff</Template>
		<DecalOffset>
			<X>2</X>
			<Y>2</Y>
		</DecalOffset>
		<DecalSize>
			<CX>20</CX>
			<CY>20</CY>
		</DecalSize>
	</Button>
	<Button item="PIW_PetBuff22_Button">
		<ScreenID>PetBuff22</ScreenID>
		<RelativePosition>true</RelativePosition>
		<Size>
			<CX>24</CX>
			<CY>24</CY>
		</Size>
		<Style_VScroll>false</Style_VScroll>
		<Style_HScroll>false</Style_HScroll>
		<Style_Transparent>false</Style_Transparent>
		<Style_Checkbox>false</Style_Checkbox>
		<Template>BDT_PetRedBuff</Template>
		<DecalOffset>
			<X>2</X>
			<Y>2</Y>
		</DecalOffset>
		<DecalSize>
			<CX>20</CX>
			<CY>20</CY>
		</DecalSize>
	</Button>
	<Button item="PIW_PetBuff23_Button">
		<ScreenID>PetBuff23</ScreenID>
		<RelativePosition>true</RelativePosition>
		<Size>
			<CX>24</CX>
			<CY>24</CY>
		</Size>
		<Style_VScroll>false</Style_VScroll>
		<Style_HScroll>false</Style_HScroll>
		<Style_Transparent>false</Style_Transparent>
		<Style_Checkbox>false</Style_Checkbox>
		<Template>BDT_PetRedBuff</Template>
		<DecalOffset>
			<X>2</X>
			<Y>2</Y>
		</DecalOffset>
		<DecalSize>
			<CX>20</CX>
			<CY>20</CY>
		</DecalSize>
	</Button>
	<Button item="PIW_PetBuff24_Button">
		<ScreenID>PetBuff24</ScreenID>
		<RelativePosition>true</RelativePosition>
		<Size>
			<CX>24</CX>
			<CY>24</CY>
		</Size>
		<Style_VScroll>false</Style_VScroll>
		<Style_HScroll>false</Style_HScroll>
		<Style_Transparent>false</Style_Transparent>
		<Style_Checkbox>false</Style_Checkbox>
		<Template>BDT_PetRedBuff</Template>
		<DecalOffset>
			<X>2</X>
			<Y>2</Y>
		</DecalOffset>
		<DecalSize>
			<CX>20</CX>
			<CY>20</CY>
		</DecalSize>
	</Button>
	<Button item="PIW_PetBuff25_Button">
		<ScreenID>PetBuff25</ScreenID>
		<RelativePosition>true</RelativePosition>
		<Size>
			<CX>24</CX>
			<CY>24</CY>
		</Size>
		<Style_VScroll>false</Style_VScroll>
		<Style_HScroll>false</Style_HScroll>
		<Style_Transparent>false</Style_Transparent>
		<Style_Checkbox>false</Style_Checkbox>
		<Template>BDT_PetRedBuff</Template>
		<DecalOffset>
			<X>2</X>
			<Y>2</Y>
		</DecalOffset>
		<DecalSize>
			<CX>20</CX>
			<CY>20</CY>
		</DecalSize>
	</Button>
	<Button item="PIW_PetBuff26_Button">
		<ScreenID>PetBuff26</ScreenID>
		<RelativePosition>true</RelativePosition>
		<Size>
			<CX>24</CX>
			<CY>24</CY>
		</Size>
		<Style_VScroll>false</Style_VScroll>
		<Style_HScroll>false</Style_HScroll>
		<Style_Transparent>false</Style_Transparent>
		<Style_Checkbox>false</Style_Checkbox>
		<Template>BDT_PetRedBuff</Template>
		<DecalOffset>
			<X>2</X>
			<Y>2</Y>
		</DecalOffset>
		<DecalSize>
			<CX>20</CX>
			<CY>20</CY>
		</DecalSize>
	</Button>
	<Button item="PIW_PetBuff27_Button">
		<ScreenID>PetBuff27</ScreenID>
		<RelativePosition>true</RelativePosition>
		<Size>
			<CX>24</CX>
			<CY>24</CY>
		</Size>
		<Style_VScroll>false</Style_VScroll>
		<Style_HScroll>false</Style_HScroll>
		<Style_Transparent>false</Style_Transparent>
		<Style_Checkbox>false</Style_Checkbox>
		<Template>BDT_PetRedBuff</Template>
		<DecalOffset>
			<X>2</X>
			<Y>2</Y>
		</DecalOffset>
		<DecalSize>
			<CX>20</CX>
			<CY>20</CY>
		</DecalSize>
	</Button>
	<Button item="PIW_PetBuff28_Button">
		<ScreenID>PetBuff28</ScreenID>
		<RelativePosition>true</RelativePosition>
		<Size>
			<CX>24</CX>
			<CY>24</CY>
		</Size>
		<Style_VScroll>false</Style_VScroll>
		<Style_HScroll>false</Style_HScroll>
		<Style_Transparent>false</Style_Transparent>
		<Style_Checkbox>false</Style_Checkbox>
		<Template>BDT_PetRedBuff</Template>
		<DecalOffset>
			<X>2</X>
			<Y>2</Y>
		</DecalOffset>
		<DecalSize>
			<CX>20</CX>
			<CY>20</CY>
		</DecalSize>
	</Button>
	<Button item="PIW_PetBuff29_Button">
		<ScreenID>PetBuff29</ScreenID>
		<RelativePosition>true</RelativePosition>
		<Size>
			<CX>24</CX>
			<CY>24</CY>
		</Size>
		<Style_VScroll>false</Style_VScroll>
		<Style_HScroll>false</Style_HScroll>
		<Style_Transparent>false</Style_Transparent>
		<Style_Checkbox>false</Style_Checkbox>
		<Template>BDT_PetRedBuff</Template>
		<DecalOffset>
			<X>2</X>
			<Y>2</Y>
		</DecalOffset>
		<DecalSize>
			<CX>20</CX>
			<CY>20</CY>
		</DecalSize>
	</Button>
	<Button item="PIW_PetBuff30_Button">
		<ScreenID>PetBuff30</ScreenID>
		<Size>
			<CX>24</CX>
			<CY>24</CY>
		</Size>
		<Style_VScroll>false</Style_VScroll>
		<Style_HScroll>false</Style_HScroll>
		<Style_Transparent>false</Style_Transparent>
		<Style_Checkbox>false</Style_Checkbox>
		<Template>BDT_PetRedBuff</Template>
		<DecalOffset>
			<Y>2</Y>
		</DecalOffset>
		<DecalSize>
			<CX>20</CX>
			<CY>20</CY>
		</DecalSize>
	</Button>

	<Button item="PIW_PetBuff31_Button">
		<ScreenID>PetBuff31</ScreenID>
		<RelativePosition>true</RelativePosition>
		<Size>
			<CX>24</CX>
			<CY>24</CY>
		</Size>
		<Style_VScroll>false</Style_VScroll>
		<Style_HScroll>false</Style_HScroll>
		<Style_Transparent>false</Style_Transparent>
		<Style_Checkbox>false</Style_Checkbox>
		<Template>BDT_PetRedBuff</Template>
		<DecalOffset>
			<X>2</X>
			<Y>2</Y>
		</DecalOffset>
		<DecalSize>
			<CX>20</CX>
			<CY>20</CY>
		</DecalSize>
	</Button>

	<Button item="PIW_PetBuff32_Button">
		<ScreenID>PetBuff32</ScreenID>
		<RelativePosition>true</RelativePosition>
		<Size>
			<CX>24</CX>
			<CY>24</CY>
		</Size>
		<Style_VScroll>false</Style_VScroll>
		<Style_HScroll>false</Style_HScroll>
		<Style_Transparent>false</Style_Transparent>
		<Style_Checkbox>false</Style_Checkbox>
		<Template>BDT_PetRedBuff</Template>
		<DecalOffset>
			<X>2</X>
			<Y>2</Y>
		</DecalOffset>
		<DecalSize>
			<CX>20</CX>
			<CY>20</CY>
		</DecalSize>
	</Button>
	<Button item="PIW_PetBuff33_Button">
		<ScreenID>PetBuff33</ScreenID>
		<RelativePosition>true</RelativePosition>
		<Size>
			<CX>24</CX>
			<CY>24</CY>
		</Size>
		<Style_VScroll>false</Style_VScroll>
		<Style_HScroll>false</Style_HScroll>
		<Style_Transparent>false</Style_Transparent>
		<Style_Checkbox>false</Style_Checkbox>
		<Template>BDT_PetRedBuff</Template>
		<DecalOffset>
			<X>2</X>
			<Y>2</Y>
		</DecalOffset>
		<DecalSize>
			<CX>20</CX>
			<CY>20</CY>
		</DecalSize>
	</Button>
	<Button item="PIW_PetBuff34_Button">
		<ScreenID>PetBuff34</ScreenID>
		<RelativePosition>true</RelativePosition>
		<Size>
			<CX>24</CX>
			<CY>24</CY>
		</Size>
		<Style_VScroll>false</Style_VScroll>
		<Style_HScroll>false</Style_HScroll>
		<Style_Transparent>false</Style_Transparent>
		<Style_Checkbox>false</Style_Checkbox>
		<Template>BDT_PetRedBuff</Template>
		<DecalOffset>
			<X>2</X>
			<Y>2</Y>
		</DecalOffset>
		<DecalSize>
			<CX>20</CX>
			<CY>20</CY>
		</DecalSize>
	</Button>
	<Button item="PIW_PetBuff35_Button">
		<ScreenID>PetBuff35</ScreenID>
		<RelativePosition>true</RelativePosition>
		<Size>
			<CX>24</CX>
			<CY>24</CY>
		</Size>
		<Style_VScroll>false</Style_VScroll>
		<Style_HScroll>false</Style_HScroll>
		<Style_Transparent>false</Style_Transparent>
		<Style_Checkbox>false</Style_Checkbox>
		<Template>BDT_PetRedBuff</Template>
		<DecalOffset>
			<X>2</X>
			<Y>2</Y>
		</DecalOffset>
		<DecalSize>
			<CX>20</CX>
			<CY>20</CY>
		</DecalSize>
	</Button>
	<Button item="PIW_PetBuff36_Button">
		<ScreenID>PetBuff36</ScreenID>
		<RelativePosition>true</RelativePosition>
		<Size>
			<CX>24</CX>
			<CY>24</CY>
		</Size>
		<Style_VScroll>false</Style_VScroll>
		<Style_HScroll>false</Style_HScroll>
		<Style_Transparent>false</Style_Transparent>
		<Style_Checkbox>false</Style_Checkbox>
		<Template>BDT_PetRedBuff</Template>
		<DecalOffset>
			<X>2</X>
			<Y>2</Y>
		</DecalOffset>
		<DecalSize>
			<CX>20</CX>
			<CY>20</CY>
		</DecalSize>
	</Button>
	<Button item="PIW_PetBuff37_Button">
		<ScreenID>PetBuff37</ScreenID>
		<RelativePosition>true</RelativePosition>
		<Size>
			<CX>24</CX>
			<CY>24</CY>
		</Size>
		<Style_VScroll>false</Style_VScroll>
		<Style_HScroll>false</Style_HScroll>
		<Style_Transparent>false</Style_Transparent>
		<Style_Checkbox>false</Style_Checkbox>
		<Template>BDT_PetRedBuff</Template>
		<DecalOffset>
			<X>2</X>
			<Y>2</Y>
		</DecalOffset>
		<DecalSize>
			<CX>20</CX>
			<CY>20</CY>
		</DecalSize>
	</Button>
	<Button item="PIW_PetBuff38_Button">
		<ScreenID>PetBuff38</ScreenID>
		<RelativePosition>true</RelativePosition>
		<Size>
			<CX>24</CX>
			<CY>24</CY>
		</Size>
		<Style_VScroll>false</Style_VScroll>
		<Style_HScroll>false</Style_HScroll>
		<Style_Transparent>false</Style_Transparent>
		<Style_Checkbox>false</Style_Checkbox>
		<Template>BDT_PetRedBuff</Template>
		<DecalOffset>
			<X>2</X>
			<Y>2</Y>
		</DecalOffset>
		<DecalSize>
			<CX>20</CX>
			<CY>20</CY>
		</DecalSize>
	</Button>
	<Button item="PIW_PetBuff39_Button">
		<ScreenID>PetBuff39</ScreenID>
		<RelativePosition>true</RelativePosition>
		<Size>
			<CX>24</CX>
			<CY>24</CY>
		</Size>
		<Style_VScroll>false</Style_VScroll>
		<Style_HScroll>false</Style_HScroll>
		<Style_Transparent>false</Style_Transparent>
		<Style_Checkbox>false</Style_Checkbox>
		<Template>BDT_PetRedBuff</Template>
		<DecalOffset>
			<X>2</X>
			<Y>2</Y>
		</DecalOffset>
		<DecalSize>
			<CX>20</CX>
			<CY>20</CY>
		</DecalSize>
	</Button>
	<Button item="PIW_PetBuff40_Button">
		<ScreenID>PetBuff40</ScreenID>
		<RelativePosition>true</RelativePosition>
		<Size>
			<CX>24</CX>
			<CY>24</CY>
		</Size>
		<Style_VScroll>false</Style_VScroll>
		<Style_HScroll>false</Style_HScroll>
		<Style_Transparent>false</Style_Transparent>
		<Style_Checkbox>false</Style_Checkbox>
		<Template>BDT_PetRedBuff</Template>
		<DecalOffset>
			<X>2</X>
			<Y>2</Y>
		</DecalOffset>
		<DecalSize>
			<CX>20</CX>
			<CY>20</CY>
		</DecalSize>
	</Button>
	<Button item="PIW_PetBuff41_Button">
		<ScreenID>PetBuff41</ScreenID>
		<RelativePosition>true</RelativePosition>
		<Size>
			<CX>24</CX>
			<CY>24</CY>
		</Size>
		<Style_VScroll>false</Style_VScroll>
		<Style_HScroll>false</Style_HScroll>
		<Style_Transparent>false</Style_Transparent>
		<Style_Checkbox>false</Style_Checkbox>
		<Template>BDT_PetRedBuff</Template>
		<DecalOffset>
			<X>2</X>
			<Y>2</Y>
		</DecalOffset>
		<DecalSize>
			<CX>20</CX>
			<CY>20</CY>
		</DecalSize>
	</Button>
	<Button item="PIW_PetBuff42_Button">
		<ScreenID>PetBuff42</ScreenID>
		<RelativePosition>true</RelativePosition>
		<Size>
			<CX>24</CX>
			<CY>24</CY>
		</Size>
		<Style_VScroll>false</Style_VScroll>
		<Style_HScroll>false</Style_HScroll>
		<Style_Transparent>false</Style_Transparent>
		<Style_Checkbox>false</Style_Checkbox>
		<Template>BDT_PetRedBuff</Template>
		<DecalOffset>
			<X>2</X>
			<Y>2</Y>
		</DecalOffset>
		<DecalSize>
			<CX>20</CX>
			<CY>20</CY>
		</DecalSize>
	</Button>
	<Button item="PIW_PetBuff43_Button">
		<ScreenID>PetBuff43</ScreenID>
		<RelativePosition>true</RelativePosition>
		<Size>
			<CX>24</CX>
			<CY>24</CY>
		</Size>
		<Style_VScroll>false</Style_VScroll>
		<Style_HScroll>false</Style_HScroll>
		<Style_Transparent>false</Style_Transparent>
		<Style_Checkbox>false</Style_Checkbox>
		<Template>BDT_PetRedBuff</Template>
		<DecalOffset>
			<X>2</X>
			<Y>2</Y>
		</DecalOffset>
		<DecalSize>
			<CX>20</CX>
			<CY>20</CY>
		</DecalSize>
	</Button>
	<Button item="PIW_PetBuff44_Button">
		<ScreenID>PetBuff44</ScreenID>
		<RelativePosition>true</RelativePosition>
		<Size>
			<CX>24</CX>
			<CY>24</CY>
		</Size>
		<Style_VScroll>false</Style_VScroll>
		<Style_HScroll>false</Style_HScroll>
		<Style_Transparent>false</Style_Transparent>
		<Style_Checkbox>false</Style_Checkbox>
		<Template>BDT_PetRedBuff</Template>
		<DecalOffset>
			<X>2</X>
			<Y>2</Y>
		</DecalOffset>
		<DecalSize>
			<CX>20</CX>
			<CY>20</CY>
		</DecalSize>
	</Button>
	<Button item="PIW_PetBuff45_Button">
		<ScreenID>PetBuff45</ScreenID>
		<RelativePosition>true</RelativePosition>
		<Size>
			<CX>24</CX>
			<CY>24</CY>
		</Size>
		<Style_VScroll>false</Style_VScroll>
		<Style_HScroll>false</Style_HScroll>
		<Style_Transparent>false</Style_Transparent>
		<Style_Checkbox>false</Style_Checkbox>
		<Template>BDT_PetRedBuff</Template>
		<DecalOffset>
			<X>2</X>
			<Y>2</Y>
		</DecalOffset>
		<DecalSize>
			<CX>20</CX>
			<CY>20</CY>
		</DecalSize>
	</Button>
	<Button item="PIW_PetBuff46_Button">
		<ScreenID>PetBuff46</ScreenID>
		<RelativePosition>true</RelativePosition>
		<Size>
			<CX>24</CX>
			<CY>24</CY>
		</Size>
		<Style_VScroll>false</Style_VScroll>
		<Style_HScroll>false</Style_HScroll>
		<Style_Transparent>false</Style_Transparent>
		<Style_Checkbox>false</Style_Checkbox>
		<Template>BDT_PetRedBuff</Template>
		<DecalOffset>
			<X>2</X>
			<Y>2</Y>
		</DecalOffset>
		<DecalSize>
			<CX>20</CX>
			<CY>20</CY>
		</DecalSize>
	</Button>
	<Button item="PIW_PetBuff47_Button">
		<ScreenID>PetBuff47</ScreenID>
		<RelativePosition>true</RelativePosition>
		<Size>
			<CX>24</CX>
			<CY>24</CY>
		</Size>
		<Style_VScroll>false</Style_VScroll>
		<Style_HScroll>false</Style_HScroll>
		<Style_Transparent>false</Style_Transparent>
		<Style_Checkbox>false</Style_Checkbox>
		<Template>BDT_PetRedBuff</Template>
		<DecalOffset>
			<X>2</X>
			<Y>2</Y>
		</DecalOffset>
		<DecalSize>
			<CX>20</CX>
			<CY>20</CY>
		</DecalSize>
	</Button>
	<Button item="PIW_PetBuff48_Button">
		<ScreenID>PetBuff48</ScreenID>
		<RelativePosition>true</RelativePosition>
		<Size>
			<CX>24</CX>
			<CY>24</CY>
		</Size>
		<Style_VScroll>false</Style_VScroll>
		<Style_HScroll>false</Style_HScroll>
		<Style_Transparent>false</Style_Transparent>
		<Style_Checkbox>false</Style_Checkbox>
		<Template>BDT_PetRedBuff</Template>
		<DecalOffset>
			<X>2</X>
			<Y>2</Y>
		</DecalOffset>
		<DecalSize>
			<CX>20</CX>
			<CY>20</CY>
		</DecalSize>
	</Button>
	<Button item="PIW_PetBuff49_Button">
		<ScreenID>PetBuff49</ScreenID>
		<RelativePosition>true</RelativePosition>
		<Size>
			<CX>24</CX>
			<CY>24</CY>
		</Size>
		<Style_VScroll>false</Style_VScroll>
		<Style_HScroll>false</Style_HScroll>
		<Style_Transparent>false</Style_Transparent>
		<Style_Checkbox>false</Style_Checkbox>
		<Template>BDT_PetRedBuff</Template>
		<DecalOffset>
			<X>2</X>
			<Y>2</Y>
		</DecalOffset>
		<DecalSize>
			<CX>20</CX>
			<CY>20</CY>
		</DecalSize>
	</Button>
	<Button item="PIW_PetBuff50_Button">
		<ScreenID>PetBuff50</ScreenID>
		<RelativePosition>true</RelativePosition>
		<Size>
			<CX>24</CX>
			<CY>24</CY>
		</Size>
		<Style_VScroll>false</Style_VScroll>
		<Style_HScroll>false</Style_HScroll>
		<Style_Transparent>false</Style_Transparent>
		<Style_Checkbox>false</Style_Checkbox>
		<Template>BDT_PetRedBuff</Template>
		<DecalOffset>
			<X>2</X>
			<Y>2</Y>
		</DecalOffset>
		<DecalSize>
			<CX>20</CX>
			<CY>20</CY>
		</DecalSize>
	</Button>
	<Button item="PIW_PetBuff51_Button">
		<ScreenID>PetBuff51</ScreenID>
		<RelativePosition>true</RelativePosition>
		<Size>
			<CX>24</CX>
			<CY>24</CY>
		</Size>
		<Style_VScroll>false</Style_VScroll>
		<Style_HScroll>false</Style_HScroll>
		<Style_Transparent>false</Style_Transparent>
		<Style_Checkbox>false</Style_Checkbox>
		<Template>BDT_PetRedBuff</Template>
		<DecalOffset>
			<X>2</X>
			<Y>2</Y>
		</DecalOffset>
		<DecalSize>
			<CX>20</CX>
			<CY>20</CY>
		</DecalSize>
	</Button>
	<Button item="PIW_PetBuff52_Button">
		<ScreenID>PetBuff52</ScreenID>
		<RelativePosition>true</RelativePosition>
		<Size>
			<CX>24</CX>
			<CY>24</CY>
		</Size>
		<Style_VScroll>false</Style_VScroll>
		<Style_HScroll>false</Style_HScroll>
		<Style_Transparent>false</Style_Transparent>
		<Style_Checkbox>false</Style_Checkbox>
		<Template>BDT_PetRedBuff</Template>
		<DecalOffset>
			<X>2</X>
			<Y>2</Y>
		</DecalOffset>
		<DecalSize>
			<CX>20</CX>
			<CY>20</CY>
		</DecalSize>
	</Button>
	<Button item="PIW_PetBuff53_Button">
		<ScreenID>PetBuff53</ScreenID>
		<RelativePosition>true</RelativePosition>
		<Size>
			<CX>24</CX>
			<CY>24</CY>
		</Size>
		<Style_VScroll>false</Style_VScroll>
		<Style_HScroll>false</Style_HScroll>
		<Style_Transparent>false</Style_Transparent>
		<Style_Checkbox>false</Style_Checkbox>
		<Template>BDT_PetRedBuff</Template>
		<DecalOffset>
			<X>2</X>
			<Y>2</Y>
		</DecalOffset>
		<DecalSize>
			<CX>20</CX>
			<CY>20</CY>
		</DecalSize>
	</Button>
	<Button item="PIW_PetBuff54_Button">
		<ScreenID>PetBuff54</ScreenID>
		<RelativePosition>true</RelativePosition>
		<Size>
			<CX>24</CX>
			<CY>24</CY>
		</Size>
		<Style_VScroll>false</Style_VScroll>
		<Style_HScroll>false</Style_HScroll>
		<Style_Transparent>false</Style_Transparent>
		<Style_Checkbox>false</Style_Checkbox>
		<Template>BDT_PetRedBuff</Template>
		<DecalOffset>
			<X>2</X>
			<Y>2</Y>
		</DecalOffset>
		<DecalSize>
			<CX>20</CX>
			<CY>20</CY>
		</DecalSize>
	</Button>
	<Button item="PIW_PetBuff55_Button">
		<ScreenID>PetBuff55</ScreenID>
		<RelativePosition>true</RelativePosition>
		<Size>
			<CX>24</CX>
			<CY>24</CY>
		</Size>
		<Style_VScroll>false</Style_VScroll>
		<Style_HScroll>false</Style_HScroll>
		<Style_Transparent>false</Style_Transparent>
		<Style_Checkbox>false</Style_Checkbox>
		<Template>BDT_PetRedBuff</Template>
		<DecalOffset>
			<X>2</X>
			<Y>2</Y>
		</DecalOffset>
		<DecalSize>
			<CX>20</CX>
			<CY>20</CY>
		</DecalSize>
	</Button>
	<Button item="PIW_PetBuff56_Button">
		<ScreenID>PetBuff56</ScreenID>
		<RelativePosition>true</RelativePosition>
		<Size>
			<CX>24</CX>
			<CY>24</CY>
		</Size>
		<Style_VScroll>false</Style_VScroll>
		<Style_HScroll>false</Style_HScroll>
		<Style_Transparent>false</Style_Transparent>
		<Style_Checkbox>false</Style_Checkbox>
		<Template>BDT_PetRedBuff</Template>
		<DecalOffset>
			<X>2</X>
			<Y>2</Y>
		</DecalOffset>
		<DecalSize>
			<CX>20</CX>
			<CY>20</CY>
		</DecalSize>
	</Button>
	<Button item="PIW_PetBuff57_Button">
		<ScreenID>PetBuff57</ScreenID>
		<RelativePosition>true</RelativePosition>
		<Size>
			<CX>24</CX>
			<CY>24</CY>
		</Size>
		<Style_VScroll>false</Style_VScroll>
		<Style_HScroll>false</Style_HScroll>
		<Style_Transparent>false</Style_Transparent>
		<Style_Checkbox>false</Style_Checkbox>
		<Template>BDT_PetRedBuff</Template>
		<DecalOffset>
			<X>2</X>
			<Y>2</Y>
		</DecalOffset>
		<DecalSize>
			<CX>20</CX>
			<CY>20</CY>
		</DecalSize>
	</Button>
	<Button item="PIW_PetBuff58_Button">
		<ScreenID>PetBuff58</ScreenID>
		<RelativePosition>true</RelativePosition>
		<Size>
			<CX>24</CX>
			<CY>24</CY>
		</Size>
		<Style_VScroll>false</Style_VScroll>
		<Style_HScroll>false</Style_HScroll>
		<Style_Transparent>false</Style_Transparent>
		<Style_Checkbox>false</Style_Checkbox>
		<Template>BDT_PetRedBuff</Template>
		<DecalOffset>
			<X>2</X>
			<Y>2</Y>
		</DecalOffset>
		<DecalSize>
			<CX>20</CX>
			<CY>20</CY>
		</DecalSize>
	</Button>
	<Button item="PIW_PetBuff59_Button">
		<ScreenID>PetBuff59</ScreenID>
		<RelativePosition>true</RelativePosition>
		<Size>
			<CX>24</CX>
			<CY>24</CY>
		</Size>
		<Style_VScroll>false</Style_VScroll>
		<Style_HScroll>false</Style_HScroll>
		<Style_Transparent>false</Style_Transparent>
		<Style_Checkbox>false</Style_Checkbox>
		<Template>BDT_PetRedBuff</Template>
		<DecalOffset>
			<X>2</X>
			<Y>2</Y>
		</DecalOffset>
		<DecalSize>
			<CX>20</CX>
			<CY>20</CY>
		</DecalSize>
	</Button>
	<Button item="PIW_PetBuff60_Button">
		<ScreenID>PetBuff60</ScreenID>
		<RelativePosition>true</RelativePosition>
		<Size>
			<CX>24</CX>
			<CY>24</CY>
		</Size>
		<Style_VScroll>false</Style_VScroll>
		<Style_HScroll>false</Style_HScroll>
		<Style_Transparent>false</Style_Transparent>
		<Style_Checkbox>false</Style_Checkbox>
		<Template>BDT_PetRedBuff</Template>
		<DecalOffset>
			<X>2</X>
			<Y>2</Y>
		</DecalOffset>
		<DecalSize>
			<CX>20</CX>
			<CY>20</CY>
		</DecalSize>
	</Button>
	<Button item="PIW_PetBuff61_Button">
		<ScreenID>PetBuff61</ScreenID>
		<RelativePosition>true</RelativePosition>
		<Size>
			<CX>24</CX>
			<CY>24</CY>
		</Size>
		<Style_VScroll>false</Style_VScroll>
		<Style_HScroll>false</Style_HScroll>
		<Style_Transparent>false</Style_Transparent>
		<Style_Checkbox>false</Style_Checkbox>
		<Template>BDT_PetRedBuff</Template>
		<DecalOffset>
			<X>2</X>
			<Y>2</Y>
		</DecalOffset>
		<DecalSize>
			<CX>20</CX>
			<CY>20</CY>
		</DecalSize>
	</Button>
	<Button item="PIW_PetBuff62_Button">
		<ScreenID>PetBuff62</ScreenID>
		<RelativePosition>true</RelativePosition>
		<Size>
			<CX>24</CX>
			<CY>24</CY>
		</Size>
		<Style_VScroll>false</Style_VScroll>
		<Style_HScroll>false</Style_HScroll>
		<Style_Transparent>false</Style_Transparent>
		<Style_Checkbox>false</Style_Checkbox>
		<Template>BDT_PetRedBuff</Template>
		<DecalOffset>
			<X>2</X>
			<Y>2</Y>
		</DecalOffset>
		<DecalSize>
			<CX>20</CX>
			<CY>20</CY>
		</DecalSize>
	</Button>
	<Button item="PIW_PetBuff63_Button">
		<ScreenID>PetBuff63</ScreenID>
		<RelativePosition>true</RelativePosition>
		<Size>
			<CX>24</CX>
			<CY>24</CY>
		</Size>
		<Style_VScroll>false</Style_VScroll>
		<Style_HScroll>false</Style_HScroll>
		<Style_Transparent>false</Style_Transparent>
		<Style_Checkbox>false</Style_Checkbox>
		<Template>BDT_PetRedBuff</Template>
		<DecalOffset>
			<X>2</X>
			<Y>2</Y>
		</DecalOffset>
		<DecalSize>
			<CX>20</CX>
			<CY>20</CY>
		</DecalSize>
	</Button>
	<Button item="PIW_PetBuff64_Button">
		<ScreenID>PetBuff64</ScreenID>
		<RelativePosition>true</RelativePosition>
		<Size>
			<CX>24</CX>
			<CY>24</CY>
		</Size>
		<Style_VScroll>false</Style_VScroll>
		<Style_HScroll>false</Style_HScroll>
		<Style_Transparent>false</Style_Transparent>
		<Style_Checkbox>false</Style_Checkbox>
		<Template>BDT_PetRedBuff</Template>
		<DecalOffset>
			<X>2</X>
			<Y>2</Y>
		</DecalOffset>
		<DecalSize>
			<CX>20</CX>
			<CY>20</CY>
		</DecalSize>
	</Button>
	<Button item="PIW_PetBuff65_Button">
		<ScreenID>PetBuff65</ScreenID>
		<RelativePosition>true</RelativePosition>
		<Size>
			<CX>24</CX>
			<CY>24</CY>
		</Size>
		<Style_VScroll>false</Style_VScroll>
		<Style_HScroll>false</Style_HScroll>
		<Style_Transparent>false</Style_Transparent>
		<Style_Checkbox>false</Style_Checkbox>
		<Template>BDT_PetRedBuff</Template>
		<DecalOffset>
			<X>2</X>
			<Y>2</Y>
		</DecalOffset>
		<DecalSize>
			<CX>20</CX>
			<CY>20</CY>
		</DecalSize>
	</Button>
	<Button item="PIW_PetBuff66_Button">
		<ScreenID>PetBuff66</ScreenID>
		<RelativePosition>true</RelativePosition>
		<Size>
			<CX>24</CX>
			<CY>24</CY>
		</Size>
		<Style_VScroll>false</Style_VScroll>
		<Style_HScroll>false</Style_HScroll>
		<Style_Transparent>false</Style_Transparent>
		<Style_Checkbox>false</Style_Checkbox>
		<Template>BDT_PetRedBuff</Template>
		<DecalOffset>
			<X>2</X>
			<Y>2</Y>
		</DecalOffset>
		<DecalSize>
			<CX>20</CX>
			<CY>20</CY>
		</DecalSize>
	</Button>
	<Button item="PIW_PetBuff67_Button">
		<ScreenID>PetBuff67</ScreenID>
		<RelativePosition>true</RelativePosition>
		<Size>
			<CX>24</CX>
			<CY>24</CY>
		</Size>
		<Style_VScroll>false</Style_VScroll>
		<Style_HScroll>false</Style_HScroll>
		<Style_Transparent>false</Style_Transparent>
		<Style_Checkbox>false</Style_Checkbox>
		<Template>BDT_PetRedBuff</Template>
		<DecalOffset>
			<X>2</X>
			<Y>2</Y>
		</DecalOffset>
		<DecalSize>
			<CX>20</CX>
			<CY>20</CY>
		</DecalSize>
	</Button>
	<Button item="PIW_PetBuff68_Button">
		<ScreenID>PetBuff68</ScreenID>
		<RelativePosition>true</RelativePosition>
		<Size>
			<CX>24</CX>
			<CY>24</CY>
		</Size>
		<Style_VScroll>false</Style_VScroll>
		<Style_HScroll>false</Style_HScroll>
		<Style_Transparent>false</Style_Transparent>
		<Style_Checkbox>false</Style_Checkbox>
		<Template>BDT_PetRedBuff</Template>
		<DecalOffset>
			<X>2</X>
			<Y>2</Y>
		</DecalOffset>
		<DecalSize>
			<CX>20</CX>
			<CY>20</CY>
		</DecalSize>
	</Button>
	<Button item="PIW_PetBuff69_Button">
		<ScreenID>PetBuff69</ScreenID>
		<RelativePosition>true</RelativePosition>
		<Size>
			<CX>24</CX>
			<CY>24</CY>
		</Size>
		<Style_VScroll>false</Style_VScroll>
		<Style_HScroll>false</Style_HScroll>
		<Style_Transparent>false</Style_Transparent>
		<Style_Checkbox>false</Style_Checkbox>
		<Template>BDT_PetRedBuff</Template>
		<DecalOffset>
			<X>2</X>
			<Y>2</Y>
		</DecalOffset>
		<DecalSize>
			<CX>20</CX>
			<CY>20</CY>
		</DecalSize>
	</Button>
	<Button item="PIW_PetBuff70_Button">
		<ScreenID>PetBuff70</ScreenID>
		<RelativePosition>true</RelativePosition>
		<Size>
			<CX>24</CX>
			<CY>24</CY>
		</Size>
		<Style_VScroll>false</Style_VScroll>
		<Style_HScroll>false</Style_HScroll>
		<Style_Transparent>false</Style_Transparent>
		<Style_Checkbox>false</Style_Checkbox>
		<Template>BDT_PetRedBuff</Template>
		<DecalOffset>
			<X>2</X>
			<Y>2</Y>
		</DecalOffset>
		<DecalSize>
			<CX>20</CX>
			<CY>20</CY>
		</DecalSize>
	</Button>
	<Button item="PIW_PetBuff71_Button">
		<ScreenID>PetBuff71</ScreenID>
		<RelativePosition>true</RelativePosition>
		<Size>
			<CX>24</CX>
			<CY>24</CY>
		</Size>
		<Style_VScroll>false</Style_VScroll>
		<Style_HScroll>false</Style_HScroll>
		<Style_Transparent>false</Style_Transparent>
		<Style_Checkbox>false</Style_Checkbox>
		<Template>BDT_PetRedBuff</Template>
		<DecalOffset>
			<X>2</X>
			<Y>2</Y>
		</DecalOffset>
		<DecalSize>
			<CX>20</CX>
			<CY>20</CY>
		</DecalSize>
	</Button>
	<Button item="PIW_PetBuff72_Button">
		<ScreenID>PetBuff72</ScreenID>
		<RelativePosition>true</RelativePosition>
		<Size>
			<CX>24</CX>
			<CY>24</CY>
		</Size>
		<Style_VScroll>false</Style_VScroll>
		<Style_HScroll>false</Style_HScroll>
		<Style_Transparent>false</Style_Transparent>
		<Style_Checkbox>false</Style_Checkbox>
		<Template>BDT_PetRedBuff</Template>
		<DecalOffset>
			<X>2</X>
			<Y>2</Y>
		</DecalOffset>
		<DecalSize>
			<CX>20</CX>
			<CY>20</CY>
		</DecalSize>
	</Button>
	<Button item="PIW_PetBuff73_Button">
		<ScreenID>PetBuff73</ScreenID>
		<RelativePosition>true</RelativePosition>
		<Size>
			<CX>24</CX>
			<CY>24</CY>
		</Size>
		<Style_VScroll>false</Style_VScroll>
		<Style_HScroll>false</Style_HScroll>
		<Style_Transparent>false</Style_Transparent>
		<Style_Checkbox>false</Style_Checkbox>
		<Template>BDT_PetRedBuff</Template>
		<DecalOffset>
			<X>2</X>
			<Y>2</Y>
		</DecalOffset>
		<DecalSize>
			<CX>20</CX>
			<CY>20</CY>
		</DecalSize>
	</Button>
	<Button item="PIW_PetBuff74_Button">
		<ScreenID>PetBuff74</ScreenID>
		<RelativePosition>true</RelativePosition>
		<Size>
			<CX>24</CX>
			<CY>24</CY>
		</Size>
		<Style_VScroll>false</Style_VScroll>
		<Style_HScroll>false</Style_HScroll>
		<Style_Transparent>false</Style_Transparent>
		<Style_Checkbox>false</Style_Checkbox>
		<Template>BDT_PetRedBuff</Template>
		<DecalOffset>
			<X>2</X>
			<Y>2</Y>
		</DecalOffset>
		<DecalSize>
			<CX>20</CX>
			<CY>20</CY>
		</DecalSize>
	</Button>
	<Button item="PIW_PetBuff75_Button">
		<ScreenID>PetBuff75</ScreenID>
		<RelativePosition>true</RelativePosition>
		<Size>
			<CX>24</CX>
			<CY>24</CY>
		</Size>
		<Style_VScroll>false</Style_VScroll>
		<Style_HScroll>false</Style_HScroll>
		<Style_Transparent>false</Style_Transparent>
		<Style_Checkbox>false</Style_Checkbox>
		<Template>BDT_PetRedBuff</Template>
		<DecalOffset>
			<X>2</X>
			<Y>2</Y>
		</DecalOffset>
		<DecalSize>
			<CX>20</CX>
			<CY>20</CY>
		</DecalSize>
	</Button>
	<Button item="PIW_PetBuff76_Button">
		<ScreenID>PetBuff76</ScreenID>
		<RelativePosition>true</RelativePosition>
		<Size>
			<CX>24</CX>
			<CY>24</CY>
		</Size>
		<Style_VScroll>false</Style_VScroll>
		<Style_HScroll>false</Style_HScroll>
		<Style_Transparent>false</Style_Transparent>
		<Style_Checkbox>false</Style_Checkbox>
		<Template>BDT_PetRedBuff</Template>
		<DecalOffset>
			<X>2</X>
			<Y>2</Y>
		</DecalOffset>
		<DecalSize>
			<CX>20</CX>
			<CY>20</CY>
		</DecalSize>
	</Button>
	<Button item="PIW_PetBuff77_Button">
		<ScreenID>PetBuff77</ScreenID>
		<RelativePosition>true</RelativePosition>
		<Size>
			<CX>24</CX>
			<CY>24</CY>
		</Size>
		<Style_VScroll>false</Style_VScroll>
		<Style_HScroll>false</Style_HScroll>
		<Style_Transparent>false</Style_Transparent>
		<Style_Checkbox>false</Style_Checkbox>
		<Template>BDT_PetRedBuff</Template>
		<DecalOffset>
			<X>2</X>
			<Y>2</Y>
		</DecalOffset>
		<DecalSize>
			<CX>20</CX>
			<CY>20</CY>
		</DecalSize>
	</Button>
	<Button item="PIW_PetBuff78_Button">
		<ScreenID>PetBuff78</ScreenID>
		<RelativePosition>true</RelativePosition>
		<Size>
			<CX>24</CX>
			<CY>24</CY>
		</Size>
		<Style_VScroll>false</Style_VScroll>
		<Style_HScroll>false</Style_HScroll>
		<Style_Transparent>false</Style_Transparent>
		<Style_Checkbox>false</Style_Checkbox>
		<Template>BDT_PetRedBuff</Template>
		<DecalOffset>
			<X>2</X>
			<Y>2</Y>
		</DecalOffset>
		<DecalSize>
			<CX>20</CX>
			<CY>20</CY>
		</DecalSize>
	</Button>
	<Button item="PIW_PetBuff79_Button">
		<ScreenID>PetBuff79</ScreenID>
		<RelativePosition>true</RelativePosition>
		<Size>
			<CX>24</CX>
			<CY>24</CY>
		</Size>
		<Style_VScroll>false</Style_VScroll>
		<Style_HScroll>false</Style_HScroll>
		<Style_Transparent>false</Style_Transparent>
		<Style_Checkbox>false</Style_Checkbox>
		<Template>BDT_PetRedBuff</Template>
		<DecalOffset>
			<X>2</X>
			<Y>2</Y>
		</DecalOffset>
		<DecalSize>
			<CX>20</CX>
			<CY>20</CY>
		</DecalSize>
	</Button>
	<Button item="PIW_PetBuff80_Button">
		<ScreenID>PetBuff80</ScreenID>
		<RelativePosition>true</RelativePosition>
		<Size>
			<CX>24</CX>
			<CY>24</CY>
		</Size>
		<Style_VScroll>false</Style_VScroll>
		<Style_HScroll>false</Style_HScroll>
		<Style_Transparent>false</Style_Transparent>
		<Style_Checkbox>false</Style_Checkbox>
		<Template>BDT_PetRedBuff</Template>
		<DecalOffset>
			<X>2</X>
			<Y>2</Y>
		</DecalOffset>
		<DecalSize>
			<CX>20</CX>
			<CY>20</CY>
		</DecalSize>
	</Button>
	<Button item="PIW_PetBuff81_Button">
		<ScreenID>PetBuff81</ScreenID>
		<RelativePosition>true</RelativePosition>
		<Size>
			<CX>24</CX>
			<CY>24</CY>
		</Size>
		<Style_VScroll>false</Style_VScroll>
		<Style_HScroll>false</Style_HScroll>
		<Style_Transparent>false</Style_Transparent>
		<Style_Checkbox>false</Style_Checkbox>
		<Template>BDT_PetRedBuff</Template>
		<DecalOffset>
			<X>2</X>
			<Y>2</Y>
		</DecalOffset>
		<DecalSize>
			<CX>20</CX>
			<CY>20</CY>
		</DecalSize>
	</Button>
	<Button item="PIW_PetBuff82_Button">
		<ScreenID>PetBuff82</ScreenID>
		<RelativePosition>true</RelativePosition>
		<Size>
			<CX>24</CX>
			<CY>24</CY>
		</Size>
		<Style_VScroll>false</Style_VScroll>
		<Style_HScroll>false</Style_HScroll>
		<Style_Transparent>false</Style_Transparent>
		<Style_Checkbox>false</Style_Checkbox>
		<Template>BDT_PetRedBuff</Template>
		<DecalOffset>
			<X>2</X>
			<Y>2</Y>
		</DecalOffset>
		<DecalSize>
			<CX>20</CX>
			<CY>20</CY>
		</DecalSize>
	</Button>
	<Button item="PIW_PetBuff83_Button">
		<ScreenID>PetBuff83</ScreenID>
		<RelativePosition>true</RelativePosition>
		<Size>
			<CX>24</CX>
			<CY>24</CY>
		</Size>
		<Style_VScroll>false</Style_VScroll>
		<Style_HScroll>false</Style_HScroll>
		<Style_Transparent>false</Style_Transparent>
		<Style_Checkbox>false</Style_Checkbox>
		<Template>BDT_PetRedBuff</Template>
		<DecalOffset>
			<X>2</X>
			<Y>2</Y>
		</DecalOffset>
		<DecalSize>
			<CX>20</CX>
			<CY>20</CY>
		</DecalSize>
	</Button>
	<Button item="PIW_PetBuff84_Button">
		<ScreenID>PetBuff84</ScreenID>
		<RelativePosition>true</RelativePosition>
		<Size>
			<CX>24</CX>
			<CY>24</CY>
		</Size>
		<Style_VScroll>false</Style_VScroll>
		<Style_HScroll>false</Style_HScroll>
		<Style_Transparent>false</Style_Transparent>
		<Style_Checkbox>false</Style_Checkbox>
		<Template>BDT_PetRedBuff</Template>
		<DecalOffset>
			<X>2</X>
			<Y>2</Y>
		</DecalOffset>
		<DecalSize>
			<CX>20</CX>
			<CY>20</CY>
		</DecalSize>
	</Button>

	<Gauge item="PIW_PetHPGauge">
		<ScreenID>PetHPGauge</ScreenID>
		<!--<Font>3</Font>-->
		<RelativePosition>true</RelativePosition>
		<Location>
			<X>2</X>
			<Y>0</Y>
		</Location>
		<Size>
			<CX>108</CX>
			<CY>26</CY>
		</Size>
		<GaugeOffsetY>20</GaugeOffsetY>
		<Text>No Pet</Text>
		<TextOffsetY>0</TextOffsetY>
		<TextOffsetX>5</TextOffsetX>
		<TextColor>
			<R>240</R>
			<G>240</G>
			<B>240</B>
		</TextColor>
		<Style_VScroll>false</Style_VScroll>
		<Style_HScroll>false</Style_HScroll>
		<Style_Transparent>false</Style_Transparent>
		<!--<TooltipReference/>-->
		<FillTint>
			<R>240</R>
			<G>0</G>
			<B>0</B>
		</FillTint>
		<LinesFillTint>
			<R>0</R>
			<G>0</G>
			<B>0</B>
		</LinesFillTint>
		<DrawLinesFill>false</DrawLinesFill>
		<EQType>20</EQType>
		<GaugeDrawTemplate>
			<Background>A_GaugeBackground</Background>
			<Fill>A_GaugeFill</Fill>
			<Lines>A_GaugeLines</Lines>
			<LinesFill>A_GaugeLinesFill</LinesFill>
			<EndCapLeft>A_GaugeEndCapLeft</EndCapLeft>
			<EndCapRight>A_GaugeEndCapRight</EndCapRight>
		</GaugeDrawTemplate>
	</Gauge>

	<Gauge item="PIW_PetTargetHPGauge">
		<ScreenID>PetTargetHPGauge</ScreenID>
		<!--<Font>3</Font>-->
		<RelativePosition>true</RelativePosition>
		<Location>
			<X>2</X>
			<Y>32</Y>
		</Location>
		<Size>
			<CX>108</CX>
			<CY>28</CY>
		</Size>
		<GaugeOffsetY>20</GaugeOffsetY>
		<Text>No Target</Text>
		<TextOffsetY>0</TextOffsetY>
		<TextOffsetX>5</TextOffsetX>
		<TextColor>
			<R>240</R>
			<G>240</G>
			<B>240</B>
		</TextColor>
		<Style_VScroll>false</Style_VScroll>
		<Style_HScroll>false</Style_HScroll>
		<Style_Transparent>false</Style_Transparent>
		<!--<TooltipReference/>-->
		<FillTint>
			<R>240</R>
			<G>0</G>
			<B>0</B>
		</FillTint>
		<LinesFillTint>
			<R>0</R>
			<G>0</G>
			<B>0</B>
		</LinesFillTint>
		<DrawLinesFill>false</DrawLinesFill>
		<EQType>41</EQType>
		<GaugeDrawTemplate>
			<Background>A_GaugeBackground</Background>
			<Fill>A_GaugeFill</Fill>
			<Lines>A_GaugeLines</Lines>
			<LinesFill>A_GaugeLinesFill</LinesFill>
			<EndCapLeft>A_GaugeEndCapLeft</EndCapLeft>
			<EndCapRight>A_GaugeEndCapRight</EndCapRight>
		</GaugeDrawTemplate>
	</Gauge>

<!--***************************************************-->
<!--******************  EXP GUAGES  *******************-->
<!--***************************************************-->

	<Gauge item="PIW_PlayerExpGauge">
    	<ScreenID>PIW_PlayerExpGauge</ScreenID>
    	<RelativePosition>true</RelativePosition>
    	<Location>
      		<X>0</X>
      		<Y>195</Y>
    	</Location>
    	<Size>
      		<CX>87</CX>
      		<CY>8</CY>
    	</Size>
    	<GaugeOffsetY>-1</GaugeOffsetY>
    	<Style_VScroll>false</Style_VScroll>
    	<Style_HScroll>false</Style_HScroll>
    	<Style_Transparent>false</Style_Transparent>
    	<FillTint>
      		<R>200</R>
      		<G>80</G>
      		<B>0</B>
    	</FillTint>
    	<LinesFillTint>
      		<R>255</R>
      		<G>255</G>
      		<B>255</B>
    	</LinesFillTint>
    	<DrawLinesFill>true</DrawLinesFill>
    	<EQType>4</EQType>
    	<GaugeDrawTemplate>
      		<Background>A_GaugeBackground</Background>
      		<Fill>A_GaugeFill</Fill>
      		<Lines>A_GaugeLines</Lines>
      		<LinesFill>A_GaugeLinesFill</LinesFill>
      		<EndCapLeft>A_GaugeEndCapLeft</EndCapLeft>
      		<EndCapRight>A_GaugeEndCapRight</EndCapRight>
    	</GaugeDrawTemplate>
    	<GaugeOffsetX>-3</GaugeOffsetX>
    	<Font>2</Font>
  	</Gauge>
	<Label item="PIW_Player_Level">
    	<ScreenID>PIW_Player_Level</ScreenID>
    	<Font>2</Font>
    	<EQType>2</EQType>
    	<TextColor>
      		<R>255</R>
      		<G>255</G>
      		<B>255</B>
    	</TextColor>
    	<Size>
      		<CX>20</CX>
      		<CY>15</CY>
    	</Size>
    	<AlignCenter>false</AlignCenter>
    	<Location>
      		<X>3</X>
      		<Y>182</Y>
    	</Location>
    	<Text>100</Text>
  	</Label>
	<Label item="PIW_Player_Exp">
    	<ScreenID>PIW_Player_Exp</ScreenID>
    	<EQType>26</EQType>
    	<Text>100</Text>
    	<RelativePosition>true</RelativePosition>
    	<Location>
      		<X>79</X>
      		<Y>192</Y>
    	</Location>
    	<Size>
      		<CX>22</CX>
      		<CY>14</CY>
    	</Size>
    	<Text>0</Text>
    	<TextColor>
      		<R>255</R>
      		<G>255</G>
      		<B>0</B>
    	</TextColor>
    	<NoWrap>true</NoWrap>
    	<AlignCenter>false</AlignCenter>
    	<AlignRight>true</AlignRight>
    	<AlignLeft>false</AlignLeft>
    	<Font>2</Font>
  	</Label>
  	<Label item="PIW_Player_Exp_Percent_Label">
    	<ScreenID>PIW_Player_Exp_Percent_Label</ScreenID>
    	<Font>2</Font>
    	<Text>%</Text>
    	<TextColor>
      		<R>255</R>
      		<G>255</G>
		      <B>255</B>
    	</TextColor>
    	<Size>
      		<CX>15</CX>
      		<CY>15</CY>
    	</Size>
    	<AlignCenter>true</AlignCenter>
    	<Location>
      		<X>99</X>
      		<Y>192</Y>
    	</Location>
  	</Label>
	<Gauge item="PIW_Player_AltExpGauge">
    	<ScreenID>PIW_Player_AltExpGauge</ScreenID>
    	<RelativePosition>true</RelativePosition>
    	<Location>
      		<X>0</X>
      		<Y>220</Y>
    	</Location>
    	<Size>
      		<CX>87</CX>
      		<CY>8</CY>
    	</Size>
    	<GaugeOffsetY>-1</GaugeOffsetY>
    	<Style_VScroll>false</Style_VScroll>
    	<Style_HScroll>false</Style_HScroll>
    	<Style_Transparent>false</Style_Transparent>
    	<FillTint>
      		<R>200</R>
      		<G>80</G>
      		<B>0</B>
    	</FillTint>
    	<LinesFillTint>
      		<R>255</R>
      		<G>255</G>
      		<B>255</B>
    	</LinesFillTint>
    	<DrawLinesFill>true</DrawLinesFill>
    	<EQType>5</EQType>
    	<GaugeDrawTemplate>
      		<Background>A_GaugeBackground</Background>
      		<Fill>A_GaugeFill</Fill>
      		<Lines>A_GaugeLines</Lines>
      		<LinesFill>A_GaugeLinesFill</LinesFill>
      		<EndCapLeft>A_GaugeEndCapLeft</EndCapLeft>
      		<EndCapRight>A_GaugeEndCapRight</EndCapRight>
    	</GaugeDrawTemplate>
    	<GaugeOffsetX>-3</GaugeOffsetX>
	    <Font>2</Font>
  	</Gauge>
	<Label item="PIW_Player_AAExp">
   		<ScreenID>PIW_Player_AAExp</ScreenID>
    	<EQType>27</EQType>
    	<Text>100</Text>
    	<RelativePosition>true</RelativePosition>
    	<Location>
      		<X>67</X>
      		<Y>216</Y>
    	</Location>
    	<Size>
      		<CX>35</CX>
      		<CY>14</CY>
    	</Size>
    	<Text>0</Text>
    	<TextColor>
      		<R>255</R>
      		<G>255</G>
      		<B>0</B>
    	</TextColor>
    	<NoWrap>true</NoWrap>
    	<AlignCenter>false</AlignCenter>
    	<AlignRight>true</AlignRight>
    	<AlignLeft>false</AlignLeft>
    	<Font>2</Font>
  	</Label>
	<Label item="PIW_UnspentAA_Label">
    	<ScreenID>PIW_UnspentAA_Label</ScreenID>
    	<Font>2</Font>
    	<Text>Unspent:</Text>
    	<TextColor>
      		<R>255</R>
      		<G>255</G>
      		<B>255</B>
    	</TextColor>
    	<Size>
      		<CX>44</CX>
      		<CY>15</CY>
    	</Size>
    	<AlignCenter>false</AlignCenter>
    	<Location>
      		<X>22</X>
      		<Y>207</Y>
    	</Location>
  	</Label>
  	<Label item="PIW_UnspentAA_Total">
    	<ScreenID>PIW_UnspentAA_Total</ScreenID>
    	<Font>2</Font>
    	<Text>50</Text>
    	<TextColor>
      		<R>0</R>
      		<G>255</G>
      		<B>0</B>
    	</TextColor>
    	<Size>
      		<CX>53</CX>
      		<CY>15</CY>
    	</Size>
    	<AlignCenter>false</AlignCenter>
    	<Location>
      		<X>69</X>
      		<Y>207</Y>
    	</Location>
    	<EQType>71</EQType>
  	</Label>
  	<Label item="PIW_Player_AAExp_Percent">
    	<ScreenID>PIW_Player_AAExp_Percent</ScreenID>
    	<Font>2</Font>
    	<Text>%</Text>
    	<TextColor>
      		<R>255</R>
      		<G>255</G>
      		<B>255</B>
    	</TextColor>
    	<Size>
      		<CX>15</CX>
      		<CY>15</CY>
    	</Size>
    	<AlignCenter>true</AlignCenter>
    	<Location>
      		<X>100</X>
      		<Y>216</Y>
    	</Location>
  	</Label>

<!--************  Buttons  *************-->

	<Button item="PIW_Pet0_Button">
		<ScreenID>Pet0_Button</ScreenID>
		<RelativePosition>true</RelativePosition>
		<Location>
			<X>2</X>
			<Y>69</Y>
		</Location>
		<Size>
			<CX>54</CX>
			<CY>20</CY>
		</Size>
		<Style_Checkbox>true</Style_Checkbox>
		<Text>none</Text>
		<Style_VScroll>false</Style_VScroll>
		<Style_HScroll>false</Style_HScroll>
		<Style_Transparent>false</Style_Transparent>
		<TextColor>
			<R>255</R>
			<G>255</G>
			<B>255</B>
		</TextColor>
		<Template>BDT_Normal</Template>
	</Button>

	<Button item="PIW_Pet1_Button">
		<ScreenID>Pet1_Button</ScreenID>
		<RelativePosition>true</RelativePosition>
		<Location>
			<X>56</X>
			<Y>69</Y>
		</Location>
		<Size>
			<CX>54</CX>
			<CY>20</CY>
		</Size>
		<Style_Checkbox>true</Style_Checkbox>
		<Text>none</Text>
		<Style_VScroll>false</Style_VScroll>
		<Style_HScroll>false</Style_HScroll>
		<Style_Transparent>false</Style_Transparent>
		<TextColor>
			<R>255</R>
			<G>255</G>
			<B>255</B>
		</TextColor>
		<Template>BDT_Normal</Template>
	</Button>

	<Button item="PIW_Pet2_Button">
		<ScreenID>Pet2_Button</ScreenID>
		<RelativePosition>true</RelativePosition>
		<Location>
			<X>2</X>
			<Y>91</Y>
		</Location>
		<Size>
			<CX>54</CX>
			<CY>20</CY>
		</Size>
		<Style_Checkbox>true</Style_Checkbox>
		<Text>none</Text>
		<Style_VScroll>false</Style_VScroll>
		<Style_HScroll>false</Style_HScroll>
		<Style_Transparent>false</Style_Transparent>
		<TextColor>
			<R>255</R>
			<G>255</G>
			<B>255</B>
		</TextColor>
		<Template>BDT_Normal</Template>
	</Button>

	<Button item="PIW_Pet3_Button">
		<ScreenID>Pet3_Button</ScreenID>
		<RelativePosition>true</RelativePosition>
		<Location>
			<X>56</X>
			<Y>91</Y>
		</Location>
		<Size>
			<CX>54</CX>
			<CY>20</CY>
		</Size>
		<Style_Checkbox>true</Style_Checkbox>
		<Text>none</Text>
		<Style_VScroll>false</Style_VScroll>
		<Style_HScroll>false</Style_HScroll>
		<Style_Transparent>false</Style_Transparent>
		<TextColor>
			<R>255</R>
			<G>255</G>
			<B>255</B>
		</TextColor>
		<Template>BDT_Normal</Template>
	</Button>

	<Button item="PIW_Pet4_Button">
		<ScreenID>Pet4_Button</ScreenID>
		<RelativePosition>true</RelativePosition>
		<Location>
			<X>2</X>
			<Y>113</Y>
		</Location>
		<Size>
			<CX>54</CX>
			<CY>20</CY>
		</Size>
		<Style_Checkbox>true</Style_Checkbox>
		<Text>none</Text>
		<Style_VScroll>false</Style_VScroll>
		<Style_HScroll>false</Style_HScroll>
		<Style_Transparent>false</Style_Transparent>
		<TextColor>
			<R>255</R>
			<G>255</G>
			<B>255</B>
		</TextColor>
		<Template>BDT_Normal</Template>
	</Button>

	<Button item="PIW_Pet5_Button">
		<ScreenID>Pet5_Button</ScreenID>
		<RelativePosition>true</RelativePosition>
		<Location>
			<X>56</X>
			<Y>113</Y>
		</Location>
		<Size>
			<CX>54</CX>
			<CY>20</CY>
		</Size>
		<Style_Checkbox>true</Style_Checkbox>
		<Text>none</Text>
		<Style_VScroll>false</Style_VScroll>
		<Style_HScroll>false</Style_HScroll>
		<Style_Transparent>false</Style_Transparent>
		<TextColor>
			<R>255</R>
			<G>255</G>
			<B>255</B>
		</TextColor>
		<Template>BDT_Normal</Template>
	</Button>

	<Button item="PIW_Pet6_Button">
		<ScreenID>Pet6_Button</ScreenID>
		<RelativePosition>true</RelativePosition>
		<Location>
			<X>2</X>
			<Y>135</Y>
		</Location>
		<Size>
			<CX>54</CX>
			<CY>20</CY>
		</Size>
		<Style_Checkbox>true</Style_Checkbox>
		<Text>none</Text>
		<Style_VScroll>false</Style_VScroll>
		<Style_HScroll>false</Style_HScroll>
		<Style_Transparent>false</Style_Transparent>
		<TextColor>
			<R>255</R>
			<G>255</G>
			<B>255</B>
		</TextColor>
		<Template>BDT_Normal</Template>
	</Button>
	<Button item="PIW_Pet7_Button">
		<ScreenID>Pet7_Button</ScreenID>
		<RelativePosition>true</RelativePosition>
		<Location>
			<X>56</X>
			<Y>135</Y>
		</Location>
		<Size>
			<CX>54</CX>
			<CY>20</CY>
		</Size>
		<Style_Checkbox>true</Style_Checkbox>
		<Text>none</Text>
		<Style_VScroll>false</Style_VScroll>
		<Style_HScroll>false</Style_HScroll>
		<Style_Transparent>false</Style_Transparent>
		<TextColor>
			<R>255</R>
			<G>255</G>
			<B>255</B>
		</TextColor>
		<Template>BDT_Normal</Template>
	</Button>

	<Button item="PIW_Pet8_Button">
		<ScreenID>Pet8_Button</ScreenID>
		<RelativePosition>true</RelativePosition>
		<Location>
			<X>2</X>
			<Y>157</Y>
		</Location>
		<Size>
			<CX>54</CX>
			<CY>20</CY>
		</Size>
		<Style_Checkbox>true</Style_Checkbox>
		<Text>none</Text>
		<Style_VScroll>false</Style_VScroll>
		<Style_HScroll>false</Style_HScroll>
		<Style_Transparent>false</Style_Transparent>
		<TextColor>
			<R>255</R>
			<G>255</G>
			<B>255</B>
		</TextColor>
		<Template>BDT_Normal</Template>
	</Button>

	<Button item="PIW_Pet9_Button">
		<ScreenID>Pet9_Button</ScreenID>
		<RelativePosition>true</RelativePosition>
		<Location>
			<X>56</X>
			<Y>157</Y>
		</Location>
		<Size>
			<CX>54</CX>
			<CY>20</CY>
		</Size>
		<Style_Checkbox>true</Style_Checkbox>
		<Text>none</Text>
		<Style_VScroll>false</Style_VScroll>
		<Style_HScroll>false</Style_HScroll>
		<Style_Transparent>false</Style_Transparent>
		<TextColor>
			<R>255</R>
			<G>255</G>
			<B>255</B>
		</TextColor>
		<Template>BDT_Normal</Template>
	</Button>

	<Button item="PIW_Pet10_Button">
		<ScreenID>Pet10_Button</ScreenID>
		<RelativePosition>true</RelativePosition>
		<Location>
			<X>2</X>
			<Y>179</Y>
		</Location>
		<Size>
			<CX>54</CX>
			<CY>20</CY>
		</Size>
		<Style_Checkbox>true</Style_Checkbox>
		<Text>none</Text>
		<Style_VScroll>false</Style_VScroll>
		<Style_HScroll>false</Style_HScroll>
		<Style_Transparent>false</Style_Transparent>
		<TextColor>
			<R>255</R>
			<G>255</G>
			<B>255</B>
		</TextColor>
		<Template>BDT_Normal</Template>
	</Button>
	<Button item="PIW_Pet11_Button">
		<ScreenID>Pet11_Button</ScreenID>
		<RelativePosition>true</RelativePosition>
		<Location>
			<X>56</X>
			<Y>179</Y>
		</Location>
		<Size>
			<CX>54</CX>
			<CY>20</CY>
		</Size>
		<Style_Checkbox>true</Style_Checkbox>
		<Text>none</Text>
		<Style_VScroll>false</Style_VScroll>
		<Style_HScroll>false</Style_HScroll>
		<Style_Transparent>false</Style_Transparent>
		<TextColor>
			<R>255</R>
			<G>255</G>
			<B>255</B>
		</TextColor>
		<Template>BDT_Normal</Template>
	</Button>
	<Button item="PIW_Pet12_Button">
		<ScreenID>Pet12_Button</ScreenID>
		<RelativePosition>true</RelativePosition>
		<Location>
			<X>2</X>
			<Y>201</Y>
		</Location>
		<Size>
			<CX>54</CX>
			<CY>20</CY>
		</Size>
		<Style_Checkbox>true</Style_Checkbox>
		<Text>none</Text>
		<Style_VScroll>false</Style_VScroll>
		<Style_HScroll>false</Style_HScroll>
		<Style_Transparent>false</Style_Transparent>
		<TextColor>
			<R>255</R>
			<G>255</G>
			<B>255</B>
		</TextColor>
		<Template>BDT_Normal</Template>
	</Button>
	<Button item="PIW_Pet13_Button">
		<ScreenID>Pet13_Button</ScreenID>
		<RelativePosition>true</RelativePosition>
		<Location>
			<X>56</X>
			<Y>201</Y>
		</Location>
		<Size>
			<CX>54</CX>
			<CY>20</CY>
		</Size>
		<Style_Checkbox>true</Style_Checkbox>
		<Text>none</Text>
		<Style_VScroll>false</Style_VScroll>
		<Style_HScroll>false</Style_HScroll>
		<Style_Transparent>false</Style_Transparent>
		<TextColor>
			<R>255</R>
			<G>255</G>
			<B>255</B>
		</TextColor>
		<Template>BDT_Normal</Template>
	</Button>
	<TileLayoutBox item="PIW_Buttons">
		<RelativePosition>true</RelativePosition>
		<AutoStretch>true</AutoStretch>
		<BottomAnchorToTop>false</BottomAnchorToTop>
		<RightAnchorToLeft>false</RightAnchorToLeft>
		<Style_Transparent>true</Style_Transparent>
		<Spacing>0</Spacing>
		<SecondarySpacing>0</SecondarySpacing>
		<HorizontalFirst>false</HorizontalFirst>
		<AnchorToTop>true</AnchorToTop>
		<AnchorToLeft>true</AnchorToLeft>
		<FirstPieceTemplate>true</FirstPieceTemplate>
		<Pieces>PIW_PetBuff0_Button</Pieces>
		<Pieces>PIW_PetBuff1_Button</Pieces>
		<Pieces>PIW_PetBuff2_Button</Pieces>
		<Pieces>PIW_PetBuff3_Button</Pieces>
		<Pieces>PIW_PetBuff4_Button</Pieces>
		<Pieces>PIW_PetBuff5_Button</Pieces>
		<Pieces>PIW_PetBuff6_Button</Pieces>
		<Pieces>PIW_PetBuff7_Button</Pieces>
		<Pieces>PIW_PetBuff8_Button</Pieces>
		<Pieces>PIW_PetBuff9_Button</Pieces>
		<Pieces>PIW_PetBuff10_Button</Pieces>
		<Pieces>PIW_PetBuff11_Button</Pieces>
		<Pieces>PIW_PetBuff12_Button</Pieces>
		<Pieces>PIW_PetBuff13_Button</Pieces>
		<Pieces>PIW_PetBuff14_Button</Pieces>
		<Pieces>PIW_PetBuff15_Button</Pieces>
		<Pieces>PIW_PetBuff16_Button</Pieces>
		<Pieces>PIW_PetBuff17_Button</Pieces>
		<Pieces>PIW_PetBuff18_Button</Pieces>
		<Pieces>PIW_PetBuff19_Button</Pieces>
		<Pieces>PIW_PetBuff20_Button</Pieces>
		<Pieces>PIW_PetBuff21_Button</Pieces>
		<Pieces>PIW_PetBuff22_Button</Pieces>
		<Pieces>PIW_PetBuff23_Button</Pieces>
		<Pieces>PIW_PetBuff24_Button</Pieces>
		<Pieces>PIW_PetBuff25_Button</Pieces>
		<Pieces>PIW_PetBuff26_Button</Pieces>
		<Pieces>PIW_PetBuff27_Button</Pieces>
		<Pieces>PIW_PetBuff28_Button</Pieces>
		<Pieces>PIW_PetBuff29_Button</Pieces>
		<Pieces>PIW_PetBuff30_Button</Pieces>
		<Pieces>PIW_PetBuff31_Button</Pieces>
		<Pieces>PIW_PetBuff32_Button</Pieces>
		<Pieces>PIW_PetBuff33_Button</Pieces>
		<Pieces>PIW_PetBuff34_Button</Pieces>
		<Pieces>PIW_PetBuff35_Button</Pieces>
		<Pieces>PIW_PetBuff36_Button</Pieces>
		<Pieces>PIW_PetBuff37_Button</Pieces>
		<Pieces>PIW_PetBuff38_Button</Pieces>
		<Pieces>PIW_PetBuff39_Button</Pieces>
		<Pieces>PIW_PetBuff40_Button</Pieces>
		<Pieces>PIW_PetBuff41_Button</Pieces>
		<Pieces>PIW_PetBuff42_Button</Pieces>
		<Pieces>PIW_PetBuff43_Button</Pieces>
		<Pieces>PIW_PetBuff44_Button</Pieces>
		<Pieces>PIW_PetBuff45_Button</Pieces>
		<Pieces>PIW_PetBuff46_Button</Pieces>
		<Pieces>PIW_PetBuff47_Button</Pieces>
		<Pieces>PIW_PetBuff48_Button</Pieces>
		<Pieces>PIW_PetBuff49_Button</Pieces>
		<Pieces>PIW_PetBuff50_Button</Pieces>
		<Pieces>PIW_PetBuff51_Button</Pieces>
		<Pieces>PIW_PetBuff52_Button</Pieces>
		<Pieces>PIW_PetBuff53_Button</Pieces>
		<Pieces>PIW_PetBuff54_Button</Pieces>
		<Pieces>PIW_PetBuff55_Button</Pieces>
		<Pieces>PIW_PetBuff56_Button</Pieces>
		<Pieces>PIW_PetBuff57_Button</Pieces>
		<Pieces>PIW_PetBuff58_Button</Pieces>
		<Pieces>PIW_PetBuff59_Button</Pieces>
		<Pieces>PIW_PetBuff60_Button</Pieces>
		<Pieces>PIW_PetBuff61_Button</Pieces>
		<Pieces>PIW_PetBuff62_Button</Pieces>
		<Pieces>PIW_PetBuff63_Button</Pieces>
		<Pieces>PIW_PetBuff64_Button</Pieces>
		<Pieces>PIW_PetBuff65_Button</Pieces>
		<Pieces>PIW_PetBuff66_Button</Pieces>
		<Pieces>PIW_PetBuff67_Button</Pieces>
		<Pieces>PIW_PetBuff68_Button</Pieces>
		<Pieces>PIW_PetBuff69_Button</Pieces>
		<Pieces>PIW_PetBuff70_Button</Pieces>
		<Pieces>PIW_PetBuff71_Button</Pieces>
		<Pieces>PIW_PetBuff72_Button</Pieces>
		<Pieces>PIW_PetBuff73_Button</Pieces>
		<Pieces>PIW_PetBuff74_Button</Pieces>
		<Pieces>PIW_PetBuff75_Button</Pieces>
		<Pieces>PIW_PetBuff76_Button</Pieces>
		<Pieces>PIW_PetBuff77_Button</Pieces>
		<Pieces>PIW_PetBuff78_Button</Pieces>
		<Pieces>PIW_PetBuff79_Button</Pieces>
		<Pieces>PIW_PetBuff80_Button</Pieces>
		<Pieces>PIW_PetBuff81_Button</Pieces>
		<Pieces>PIW_PetBuff82_Button</Pieces>
		<Pieces>PIW_PetBuff83_Button</Pieces>
		<Pieces>PIW_PetBuff84_Button</Pieces>
	</TileLayoutBox>
	<Screen item="PIW_BuffWindow">
		<ScreenID>BuffWindow</ScreenID>
		<RelativePosition>true</RelativePosition>
		<AutoStretch>true</AutoStretch>
		<LeftAnchorOffset>112</LeftAnchorOffset>
		<TopAnchorOffset>4</TopAnchorOffset>
		<RightAnchorOffset>4</RightAnchorOffset>
		<BottomAnchorOffset>4</BottomAnchorOffset>
		<TopAnchorToTop>true</TopAnchorToTop>
		<BottomAnchorToTop>false</BottomAnchorToTop>
		<RightAnchorToLeft>false</RightAnchorToLeft>
		<LeftAnchorToLeft>true</LeftAnchorToLeft>
		<Style_VScroll>false</Style_VScroll>
		<Style_HScroll>false</Style_HScroll>
		<Style_Transparent>false</Style_Transparent>
		<TooltipReference>Buffs on your pet will show here</TooltipReference>
		<DrawTemplate>WDT_Inner</DrawTemplate>
		<Style_Titlebar>false</Style_Titlebar>
		<Style_Closebox>false</Style_Closebox>
		<Style_Minimizebox>false</Style_Minimizebox>
		<Style_Border>true</Style_Border>
		<Style_Sizable>false</Style_Sizable>
		<Pieces>TileLayoutBox:PIW_Buttons</Pieces>
	</Screen>

	<Screen item="PetInfoWindow">
		<RelativePosition>false</RelativePosition>
		<Location>
			<X>50</X>
			<Y>160</Y>
		</Location>
		<Size>
			<CX>154</CX>
			<CY>192</CY>
		</Size>
		<MinHSize>112</MinHSize>
		<MinVSize>30</MinVSize>
		<Style_VScroll>false</Style_VScroll>
		<Style_HScroll>false</Style_HScroll>
		<Style_Transparent>false</Style_Transparent>
		<Text>Pet Info</Text>
		<DrawTemplate>WDT_Rounded</DrawTemplate>
		<Style_Titlebar>true</Style_Titlebar>
		<Style_Qmarkbox>true</Style_Qmarkbox>
		<Style_Closebox>true</Style_Closebox>
		<Style_Minimizebox>true</Style_Minimizebox>
		<Style_Border>true</Style_Border>
		<Style_Sizable>true</Style_Sizable>
		<Escapable>false</Escapable>
		<Pieces>PIW_PlayerExpGauge</Pieces>
		<Pieces>PIW_Player_Level</Pieces>
		<Pieces>PIW_Player_Exp</Pieces>
		<Pieces>PIW_Player_Exp_Percent_Label</Pieces>
		<Pieces>PIW_Player_AltExpGauge</Pieces>
		<Pieces>PIW_Player_AAExp</Pieces>
		<Pieces>PIW_UnspentAA_Label</Pieces>
		<Pieces>PIW_UnspentAA_Total</Pieces>
		<Pieces>PIW_Player_AAExp_Percent</Pieces>
		<Pieces>PIW_PetHPGauge</Pieces>
		<Pieces>PIW_PetTargetHPGauge</Pieces>
		<Pieces>PIW_Pet0_Button</Pieces>
		<Pieces>PIW_Pet1_Button</Pieces>
		<Pieces>PIW_Pet2_Button</Pieces>
		<Pieces>PIW_Pet3_Button</Pieces>
		<Pieces>PIW_Pet4_Button</Pieces>
		<Pieces>PIW_Pet5_Button</Pieces>
		<Pieces>PIW_Pet6_Button</Pieces>
		<Pieces>PIW_Pet7_Button</Pieces>
		<Pieces>PIW_Pet8_Button</Pieces>
		<Pieces>PIW_Pet9_Button</Pieces>
		<!--<Pieces>PIW_Pet10_Button</Pieces>
		<Pieces>PIW_Pet11_Button</Pieces>
		<Pieces>PIW_Pet12_Button</Pieces>		
		<Pieces>PIW_Pet13_Button</Pieces>-->	
		<Pieces>PIW_BuffWindow</Pieces>
	</Screen>
</XML>