<?xml version="1.0" encoding="us-ascii"?>
<XML ID="EQInterfaceDefinitionLanguage">
  <Schema xmlns="EverQuestData" xmlns:dt="EverQuestDataTypes" />
  <InvSlot item="PW_PotionSlot0_Button">
    <ScreenID>PotionSlot0</ScreenID>
    <!--<Font>3</Font>-->
    <RelativePosition>true</RelativePosition>
    <Location>
      <X>0</X>
      <Y>0</Y>
    </Location>
    <Size>
      <CX>34</CX>
      <CY>34</CY>
    </Size>
    <Style_VScroll>false</Style_VScroll>
    <Style_HScroll>false</Style_HScroll>
    <Style_Transparent>false</Style_Transparent>
    <Style_Checkbox>false</Style_Checkbox>
    <Background>A_InvPrimary</Background>
    <ButtonDrawTemplate>
      <Normal>A_RecessedBox</Normal>
    </ButtonDrawTemplate>
    <DecalOffset>
      <X>2</X>
      <Y>2</Y>
    </DecalOffset>
    <DecalSize>
      <CX>30</CX>
      <CY>30</CY>
    </DecalSize>
    <Font>2</Font>
    <EQType>inventory/Equip 13</EQType>
  </InvSlot>
<InvSlot item="PW_PotionSlot1_Button">
    <ScreenID>PotionSlot1</ScreenID>
    <RelativePosition>true</RelativePosition>
    <Location>
      <X>34</X>
      <Y>0</Y>
    </Location>
    <Size>
      <CX>34</CX>
      <CY>34</CY>
    </Size>
    <Style_VScroll>false</Style_VScroll>
    <Style_HScroll>false</Style_HScroll>
    <Style_Transparent>false</Style_Transparent>
    <Style_Checkbox>false</Style_Checkbox>
    <RadioGroup />
    <Background>A_RecessedBox</Background>
    <ButtonDrawTemplate>
      <Normal>A_RecessedBox</Normal>
    </ButtonDrawTemplate>
    <DecalOffset>
      <X>2</X>
      <Y>2</Y>
    </DecalOffset>
    <DecalSize>
      <CX>30</CX>
      <CY>30</CY>
    </DecalSize>
    <Font>2</Font>
    <EQType>inventory/Equip 32/0</EQType>
  </InvSlot>
  <InvSlot item="PW_PotionSlot2_Button">
    <ScreenID>PotionSlot2</ScreenID>
    <RelativePosition>true</RelativePosition>
    <Location>
      <X>68</X>
      <Y>0</Y>
    </Location>
    <Size>
      <CX>34</CX>
      <CY>34</CY>
    </Size>
    <Style_VScroll>false</Style_VScroll>
    <Style_HScroll>false</Style_HScroll>
    <Style_Transparent>false</Style_Transparent>
    <Style_Checkbox>false</Style_Checkbox>
    <RadioGroup />
    <Background>A_RecessedBox</Background>
    <ButtonDrawTemplate>
      <Normal>A_RecessedBox</Normal>
    </ButtonDrawTemplate>
    <DecalOffset>
      <X>2</X>
      <Y>2</Y>
    </DecalOffset>
    <DecalSize>
      <CX>30</CX>
      <CY>30</CY>
    </DecalSize>
    <Font>2</Font>
    <EQType>inventory/Equip 32/2</EQType>
  </InvSlot>
  <InvSlot item="PW_PotionSlot3_Button">
    <ScreenID>PotionSlot3</ScreenID>
    <RelativePosition>true</RelativePosition>
    <Location>
      <X>102</X>
      <Y>0</Y>
    </Location>
    <Size>
      <CX>34</CX>
      <CY>34</CY>
    </Size>
    <Style_VScroll>false</Style_VScroll>
    <Style_HScroll>false</Style_HScroll>
    <Style_Transparent>false</Style_Transparent>
    <Style_Checkbox>false</Style_Checkbox>
    <RadioGroup />
    <Background>A_RecessedBox</Background>
    <ButtonDrawTemplate>
      <Normal>A_RecessedBox</Normal>
    </ButtonDrawTemplate>
    <DecalOffset>
      <X>2</X>
      <Y>2</Y>
    </DecalOffset>
    <DecalSize>
      <CX>30</CX>
      <CY>30</CY>
    </DecalSize>
    <Font>2</Font>
    <EQType>inventory/Equip 32/4</EQType>
  </InvSlot>
  <InvSlot item="PW_PotionSlot4_Button">
    <ScreenID>PotionSlot4</ScreenID>
    <RelativePosition>true</RelativePosition>
    <Location>
      <X>136</X>
      <Y>0</Y>
    </Location>
    <Size>
      <CX>34</CX>
      <CY>34</CY>
    </Size>
    <Style_VScroll>false</Style_VScroll>
    <Style_HScroll>false</Style_HScroll>
    <Style_Transparent>false</Style_Transparent>
    <Style_Checkbox>false</Style_Checkbox>
    <RadioGroup />
    <Background>A_RecessedBox</Background>
    <ButtonDrawTemplate>
      <Normal>A_RecessedBox</Normal>
    </ButtonDrawTemplate>
    <DecalOffset>
      <X>2</X>
      <Y>2</Y>
    </DecalOffset>
    <DecalSize>
      <CX>30</CX>
      <CY>30</CY>
    </DecalSize>
    <Font>2</Font>
		<EQType>inventory/Equip 32/6</EQType>
  </InvSlot>
  <InvSlot item="PW_PotionSlot5_Button">
    <ScreenID>PotionSlot5</ScreenID>
    <RelativePosition>true</RelativePosition>
    <Location>
      <X>170</X>
      <Y>0</Y>
    </Location>
    <Size>
      <CX>34</CX>
      <CY>34</CY>
    </Size>
    <Style_VScroll>false</Style_VScroll>
    <Style_HScroll>false</Style_HScroll>
    <Style_Transparent>false</Style_Transparent>
    <Style_Checkbox>false</Style_Checkbox>
    <RadioGroup />
    <Background>A_RecessedBox</Background>
    <ButtonDrawTemplate>
      <Normal>A_RecessedBox</Normal>
    </ButtonDrawTemplate>
    <DecalOffset>
      <X>2</X>
      <Y>2</Y>
    </DecalOffset>
    <DecalSize>
      <CX>30</CX>
      <CY>30</CY>
    </DecalSize>
    <Font>2</Font>
		<EQType>inventory/Equip 32/8</EQType>
  </InvSlot>
  <InvSlot item="PW_PotionSlot6_Button">
    <ScreenID>PotionSlot6</ScreenID>
    <RelativePosition>true</RelativePosition>
    <Location>
      <X>204</X>
      <Y>0</Y>
    </Location>
    <Size>
      <CX>34</CX>
      <CY>34</CY>
    </Size>
    <Style_VScroll>false</Style_VScroll>
    <Style_HScroll>false</Style_HScroll>
    <Style_Transparent>false</Style_Transparent>
    <Style_Checkbox>false</Style_Checkbox>
    <RadioGroup />
    <Background>A_RecessedBox</Background>
    <ButtonDrawTemplate>
      <Normal>A_RecessedBox</Normal>
    </ButtonDrawTemplate>
    <DecalOffset>
      <X>2</X>
      <Y>2</Y>
    </DecalOffset>
    <DecalSize>
      <CX>30</CX>
      <CY>30</CY>
    </DecalSize>
    <Font>2</Font>
		<EQType>inventory/Equip 32/10</EQType>
  </InvSlot>
  <InvSlot item="PW_PotionSlot7_Button">
    <ScreenID>PotionSlot7</ScreenID>
    <RelativePosition>true</RelativePosition>
    <Location>
      <X>238</X>
      <Y>0</Y>
    </Location>
    <Size>
      <CX>34</CX>
      <CY>34</CY>
    </Size>
    <Style_VScroll>false</Style_VScroll>
    <Style_HScroll>false</Style_HScroll>
    <Style_Transparent>false</Style_Transparent>
    <Style_Checkbox>false</Style_Checkbox>
    <RadioGroup />
    <Background>A_RecessedBox</Background>
    <ButtonDrawTemplate>
      <Normal>A_RecessedBox</Normal>
    </ButtonDrawTemplate>
    <DecalOffset>
      <X>2</X>
      <Y>2</Y>
    </DecalOffset>
    <DecalSize>
      <CX>30</CX>
      <CY>30</CY>
    </DecalSize>
    <Font>2</Font>
		<EQType>inventory/Equip 32/12</EQType>
  </InvSlot>
  <InvSlot item="PW_PotionSlot8_Button">
    <ScreenID>PotionSlot8</ScreenID>
    <!--<Font>3</Font>-->
    <RelativePosition>true</RelativePosition>
    <Location>
      <X>0</X>
      <Y>35</Y>
    </Location>
    <Size>
      <CX>34</CX>
      <CY>34</CY>
    </Size>
    <Style_VScroll>false</Style_VScroll>
    <Style_HScroll>false</Style_HScroll>
    <Style_Transparent>false</Style_Transparent>
    <Style_Checkbox>false</Style_Checkbox>
    <Background>A_InvSecondary</Background>
    <ButtonDrawTemplate>
      <Normal>A_RecessedBox</Normal>
    </ButtonDrawTemplate>
    <DecalOffset>
      <X>2</X>
      <Y>2</Y>
    </DecalOffset>
    <DecalSize>
      <CX>30</CX>
      <CY>30</CY>
    </DecalSize>
    <Font>2</Font>
    <EQType>inventory/Equip 14</EQType>
  </InvSlot>
  <InvSlot item="PW_PotionSlot9_Button">
    <ScreenID>PotionSlot9</ScreenID>
    <RelativePosition>true</RelativePosition>
    <Location>
      <X>34</X>
      <Y>35</Y>
    </Location>
    <Size>
      <CX>34</CX>
      <CY>34</CY>
    </Size>
    <Style_VScroll>false</Style_VScroll>
    <Style_HScroll>false</Style_HScroll>
    <Style_Transparent>false</Style_Transparent>
    <Style_Checkbox>false</Style_Checkbox>
    <RadioGroup />
    <Background>A_RecessedBox</Background>
    <ButtonDrawTemplate>
      <Normal>A_RecessedBox</Normal>
    </ButtonDrawTemplate>
    <DecalOffset>
      <X>2</X>
      <Y>2</Y>
    </DecalOffset>
    <DecalSize>
      <CX>30</CX>
      <CY>30</CY>
    </DecalSize>
    <Font>2</Font>
    <EQType>inventory/Equip 11</EQType>
  </InvSlot>
  <InvSlot item="PW_PotionSlot10_Button">
    <ScreenID>PotionSlot10</ScreenID>
    <RelativePosition>true</RelativePosition>
    <Location>
      <X>68</X>
      <Y>35</Y>
    </Location>
    <Size>
      <CX>34</CX>
      <CY>34</CY>
    </Size>
    <Style_VScroll>false</Style_VScroll>
    <Style_HScroll>false</Style_HScroll>
    <Style_Transparent>false</Style_Transparent>
    <Style_Checkbox>false</Style_Checkbox>
    <RadioGroup />
    <Background>A_RecessedBox</Background>
    <ButtonDrawTemplate>
      <Normal>A_RecessedBox</Normal>
    </ButtonDrawTemplate>
    <DecalOffset>
      <X>2</X>
      <Y>2</Y>
    </DecalOffset>
    <DecalSize>
      <CX>30</CX>
      <CY>30</CY>
    </DecalSize>
    <Font>2</Font>
    <EQType>inventory/Equip 32/3</EQType>
  </InvSlot>
  <InvSlot item="PW_PotionSlot11_Button">
    <ScreenID>PotionSlot11</ScreenID>
    <RelativePosition>true</RelativePosition>
    <Location>
      <X>102</X>
      <Y>35</Y>
    </Location>
    <Size>
      <CX>34</CX>
      <CY>34</CY>
    </Size>
    <Style_VScroll>false</Style_VScroll>
    <Style_HScroll>false</Style_HScroll>
    <Style_Transparent>false</Style_Transparent>
    <Style_Checkbox>false</Style_Checkbox>
    <RadioGroup />
    <Background>A_RecessedBox</Background>
    <ButtonDrawTemplate>
      <Normal>A_RecessedBox</Normal>
    </ButtonDrawTemplate>
    <DecalOffset>
      <X>2</X>
      <Y>2</Y>
    </DecalOffset>
    <DecalSize>
      <CX>30</CX>
      <CY>30</CY>
    </DecalSize>
    <Font>2</Font>
    <EQType>inventory/Equip 32/5</EQType>
  </InvSlot>
  <InvSlot item="PW_PotionSlot12_Button">
    <ScreenID>PotionSlot12</ScreenID>
    <RelativePosition>true</RelativePosition>
    <Location>
      <X>136</X>
      <Y>35</Y>
    </Location>
    <Size>
      <CX>34</CX>
      <CY>34</CY>
    </Size>
    <Style_VScroll>false</Style_VScroll>
    <Style_HScroll>false</Style_HScroll>
    <Style_Transparent>false</Style_Transparent>
    <Style_Checkbox>false</Style_Checkbox>
    <RadioGroup />
    <Background>A_RecessedBox</Background>
    <ButtonDrawTemplate>
      <Normal>A_RecessedBox</Normal>
    </ButtonDrawTemplate>
    <DecalOffset>
      <X>2</X>
      <Y>2</Y>
    </DecalOffset>
    <DecalSize>
      <CX>30</CX>
      <CY>30</CY>
    </DecalSize>
    <Font>2</Font>
		<EQType>inventory/Equip 32/7</EQType>
  </InvSlot>
  <InvSlot item="PW_PotionSlot13_Button">
    <ScreenID>PotionSlot13</ScreenID>
    <RelativePosition>true</RelativePosition>
    <Location>
      <X>170</X>
      <Y>35</Y>
    </Location>
    <Size>
      <CX>34</CX>
      <CY>34</CY>
    </Size>
    <Style_VScroll>false</Style_VScroll>
    <Style_HScroll>false</Style_HScroll>
    <Style_Transparent>false</Style_Transparent>
    <Style_Checkbox>false</Style_Checkbox>
    <RadioGroup />
    <Background>A_RecessedBox</Background>
    <ButtonDrawTemplate>
      <Normal>A_RecessedBox</Normal>
    </ButtonDrawTemplate>
    <DecalOffset>
      <X>2</X>
      <Y>2</Y>
    </DecalOffset>
    <DecalSize>
      <CX>30</CX>
      <CY>30</CY>
    </DecalSize>
    <Font>2</Font>
		<EQType>inventory/Equip 32/9</EQType>
  </InvSlot>
  <InvSlot item="PW_PotionSlot14_Button">
    <ScreenID>PotionSlot14</ScreenID>
    <RelativePosition>true</RelativePosition>
    <Location>
      <X>204</X>
      <Y>35</Y>
    </Location>
    <Size>
      <CX>34</CX>
      <CY>34</CY>
    </Size>
    <Style_VScroll>false</Style_VScroll>
    <Style_HScroll>false</Style_HScroll>
    <Style_Transparent>false</Style_Transparent>
    <Style_Checkbox>false</Style_Checkbox>
    <RadioGroup />
    <Background>A_RecessedBox</Background>
    <ButtonDrawTemplate>
      <Normal>A_RecessedBox</Normal>
    </ButtonDrawTemplate>
    <DecalOffset>
      <X>2</X>
      <Y>2</Y>
    </DecalOffset>
    <DecalSize>
      <CX>30</CX>
      <CY>30</CY>
    </DecalSize>
    <Font>2</Font>
		<EQType>inventory/Equip 32/11</EQType>
  </InvSlot>
  <InvSlot item="PW_PotionSlot15_Button">
    <ScreenID>PotionSlot15</ScreenID>
    <RelativePosition>true</RelativePosition>
    <Location>
      <X>238</X>
      <Y>35</Y>
    </Location>
    <Size>
      <CX>34</CX>
      <CY>34</CY>
    </Size>
    <Style_VScroll>false</Style_VScroll>
    <Style_HScroll>false</Style_HScroll>
    <Style_Transparent>false</Style_Transparent>
    <Style_Checkbox>false</Style_Checkbox>
    <RadioGroup />
    <Background>A_RecessedBox</Background>
    <ButtonDrawTemplate>
      <Normal>A_RecessedBox</Normal>
    </ButtonDrawTemplate>
    <DecalOffset>
      <X>2</X>
      <Y>2</Y>
    </DecalOffset>
    <DecalSize>
      <CX>30</CX>
      <CY>30</CY>
    </DecalSize>
    <Font>2</Font>
		<EQType>inventory/Equip 32/13</EQType>
  </InvSlot>
  <Screen item="PotionBeltWnd">
    <!--<ScreenID/>-->
    <Text>Potion Belt</Text>
    <RelativePosition>false</RelativePosition>
    <Location>
      <X>200</X>
      <Y>200</Y>
    </Location>
    <Size>
      <CX>282</CX>
      <CY>78</CY>
    </Size>
    <Style_VScroll>false</Style_VScroll>
    <Style_HScroll>false</Style_HScroll>
    <Style_Transparent>false</Style_Transparent>
    <DrawTemplate>WDT_RoundedNoTitle</DrawTemplate>
    <Style_Titlebar>False</Style_Titlebar>
    <Style_Closebox>False</Style_Closebox>
    <Style_Minimizebox>False</Style_Minimizebox>
    <Style_Border>true</Style_Border>
    <Style_Sizable>True</Style_Sizable>
    <Pieces>PW_PotionSlot0_Button</Pieces>
    <Pieces>PW_PotionSlot1_Button</Pieces>
    <Pieces>PW_PotionSlot2_Button</Pieces>
    <Pieces>PW_PotionSlot3_Button</Pieces>
    <Pieces>PW_PotionSlot4_Button</Pieces>
    <Pieces>PW_PotionSlot5_Button</Pieces>
    <Pieces>PW_PotionSlot6_Button</Pieces>
    <Pieces>PW_PotionSlot7_Button</Pieces>
    <Pieces>PW_PotionSlot8_Button</Pieces>
    <Pieces>PW_PotionSlot9_Button</Pieces>
    <Pieces>PW_PotionSlot10_Button</Pieces>
    <Pieces>PW_PotionSlot11_Button</Pieces>
	<Pieces>PW_PotionSlot12_Button</Pieces>
    <Pieces>PW_PotionSlot13_Button</Pieces>
    <Pieces>PW_PotionSlot14_Button</Pieces>
    <Pieces>PW_PotionSlot15_Button</Pieces>
    <Font>2</Font>
  </Screen>
</XML>
